{
  "best_adapt_macro_f1": 0.1855921855921856,
  "best_adapt_task_margin": -4.350018102614606,
  "best_adapt_task_score": 0.3114754098360656,
  "checkpoint_path": "/root/autodl-tmp/runs/verify/tl-poc-fever-qwen25/tl-h1-k4/phase2-selected/pilot-I-shuffle/snapshot_evals/step_0012/checkpoint.pt",
  "dominant_label_fraction": 0.9836065573770492,
  "label_recall_by_class": {
    "NOT_ENOUGH_INFO": 0.0,
    "REFUTES": 0.05,
    "SUPPORTS": 1.0
  },
  "memory_long_l2": 117.7270736694336,
  "memory_long_slot_norm_max": 41.62279510498047,
  "memory_long_slot_norm_mean": 41.62279510498047,
  "memory_long_slot_norm_std": 3.303624680484063e-06,
  "memory_long_slots": 8.0,
  "memory_short_l2": 78.40458191418257,
  "memory_short_pairwise_cosine_mean": 0.9998357579356334,
  "memory_short_slot_norm_max": 39.2023006501745,
  "memory_short_slot_norm_mean": 39.20229108216333,
  "memory_short_slot_norm_std": 7.6093021084861755e-06,
  "memory_short_slots": 4.0,
  "pilot_arm_alias": "I_shuffle",
  "pilot_fuser_short_slots": 4.0,
  "pilot_memory_path_variant": "two_level",
  "pilot_projector_token_source": "short_slots",
  "pilot_reader_context_mode": "prompt_summary",
  "pilot_reader_num_queries": 1.0,
  "pilot_support_encoder_mode": "structured_support_set",
  "prefix_artifact_stats": {
    "active_prefix_layers": [
      0.0,
      7.0,
      14.0,
      21.0,
      27.0
    ],
    "layer_hidden_l2_by_layer": {
      "0": 31.90178114468934,
      "14": 31.81894624428671,
      "21": 31.991263874241564,
      "27": 32.89160987979076,
      "7": 32.84182751765017
    },
    "layer_key_l2_by_layer": {
      "0": 2202.1346775742827,
      "14": 66.5821355600826,
      "21": 47.64776236112,
      "27": 52.5166717904513,
      "7": 101.00398917276351
    },
    "layer_slot_norm_max_by_layer": {
      "0": 15.962735348060482,
      "14": 15.920856022443928,
      "21": 16.00752317710001,
      "27": 16.457786528790585,
      "7": 16.43314793070809
    },
    "layer_slot_norm_mean_by_layer": {
      "0": 15.95095278005131,
      "14": 15.909471261696737,
      "21": 15.9956744928829,
      "27": 16.44580519003946,
      "7": 16.42090600435851
    },
    "layer_slot_norm_std_by_layer": {
      "0": 0.006896754902344746,
      "14": 0.006709439618909945,
      "21": 0.006913598260430039,
      "27": 0.007130857099030838,
      "7": 0.007213280872121209
    },
    "layer_value_l2_by_layer": {
      "0": 13.407119125616354,
      "14": 47.20361640805104,
      "21": 51.97626545390145,
      "27": 146.42907464699667,
      "7": 24.938853185684955
    },
    "memory_long_l2": 117.7270736694336,
    "memory_long_slot_norm_max": 41.62279510498047,
    "memory_long_slot_norm_mean": 41.62279510498047,
    "memory_long_slot_norm_std": 3.303624680484063e-06,
    "memory_long_slots": 8.0,
    "memory_short_l2": 78.40458191418257,
    "memory_short_pairwise_cosine_mean": 0.9998357579356334,
    "memory_short_slot_norm_max": 39.2023006501745,
    "memory_short_slot_norm_mean": 39.20229108216333,
    "memory_short_slot_norm_std": 7.6093021084861755e-06,
    "memory_short_slots": 4.0,
    "pilot_injection_mode": "sparse_deep_prefix",
    "pilot_memory_path_variant": "two_level",
    "pilot_projector_token_source": "short_slots",
    "pilot_support_encoder_mode": "structured_support_set",
    "prefix_l2": 72.2084975946145,
    "prefix_slot_norm_max": 16.457910318843656,
    "prefix_slot_norm_mean": 16.144561830114146,
    "prefix_slot_norm_std": 0.23765369272622905,
    "prefix_tokens": 4.0,
    "reader_attention_entropy_max": 2.079441547393799,
    "reader_attention_entropy_mean": 2.079441547393799,
    "reader_attention_entropy_min": 2.079441547393799,
    "reader_attention_pairwise_cosine_mean": 0.0,
    "reader_num_queries": 1.0,
    "reader_query_entropy_by_query": [
      2.079441547393799
    ],
    "reader_slot_count": 8.0,
    "reader_slot_coverage_fraction": 0.13114754098360656,
    "support_item_count": 6.0,
    "support_item_hidden_l2": 96.10247039794922,
    "support_item_hidden_norm_max": 39.23518753051758,
    "support_item_hidden_norm_mean": 39.23366928100586,
    "support_item_hidden_norm_std": 0.0015847798204049468,
    "writer_memory_l2": 117.7270736694336,
    "writer_slot_norm_max": 41.62279510498047,
    "writer_slot_norm_mean": 41.62279510498047,
    "writer_slot_norm_std": 3.303624680484063e-06
  },
  "prefix_l2": 72.2084975946145,
  "prefix_slot_norm_max": 16.457910318843656,
  "prefix_slot_norm_mean": 16.144561830114146,
  "prefix_slot_norm_std": 0.23765369272622905,
  "prefix_tokens": 4,
  "prompt_variant": "answer_slot_labels",
  "reader_attention_entropy_max": 2.079441547393799,
  "reader_attention_entropy_mean": 2.079441547393799,
  "reader_attention_entropy_min": 2.079441547393799,
  "reader_attention_pairwise_cosine_mean": 0.0,
  "reader_num_queries": 1.0,
  "reader_slot_count": 8.0,
  "reader_slot_coverage_fraction": 0.13114754098360656,
  "shared_injection_arm": "injected",
  "step": 12,
  "support_item_count": 6.0,
  "support_item_hidden_l2": 96.10247039794922,
  "support_item_hidden_norm_max": 39.23518753051758,
  "support_item_hidden_norm_mean": 39.23366928100586,
  "support_item_hidden_norm_std": 0.0015847798204049468,
  "support_serialization_variant": "triad_curated6",
  "support_text_block_chars": 1415,
  "task_case_dump_path": "/root/autodl-tmp/runs/verify/tl-poc-fever-qwen25/tl-h1-k4/phase2-selected/pilot-I-shuffle/snapshot_evals/step_0012/task_case_dump.jsonl",
  "task_case_dump_rows": 61,
  "training_stage": "shared_injection_snapshot_eval",
  "writer_memory_control": "shuffled",
  "writer_memory_l2": 117.7270736694336,
  "writer_slot_norm_max": 41.62279510498047,
  "writer_slot_norm_mean": 41.62279510498047,
  "writer_slot_norm_std": 3.303624680484063e-06
}