{
  "device": "cuda",
  "event_name": "train",
  "examples": 224,
  "peak_device_memory_bytes": 26665058816,
  "peak_device_memory_mib": 25429.781738,
  "peak_rss_kb": 6159260,
  "token_count": 1707465,
  "tokens_per_sec": 7484.035291,
  "wall_time_sec": 228.147641
}