{
  "best_adapt_macro_f1": 0.429567382508559,
  "best_adapt_task_margin": -0.11233401689373079,
  "best_adapt_task_score": 0.4426229508196721,
  "checkpoint_path": "/root/autodl-tmp/runs/verify/tl-poc-fever-qwen25/tl-h4-k4/phase2-selected/pilot-I-real/snapshot_evals/step_0000/checkpoint.pt",
  "dominant_label_fraction": 0.5409836065573771,
  "label_recall_by_class": {
    "NOT_ENOUGH_INFO": 0.4782608695652174,
    "REFUTES": 0.1,
    "SUPPORTS": 0.7777777777777778
  },
  "memory_long_l2": 117.72467803955078,
  "memory_long_slot_norm_max": 41.62196350097656,
  "memory_long_slot_norm_mean": 41.62196350097656,
  "memory_long_slot_norm_std": 0.0,
  "memory_long_slots": 8.0,
  "memory_short_l2": 78.38320985387583,
  "memory_short_pairwise_cosine_mean": 0.999520305727349,
  "memory_short_slot_norm_max": 39.191607428378745,
  "memory_short_slot_norm_mean": 39.19160511454598,
  "memory_short_slot_norm_std": 2.764204043801254e-06,
  "memory_short_slots": 4.0,
  "pilot_arm_alias": "I_real",
  "pilot_fuser_short_slots": 4.0,
  "pilot_memory_path_variant": "two_level",
  "pilot_projector_token_source": "short_slots",
  "pilot_reader_context_mode": "prompt_summary",
  "pilot_reader_num_queries": 4.0,
  "pilot_support_encoder_mode": "structured_support_set",
  "prefix_artifact_stats": {
    "active_prefix_layers": [
      0.0,
      7.0,
      14.0,
      21.0,
      27.0
    ],
    "layer_hidden_l2_by_layer": {
      "0": 2.6455841025368114,
      "14": 2.554212456843892,
      "21": 2.615494176989696,
      "27": 2.6167935308862904,
      "7": 2.6751175513033005
    },
    "layer_key_l2_by_layer": {
      "0": 2203.396828573258,
      "14": 60.10922447579806,
      "21": 41.97604757840516,
      "27": 57.20645004022317,
      "7": 102.98977423495934
    },
    "layer_slot_norm_max_by_layer": {
      "0": 1.359044436548577,
      "14": 1.3097590012628524,
      "21": 1.340215202237739,
      "27": 1.3421031471158638,
      "7": 1.3710762965874594
    },
    "layer_slot_norm_mean_by_layer": {
      "0": 1.3225835581294825,
      "14": 1.2769157544511263,
      "21": 1.3075748017576874,
      "27": 1.3082113832723898,
      "7": 1.337359926739677
    },
    "layer_slot_norm_std_by_layer": {
      "0": 0.023585860785402236,
      "14": 0.02149007304525766,
      "21": 0.021372932146807185,
      "27": 0.02206683998591587,
      "7": 0.02258897368170199
    },
    "layer_value_l2_by_layer": {
      "0": 11.797309828586267,
      "14": 47.03594720559042,
      "21": 50.55020460535268,
      "27": 147.37411398965804,
      "7": 24.596013678879036
    },
    "memory_long_l2": 117.72467803955078,
    "memory_long_slot_norm_max": 41.62196350097656,
    "memory_long_slot_norm_mean": 41.62196350097656,
    "memory_long_slot_norm_std": 0.0,
    "memory_long_slots": 8.0,
    "memory_short_l2": 78.38320985387583,
    "memory_short_pairwise_cosine_mean": 0.999520305727349,
    "memory_short_slot_norm_max": 39.191607428378745,
    "memory_short_slot_norm_mean": 39.19160511454598,
    "memory_short_slot_norm_std": 2.764204043801254e-06,
    "memory_short_slots": 4.0,
    "pilot_injection_mode": "sparse_deep_prefix",
    "pilot_memory_path_variant": "two_level",
    "pilot_projector_token_source": "short_slots",
    "pilot_support_encoder_mode": "structured_support_set",
    "prefix_l2": 5.862476294157935,
    "prefix_slot_norm_max": 1.3733920249782625,
    "prefix_slot_norm_mean": 1.3105290776393452,
    "prefix_slot_norm_std": 0.030637441172462997,
    "prefix_tokens": 4.0,
    "reader_attention_entropy_max": 2.079441547393799,
    "reader_attention_entropy_mean": 2.079441547393799,
    "reader_attention_entropy_min": 2.079441547393799,
    "reader_attention_pairwise_cosine_mean": 1.0,
    "reader_num_queries": 4.0,
    "reader_query_entropy_by_query": [
      2.079441547393799,
      2.079441547393799,
      2.079441547393799,
      2.079441547393799
    ],
    "reader_slot_count": 8.0,
    "reader_slot_coverage_fraction": 0.4016393442622951,
    "support_item_count": 6.0,
    "support_item_hidden_l2": 96.0983657836914,
    "support_item_hidden_norm_max": 39.233707427978516,
    "support_item_hidden_norm_mean": 39.23198699951172,
    "support_item_hidden_norm_std": 0.0013412327971309423,
    "writer_memory_l2": 117.72467803955078,
    "writer_slot_norm_max": 41.62196350097656,
    "writer_slot_norm_mean": 41.62196350097656,
    "writer_slot_norm_std": 0.0
  },
  "prefix_l2": 5.862476294157935,
  "prefix_slot_norm_max": 1.3733920249782625,
  "prefix_slot_norm_mean": 1.3105290776393452,
  "prefix_slot_norm_std": 0.030637441172462997,
  "prefix_tokens": 4,
  "prompt_variant": "answer_slot_labels",
  "reader_attention_entropy_max": 2.079441547393799,
  "reader_attention_entropy_mean": 2.079441547393799,
  "reader_attention_entropy_min": 2.079441547393799,
  "reader_attention_pairwise_cosine_mean": 1.0,
  "reader_num_queries": 4.0,
  "reader_slot_count": 8.0,
  "reader_slot_coverage_fraction": 0.4016393442622951,
  "shared_injection_arm": "injected",
  "step": 0,
  "support_item_count": 6.0,
  "support_item_hidden_l2": 96.0983657836914,
  "support_item_hidden_norm_max": 39.233707427978516,
  "support_item_hidden_norm_mean": 39.23198699951172,
  "support_item_hidden_norm_std": 0.0013412327971309423,
  "support_serialization_variant": "triad_curated6",
  "support_text_block_chars": 1301,
  "task_case_dump_path": "/root/autodl-tmp/runs/verify/tl-poc-fever-qwen25/tl-h4-k4/phase2-selected/pilot-I-real/snapshot_evals/step_0000/task_case_dump.jsonl",
  "task_case_dump_rows": 61,
  "training_stage": "shared_injection_snapshot_eval",
  "writer_memory_control": "real",
  "writer_memory_l2": 117.72467803955078,
  "writer_slot_norm_max": 41.62196350097656,
  "writer_slot_norm_mean": 41.62196350097656,
  "writer_slot_norm_std": 0.0
}