{
  "best_adapt_macro_f1": 0.1518987341772152,
  "best_adapt_task_margin": -1.86692078387151,
  "best_adapt_task_score": 0.29508196721311475,
  "checkpoint_path": "/root/autodl-tmp/runs/verify/tl-poc-fever-qwen25/tl-h4-k8/phase2-selected/pilot-I-shuffle/snapshot_evals/step_0000/checkpoint.pt",
  "dominant_label_fraction": 1.0,
  "label_recall_by_class": {
    "NOT_ENOUGH_INFO": 0.0,
    "REFUTES": 0.0,
    "SUPPORTS": 1.0
  },
  "memory_long_l2": 117.72469329833984,
  "memory_long_slot_norm_max": 41.62196731567383,
  "memory_long_slot_norm_mean": 41.62196731567383,
  "memory_long_slot_norm_std": 1.9073486328125e-06,
  "memory_long_slots": 8.0,
  "memory_short_l2": 110.85054453865426,
  "memory_short_pairwise_cosine_mean": 0.9994929696692795,
  "memory_short_slot_norm_max": 39.19158960561283,
  "memory_short_slot_norm_mean": 39.19158635373975,
  "memory_short_slot_norm_std": 3.1631309952228816e-06,
  "memory_short_slots": 8.0,
  "pilot_arm_alias": "I_shuffle",
  "pilot_fuser_short_slots": 8.0,
  "pilot_memory_path_variant": "two_level",
  "pilot_projector_token_source": "short_slots",
  "pilot_reader_context_mode": "prompt_summary",
  "pilot_reader_num_queries": 4.0,
  "pilot_support_encoder_mode": "structured_support_set",
  "prefix_artifact_stats": {
    "active_prefix_layers": [
      0.0,
      7.0,
      14.0,
      21.0,
      27.0
    ],
    "layer_hidden_l2_by_layer": {
      "0": 7.02220157717095,
      "14": 7.158140581162249,
      "21": 7.1766461622519575,
      "27": 7.254228802978015,
      "7": 7.301701788042412
    },
    "layer_key_l2_by_layer": {
      "0": 3116.8469398373463,
      "14": 92.16051308053439,
      "21": 56.41088223066486,
      "27": 69.07309635349962,
      "7": 144.95403602475025
    },
    "layer_slot_norm_max_by_layer": {
      "0": 2.5110803158556827,
      "14": 2.55854597638865,
      "21": 2.5628470631896474,
      "27": 2.5916380608668095,
      "7": 2.6082632815251583
    },
    "layer_slot_norm_mean_by_layer": {
      "0": 2.4826648235321045,
      "14": 2.5307333703900947,
      "21": 2.5372675520474792,
      "27": 2.5647157254766246,
      "7": 2.5814777788568715
    },
    "layer_slot_norm_std_by_layer": {
      "0": 0.017558376136861863,
      "14": 0.017556877959458553,
      "21": 0.017539467784713526,
      "27": 0.017648892965717394,
      "7": 0.017735376160164348
    },
    "layer_value_l2_by_layer": {
      "0": 18.33327190211562,
      "14": 63.21096939337058,
      "21": 65.9786524538134,
      "27": 209.24140579974065,
      "7": 30.77795575876705
    },
    "memory_long_l2": 117.72469329833984,
    "memory_long_slot_norm_max": 41.62196731567383,
    "memory_long_slot_norm_mean": 41.62196731567383,
    "memory_long_slot_norm_std": 1.9073486328125e-06,
    "memory_long_slots": 8.0,
    "memory_short_l2": 110.85054453865426,
    "memory_short_pairwise_cosine_mean": 0.9994929696692795,
    "memory_short_slot_norm_max": 39.19158960561283,
    "memory_short_slot_norm_mean": 39.19158635373975,
    "memory_short_slot_norm_std": 3.1631309952228816e-06,
    "memory_short_slots": 8.0,
    "pilot_injection_mode": "sparse_deep_prefix",
    "pilot_memory_path_variant": "two_level",
    "pilot_projector_token_source": "short_slots",
    "pilot_support_encoder_mode": "structured_support_set",
    "prefix_l2": 16.06230760793217,
    "prefix_slot_norm_max": 2.6091908822294143,
    "prefix_slot_norm_mean": 2.5393718578776374,
    "prefix_slot_norm_std": 0.038788397842254796,
    "prefix_tokens": 8.0,
    "reader_attention_entropy_max": 2.079441547393799,
    "reader_attention_entropy_mean": 2.079441547393799,
    "reader_attention_entropy_min": 2.079441547393799,
    "reader_attention_pairwise_cosine_mean": 1.0,
    "reader_num_queries": 4.0,
    "reader_query_entropy_by_query": [
      2.079441547393799,
      2.079441547393799,
      2.079441547393799,
      2.079441547393799
    ],
    "reader_slot_count": 8.0,
    "reader_slot_coverage_fraction": 0.4139344262295082,
    "support_item_count": 6.0,
    "support_item_hidden_l2": 96.09864044189453,
    "support_item_hidden_norm_max": 39.23369216918945,
    "support_item_hidden_norm_mean": 39.23210906982422,
    "support_item_hidden_norm_std": 0.001507753157056868,
    "writer_memory_l2": 117.72469329833984,
    "writer_slot_norm_max": 41.62196731567383,
    "writer_slot_norm_mean": 41.62196731567383,
    "writer_slot_norm_std": 1.9073486328125e-06
  },
  "prefix_l2": 16.06230760793217,
  "prefix_slot_norm_max": 2.6091908822294143,
  "prefix_slot_norm_mean": 2.5393718578776374,
  "prefix_slot_norm_std": 0.038788397842254796,
  "prefix_tokens": 8,
  "prompt_variant": "answer_slot_labels",
  "reader_attention_entropy_max": 2.079441547393799,
  "reader_attention_entropy_mean": 2.079441547393799,
  "reader_attention_entropy_min": 2.079441547393799,
  "reader_attention_pairwise_cosine_mean": 1.0,
  "reader_num_queries": 4.0,
  "reader_slot_count": 8.0,
  "reader_slot_coverage_fraction": 0.4139344262295082,
  "shared_injection_arm": "injected",
  "step": 0,
  "support_item_count": 6.0,
  "support_item_hidden_l2": 96.09864044189453,
  "support_item_hidden_norm_max": 39.23369216918945,
  "support_item_hidden_norm_mean": 39.23210906982422,
  "support_item_hidden_norm_std": 0.001507753157056868,
  "support_serialization_variant": "triad_curated6",
  "support_text_block_chars": 1415,
  "task_case_dump_path": "/root/autodl-tmp/runs/verify/tl-poc-fever-qwen25/tl-h4-k8/phase2-selected/pilot-I-shuffle/snapshot_evals/step_0000/task_case_dump.jsonl",
  "task_case_dump_rows": 61,
  "training_stage": "shared_injection_snapshot_eval",
  "writer_memory_control": "shuffled",
  "writer_memory_l2": 117.72469329833984,
  "writer_slot_norm_max": 41.62196731567383,
  "writer_slot_norm_mean": 41.62196731567383,
  "writer_slot_norm_std": 1.9073486328125e-06
}