{
  "best_adapt_macro_f1": 0.1518987341772152,
  "best_adapt_task_margin": -9.046863290130116,
  "best_adapt_task_score": 0.29508196721311475,
  "checkpoint_path": "/root/autodl-tmp/runs/verify/m4-fever-deep-prompt-recovery-qwen25/triad6/phase2-selected/pilot-I-real/snapshot_evals/step_0032/checkpoint.pt",
  "dominant_label_fraction": 1.0,
  "label_recall_by_class": {
    "NOT_ENOUGH_INFO": 0.0,
    "REFUTES": 0.0,
    "SUPPORTS": 1.0
  },
  "pilot_arm_alias": "I_real",
  "prefix_artifact_stats": {
    "active_prefix_layers": [
      0,
      7,
      14,
      21,
      27
    ],
    "layer_hidden_l2_by_layer": {
      "0": 85.85999298095703,
      "14": 85.87112426757812,
      "21": 85.85826110839844,
      "27": 85.84979248046875,
      "7": 85.86143493652344
    },
    "layer_key_l2_by_layer": {
      "0": 3135.28466796875,
      "14": 198.74868774414062,
      "21": 66.80631256103516,
      "27": 115.4990463256836,
      "7": 147.16903686523438
    },
    "layer_slot_norm_max_by_layer": {
      "0": 30.357864379882812,
      "14": 30.357866287231445,
      "21": 30.357866287231445,
      "27": 30.357864379882812,
      "7": 30.357864379882812
    },
    "layer_slot_norm_mean_by_layer": {
      "0": 30.357864379882812,
      "14": 30.357864379882812,
      "21": 30.357864379882812,
      "27": 30.357864379882812,
      "7": 30.357864379882812
    },
    "layer_slot_norm_std_by_layer": {
      "0": 0.0,
      "14": 1.5078915112098912e-06,
      "21": 1.3486991292666062e-06,
      "27": 0.0,
      "7": 0.0
    },
    "layer_value_l2_by_layer": {
      "0": 22.229129791259766,
      "14": 87.33692932128906,
      "21": 108.44365692138672,
      "27": 277.6863708496094,
      "7": 53.85770797729492
    },
    "pilot_injection_mode": "sparse_deep_prefix",
    "prefix_l2": 192.00003051757812,
    "prefix_slot_norm_max": 30.357866287231445,
    "prefix_slot_norm_mean": 30.357864379882812,
    "prefix_slot_norm_std": 9.047349180946185e-07,
    "prefix_tokens": 8.0,
    "writer_memory_l2": 117.74930572509766,
    "writer_slot_norm_max": 41.63066482543945,
    "writer_slot_norm_mean": 41.63066101074219,
    "writer_slot_norm_std": 2.336015541004599e-06
  },
  "prefix_l2": 192.00003051757812,
  "prefix_slot_norm_max": 30.357866287231445,
  "prefix_slot_norm_mean": 30.357864379882812,
  "prefix_slot_norm_std": 9.047349180946185e-07,
  "prefix_tokens": 8,
  "prompt_variant": "answer_slot_labels",
  "shared_injection_arm": "injected",
  "step": 32,
  "support_serialization_variant": "triad_curated6",
  "support_text_block_chars": 1548,
  "task_case_dump_path": "/root/autodl-tmp/runs/verify/m4-fever-deep-prompt-recovery-qwen25/triad6/phase2-selected/pilot-I-real/snapshot_evals/step_0032/task_case_dump.jsonl",
  "task_case_dump_rows": 61,
  "training_stage": "shared_injection_snapshot_eval",
  "writer_memory_control": "real",
  "writer_memory_l2": 117.74930572509766,
  "writer_slot_norm_max": 41.63066482543945,
  "writer_slot_norm_mean": 41.63066101074219,
  "writer_slot_norm_std": 2.336015541004599e-06
}