{
  "best_adapt_macro_f1": 0.1518987341772152,
  "best_adapt_task_margin": -3.4681330196193008,
  "best_adapt_task_score": 0.29508196721311475,
  "checkpoint_path": "/root/autodl-tmp/runs/verify/m5-fever-dense-teacher-qwen25/canonical-dense-teacher/phase2-selected/pilot-I-real/snapshot_evals/step_0024/checkpoint.pt",
  "dominant_label_fraction": 1.0,
  "label_recall_by_class": {
    "NOT_ENOUGH_INFO": 0.0,
    "REFUTES": 0.0,
    "SUPPORTS": 1.0
  },
  "pilot_arm_alias": "I_real",
  "pilot_support_encoder_mode": "structured_support_set",
  "prefix_artifact_stats": {
    "active_prefix_layers": [
      0,
      7,
      14,
      21,
      27
    ],
    "layer_hidden_l2_by_layer": {
      "0": 29.595687866210938,
      "14": 28.575721740722656,
      "21": 29.477649688720703,
      "27": 29.077146530151367,
      "7": 28.175800323486328
    },
    "layer_key_l2_by_layer": {
      "0": 3116.9833984375,
      "14": 92.14070129394531,
      "21": 58.82133102416992,
      "27": 78.25245666503906,
      "7": 151.60516357421875
    },
    "layer_slot_norm_max_by_layer": {
      "0": 10.462872505187988,
      "14": 10.10219955444336,
      "21": 10.422903060913086,
      "27": 10.280708312988281,
      "7": 9.961617469787598
    },
    "layer_slot_norm_mean_by_layer": {
      "0": 10.462871551513672,
      "14": 10.10219955444336,
      "21": 10.422904014587402,
      "27": 10.280708312988281,
      "7": 9.961617469787598
    },
    "layer_slot_norm_std_by_layer": {
      "0": 4.76837158203125e-07,
      "14": 3.3717478231665154e-07,
      "21": 9.5367431640625e-07,
      "27": 0.0,
      "7": 3.3717478231665154e-07
    },
    "layer_value_l2_by_layer": {
      "0": 21.493267059326172,
      "14": 75.70729064941406,
      "21": 77.37773895263672,
      "27": 223.6168670654297,
      "7": 41.90652847290039
    },
    "pilot_injection_mode": "sparse_deep_prefix",
    "pilot_support_encoder_mode": "structured_support_set",
    "prefix_l2": 64.81291198730469,
    "prefix_slot_norm_max": 10.462872505187988,
    "prefix_slot_norm_mean": 10.246058464050293,
    "prefix_slot_norm_std": 0.19030754268169403,
    "prefix_tokens": 8.0,
    "support_item_count": 6.0,
    "support_item_hidden_l2": 96.10014343261719,
    "support_item_hidden_norm_max": 39.23453903198242,
    "support_item_hidden_norm_mean": 39.23271942138672,
    "support_item_hidden_norm_std": 0.0013560260413214564,
    "writer_memory_l2": 117.72997283935547,
    "writer_slot_norm_max": 41.62382507324219,
    "writer_slot_norm_mean": 41.62382507324219,
    "writer_slot_norm_std": 0.0
  },
  "prefix_l2": 64.81291198730469,
  "prefix_slot_norm_max": 10.462872505187988,
  "prefix_slot_norm_mean": 10.246058464050293,
  "prefix_slot_norm_std": 0.19030754268169403,
  "prefix_tokens": 8,
  "prompt_variant": "answer_slot_labels",
  "shared_injection_arm": "injected",
  "step": 24,
  "support_item_count": 6.0,
  "support_item_hidden_l2": 96.10014343261719,
  "support_item_hidden_norm_max": 39.23453903198242,
  "support_item_hidden_norm_mean": 39.23271942138672,
  "support_item_hidden_norm_std": 0.0013560260413214564,
  "support_serialization_variant": "triad_curated6",
  "support_text_block_chars": 1301,
  "task_case_dump_path": "/root/autodl-tmp/runs/verify/m5-fever-dense-teacher-qwen25/canonical-dense-teacher/phase2-selected/pilot-I-real/snapshot_evals/step_0024/task_case_dump.jsonl",
  "task_case_dump_rows": 61,
  "training_stage": "shared_injection_snapshot_eval",
  "writer_memory_control": "real",
  "writer_memory_l2": 117.72997283935547,
  "writer_slot_norm_max": 41.62382507324219,
  "writer_slot_norm_mean": 41.62382507324219,
  "writer_slot_norm_std": 0.0
}