{
  "best_adapt_macro_f1": 0.1518987341772152,
  "best_adapt_task_margin": -3.778499493833448,
  "best_adapt_task_score": 0.29508196721311475,
  "checkpoint_path": "/root/autodl-tmp/runs/verify/m5-fever-writer-reasoner-alignment-qwen25/freeze-writer/phase2-selected/pilot-I-shuffle/snapshot_evals/step_0064/checkpoint.pt",
  "dominant_label_fraction": 1.0,
  "label_recall_by_class": {
    "NOT_ENOUGH_INFO": 0.0,
    "REFUTES": 0.0,
    "SUPPORTS": 1.0
  },
  "pilot_arm_alias": "I_shuffle",
  "pilot_support_encoder_mode": "structured_support_set",
  "prefix_artifact_stats": {
    "active_prefix_layers": [
      0,
      7,
      14,
      21,
      27
    ],
    "layer_hidden_l2_by_layer": {
      "0": 33.253440856933594,
      "14": 32.69309997558594,
      "21": 33.98013687133789,
      "27": 34.523502349853516,
      "7": 32.346004486083984
    },
    "layer_key_l2_by_layer": {
      "0": 3115.186279296875,
      "14": 96.58331298828125,
      "21": 63.86794662475586,
      "27": 88.89012145996094,
      "7": 150.4278106689453
    },
    "layer_slot_norm_max_by_layer": {
      "0": 11.755876541137695,
      "14": 11.558685302734375,
      "21": 12.014609336853027,
      "27": 12.205425262451172,
      "7": 11.435437202453613
    },
    "layer_slot_norm_mean_by_layer": {
      "0": 11.755875587463379,
      "14": 11.558685302734375,
      "21": 12.014609336853027,
      "27": 12.205424308776855,
      "7": 11.435436248779297
    },
    "layer_slot_norm_std_by_layer": {
      "0": 9.5367431640625e-07,
      "14": 0.0,
      "21": 7.539457556049456e-07,
      "27": 3.3717478231665154e-07,
      "7": 3.3717478231665154e-07
    },
    "layer_value_l2_by_layer": {
      "0": 21.622276306152344,
      "14": 74.83000946044922,
      "21": 83.98158264160156,
      "27": 213.34864807128906,
      "7": 44.83967590332031
    },
    "pilot_injection_mode": "sparse_deep_prefix",
    "pilot_support_encoder_mode": "structured_support_set",
    "prefix_l2": 74.6134033203125,
    "prefix_slot_norm_max": 12.205425262451172,
    "prefix_slot_norm_mean": 11.79400634765625,
    "prefix_slot_norm_std": 0.28401851654052734,
    "prefix_tokens": 8.0,
    "support_item_count": 6.0,
    "support_item_hidden_l2": 96.09542846679688,
    "support_item_hidden_norm_max": 39.232444763183594,
    "support_item_hidden_norm_mean": 39.23079299926758,
    "support_item_hidden_norm_std": 0.0014937815722078085,
    "writer_memory_l2": 117.73040771484375,
    "writer_slot_norm_max": 41.62397766113281,
    "writer_slot_norm_mean": 41.62397766113281,
    "writer_slot_norm_std": 0.0
  },
  "prefix_l2": 74.6134033203125,
  "prefix_slot_norm_max": 12.205425262451172,
  "prefix_slot_norm_mean": 11.79400634765625,
  "prefix_slot_norm_std": 0.28401851654052734,
  "prefix_tokens": 8,
  "prompt_variant": "answer_slot_labels",
  "shared_injection_arm": "injected",
  "step": 64,
  "support_item_count": 6.0,
  "support_item_hidden_l2": 96.09542846679688,
  "support_item_hidden_norm_max": 39.232444763183594,
  "support_item_hidden_norm_mean": 39.23079299926758,
  "support_item_hidden_norm_std": 0.0014937815722078085,
  "support_serialization_variant": "triad_curated6",
  "support_text_block_chars": 1415,
  "task_case_dump_path": "/root/autodl-tmp/runs/verify/m5-fever-writer-reasoner-alignment-qwen25/freeze-writer/phase2-selected/pilot-I-shuffle/snapshot_evals/step_0064/task_case_dump.jsonl",
  "task_case_dump_rows": 61,
  "training_stage": "shared_injection_snapshot_eval",
  "writer_memory_control": "shuffled",
  "writer_memory_l2": 117.73040771484375,
  "writer_slot_norm_max": 41.62397766113281,
  "writer_slot_norm_mean": 41.62397766113281,
  "writer_slot_norm_std": 0.0
}