{
  "device": "cuda",
  "event_name": "train",
  "examples": 1664,
  "peak_device_memory_bytes": 19167614976,
  "peak_device_memory_mib": 18279.662109,
  "peak_rss_kb": 4886436,
  "token_count": 862107,
  "tokens_per_sec": 1060.102542,
  "wall_time_sec": 813.229821
}