{
  "best_adapt_macro_f1": 0.2098214285714286,
  "best_adapt_task_margin": -1.916931652631916,
  "best_adapt_task_score": 0.26229508196721313,
  "checkpoint_path": "/root/autodl-tmp/runs/verify/m5-fever-writer-objective-rewrite-qwen25/task-only-control/phase2-selected/pilot-I-shuffle/snapshot_evals/step_0008/checkpoint.pt",
  "dominant_label_fraction": 0.7540983606557377,
  "label_recall_by_class": {
    "NOT_ENOUGH_INFO": 0.0,
    "REFUTES": 0.25,
    "SUPPORTS": 0.6111111111111112
  },
  "pilot_arm_alias": "I_shuffle",
  "pilot_support_encoder_mode": "structured_support_set",
  "prefix_artifact_stats": {
    "active_prefix_layers": [
      0,
      7,
      14,
      21,
      27
    ],
    "layer_hidden_l2_by_layer": {
      "0": 29.23792839050293,
      "14": 28.316059112548828,
      "21": 29.73384666442871,
      "27": 29.3824405670166,
      "7": 28.61122703552246
    },
    "layer_key_l2_by_layer": {
      "0": 3116.070068359375,
      "14": 97.0574722290039,
      "21": 59.833229064941406,
      "27": 79.97021484375,
      "7": 150.45254516601562
    },
    "layer_slot_norm_max_by_layer": {
      "0": 10.337712287902832,
      "14": 10.011052131652832,
      "21": 10.512104988098145,
      "27": 10.389052391052246,
      "7": 10.116469383239746
    },
    "layer_slot_norm_mean_by_layer": {
      "0": 10.337712287902832,
      "14": 10.011052131652832,
      "21": 10.512104988098145,
      "27": 10.389052391052246,
      "7": 10.116469383239746
    },
    "layer_slot_norm_std_by_layer": {
      "0": 4.76837158203125e-07,
      "14": 0.0,
      "21": 5.840038852511498e-07,
      "27": 7.539457556049456e-07,
      "7": 0.0
    },
    "layer_value_l2_by_layer": {
      "0": 21.80539321899414,
      "14": 79.06080627441406,
      "21": 76.5268325805664,
      "27": 220.7154541015625,
      "7": 43.23446273803711
    },
    "pilot_injection_mode": "sparse_deep_prefix",
    "pilot_support_encoder_mode": "structured_support_set",
    "prefix_l2": 64.98431396484375,
    "prefix_slot_norm_max": 10.512104988098145,
    "prefix_slot_norm_mean": 10.27327823638916,
    "prefix_slot_norm_std": 0.18327292799949646,
    "prefix_tokens": 8.0,
    "support_item_count": 6.0,
    "support_item_hidden_l2": 96.09526062011719,
    "support_item_hidden_norm_max": 39.23237609863281,
    "support_item_hidden_norm_mean": 39.2307243347168,
    "support_item_hidden_norm_std": 0.0014978699618950486,
    "writer_memory_l2": 117.73309326171875,
    "writer_slot_norm_max": 41.62493133544922,
    "writer_slot_norm_mean": 41.62493133544922,
    "writer_slot_norm_std": 1.9073486328125e-06
  },
  "prefix_l2": 64.98431396484375,
  "prefix_slot_norm_max": 10.512104988098145,
  "prefix_slot_norm_mean": 10.27327823638916,
  "prefix_slot_norm_std": 0.18327292799949646,
  "prefix_tokens": 8,
  "prompt_variant": "answer_slot_labels",
  "shared_injection_arm": "injected",
  "step": 8,
  "support_item_count": 6.0,
  "support_item_hidden_l2": 96.09526062011719,
  "support_item_hidden_norm_max": 39.23237609863281,
  "support_item_hidden_norm_mean": 39.2307243347168,
  "support_item_hidden_norm_std": 0.0014978699618950486,
  "support_serialization_variant": "triad_curated6",
  "support_text_block_chars": 1415,
  "task_case_dump_path": "/root/autodl-tmp/runs/verify/m5-fever-writer-objective-rewrite-qwen25/task-only-control/phase2-selected/pilot-I-shuffle/snapshot_evals/step_0008/task_case_dump.jsonl",
  "task_case_dump_rows": 61,
  "training_stage": "shared_injection_snapshot_eval",
  "writer_memory_control": "shuffled",
  "writer_memory_l2": 117.73309326171875,
  "writer_slot_norm_max": 41.62493133544922,
  "writer_slot_norm_mean": 41.62493133544922,
  "writer_slot_norm_std": 1.9073486328125e-06
}