{
  "best_adapt_macro_f1": 0.1518987341772152,
  "best_adapt_task_margin": -6.38438395203137,
  "best_adapt_task_score": 0.29508196721311475,
  "checkpoint_path": "/root/autodl-tmp/runs/verify/tl-poc-fever-qwen25/sl8/phase2-selected/pilot-I-shuffle/snapshot_evals/step_0032/checkpoint.pt",
  "dominant_label_fraction": 1.0,
  "label_recall_by_class": {
    "NOT_ENOUGH_INFO": 0.0,
    "REFUTES": 0.0,
    "SUPPORTS": 1.0
  },
  "memory_long_l2": 117.73974609375,
  "memory_long_slot_norm_max": 41.62728500366211,
  "memory_long_slot_norm_mean": 41.62728500366211,
  "memory_long_slot_norm_std": 3.5683226542460034e-06,
  "memory_long_slots": 8.0,
  "memory_short_l2": 117.73974609375,
  "memory_short_pairwise_cosine_mean": 1.0,
  "memory_short_slot_norm_max": 41.62728500366211,
  "memory_short_slot_norm_mean": 41.62728500366211,
  "memory_short_slot_norm_std": 3.5683226542460034e-06,
  "memory_short_slots": 8.0,
  "pilot_arm_alias": "I_shuffle",
  "pilot_fuser_short_slots": 8.0,
  "pilot_memory_path_variant": "single_level",
  "pilot_projector_token_source": "writer_slots",
  "pilot_reader_context_mode": "prompt_summary",
  "pilot_reader_num_queries": 0.0,
  "pilot_support_encoder_mode": "structured_support_set",
  "prefix_artifact_stats": {
    "active_prefix_layers": [
      0,
      7,
      14,
      21,
      27
    ],
    "layer_hidden_l2_by_layer": {
      "0": 29.355392456054688,
      "14": 28.913728713989258,
      "21": 29.594484329223633,
      "27": 29.428438186645508,
      "7": 28.100175857543945
    },
    "layer_key_l2_by_layer": {
      "0": 3116.7548828125,
      "14": 95.41559600830078,
      "21": 59.634952545166016,
      "27": 82.49868774414062,
      "7": 151.32000732421875
    },
    "layer_slot_norm_max_by_layer": {
      "0": 10.37845516204834,
      "14": 10.222589492797852,
      "21": 10.463469505310059,
      "27": 10.406113624572754,
      "7": 9.935165405273438
    },
    "layer_slot_norm_mean_by_layer": {
      "0": 10.37845516204834,
      "14": 10.222588539123535,
      "21": 10.463469505310059,
      "27": 10.406112670898438,
      "7": 9.935165405273438
    },
    "layer_slot_norm_std_by_layer": {
      "0": 8.920806635615008e-07,
      "14": 6.743495646333031e-07,
      "21": 7.539457556049456e-07,
      "27": 6.743495646333031e-07,
      "7": 7.539457556049456e-07
    },
    "layer_value_l2_by_layer": {
      "0": 21.121511459350586,
      "14": 78.61141204833984,
      "21": 79.91321563720703,
      "27": 220.67446899414062,
      "7": 43.5927619934082
    },
    "memory_long_l2": 117.73974609375,
    "memory_long_slot_norm_max": 41.62728500366211,
    "memory_long_slot_norm_mean": 41.62728500366211,
    "memory_long_slot_norm_std": 3.5683226542460034e-06,
    "memory_long_slots": 8.0,
    "memory_short_l2": 117.73974609375,
    "memory_short_pairwise_cosine_mean": 1.0,
    "memory_short_slot_norm_max": 41.62728500366211,
    "memory_short_slot_norm_mean": 41.62728500366211,
    "memory_short_slot_norm_std": 3.5683226542460034e-06,
    "memory_short_slots": 8.0,
    "pilot_injection_mode": "sparse_deep_prefix",
    "pilot_memory_path_variant": "single_level",
    "pilot_projector_token_source": "writer_slots",
    "pilot_support_encoder_mode": "structured_support_set",
    "prefix_l2": 65.03485107421875,
    "prefix_slot_norm_max": 10.463469505310059,
    "prefix_slot_norm_mean": 10.281157493591309,
    "prefix_slot_norm_std": 0.19050416350364685,
    "prefix_tokens": 8.0,
    "reader_attention_entropy_max": 0.0,
    "reader_attention_entropy_mean": 0.0,
    "reader_attention_entropy_min": 0.0,
    "reader_attention_pairwise_cosine_mean": 0.0,
    "reader_num_queries": 0.0,
    "reader_query_entropy_by_query": [],
    "reader_slot_count": 8.0,
    "reader_slot_coverage_fraction": 0.0,
    "support_item_count": 6.0,
    "support_item_hidden_l2": 96.10909271240234,
    "support_item_hidden_norm_max": 39.23781204223633,
    "support_item_hidden_norm_mean": 39.23637008666992,
    "support_item_hidden_norm_std": 0.0016157730715349317,
    "writer_memory_l2": 117.73974609375,
    "writer_slot_norm_max": 41.62728500366211,
    "writer_slot_norm_mean": 41.62728500366211,
    "writer_slot_norm_std": 3.5683226542460034e-06
  },
  "prefix_l2": 65.03485107421875,
  "prefix_slot_norm_max": 10.463469505310059,
  "prefix_slot_norm_mean": 10.281157493591309,
  "prefix_slot_norm_std": 0.19050416350364685,
  "prefix_tokens": 8,
  "prompt_variant": "answer_slot_labels",
  "reader_attention_entropy_max": 0.0,
  "reader_attention_entropy_mean": 0.0,
  "reader_attention_entropy_min": 0.0,
  "reader_attention_pairwise_cosine_mean": 0.0,
  "reader_num_queries": 0.0,
  "reader_slot_count": 8.0,
  "reader_slot_coverage_fraction": 0.0,
  "shared_injection_arm": "injected",
  "step": 32,
  "support_item_count": 6.0,
  "support_item_hidden_l2": 96.10909271240234,
  "support_item_hidden_norm_max": 39.23781204223633,
  "support_item_hidden_norm_mean": 39.23637008666992,
  "support_item_hidden_norm_std": 0.0016157730715349317,
  "support_serialization_variant": "triad_curated6",
  "support_text_block_chars": 1415,
  "task_case_dump_path": "/root/autodl-tmp/runs/verify/tl-poc-fever-qwen25/sl8/phase2-selected/pilot-I-shuffle/snapshot_evals/step_0032/task_case_dump.jsonl",
  "task_case_dump_rows": 61,
  "training_stage": "shared_injection_snapshot_eval",
  "writer_memory_control": "shuffled",
  "writer_memory_l2": 117.73974609375,
  "writer_slot_norm_max": 41.62728500366211,
  "writer_slot_norm_mean": 41.62728500366211,
  "writer_slot_norm_std": 3.5683226542460034e-06
}