flip_count,flip_count_delta,left_alias,mean_margin_gain,mean_proxy_gain,mean_task_gain,paired_examples,regression_count,right_alias
48,32,A,0.004588716548141747,0.0012852749787271023,0.5,64,16,B
0,0,A,-0.01050343107704066,-0.002177539747208357,0.0,64,0,C
0,0,C,-5.384208634495735e-10,-1.3969838619232178e-09,0.0,64,0,D
