{
  "best_adapt_macro_f1": 0.1518987341772152,
  "best_adapt_task_margin": -3.4732974318207286,
  "best_adapt_task_score": 0.29508196721311475,
  "checkpoint_path": "/root/autodl-tmp/runs/verify/tl-poc-fever-qwen25/tl-h4-k8/phase2-selected/pilot-I-real/snapshot_evals/step_0002/checkpoint.pt",
  "dominant_label_fraction": 1.0,
  "label_recall_by_class": {
    "NOT_ENOUGH_INFO": 0.0,
    "REFUTES": 0.0,
    "SUPPORTS": 1.0
  },
  "memory_long_l2": 117.72351837158203,
  "memory_long_slot_norm_max": 41.62154769897461,
  "memory_long_slot_norm_mean": 41.62154769897461,
  "memory_long_slot_norm_std": 0.0,
  "memory_long_slots": 8.0,
  "memory_short_l2": 110.8570086369749,
  "memory_short_pairwise_cosine_mean": 0.9996334969020281,
  "memory_short_slot_norm_max": 39.193879049332416,
  "memory_short_slot_norm_mean": 39.19387179515401,
  "memory_short_slot_norm_std": 4.93221852116594e-06,
  "memory_short_slots": 8.0,
  "pilot_arm_alias": "I_real",
  "pilot_fuser_short_slots": 8.0,
  "pilot_memory_path_variant": "two_level",
  "pilot_projector_token_source": "short_slots",
  "pilot_reader_context_mode": "prompt_summary",
  "pilot_reader_num_queries": 4.0,
  "pilot_support_encoder_mode": "structured_support_set",
  "prefix_artifact_stats": {
    "active_prefix_layers": [
      0.0,
      7.0,
      14.0,
      21.0,
      27.0
    ],
    "layer_hidden_l2_by_layer": {
      "0": 22.13301630489162,
      "14": 22.06695453456191,
      "21": 22.643942911116802,
      "27": 23.12389289355669,
      "7": 22.28040713951236
    },
    "layer_key_l2_by_layer": {
      "0": 3118.904440957992,
      "14": 85.99313717201107,
      "21": 57.160437474485306,
      "27": 56.84593256966012,
      "7": 143.56757667416431
    },
    "layer_slot_norm_max_by_layer": {
      "0": 7.8479424773669635,
      "14": 7.824688270443776,
      "21": 8.029063560923593,
      "27": 8.199384689331055,
      "7": 7.899835500560823
    },
    "layer_slot_norm_mean_by_layer": {
      "0": 7.825236914587802,
      "14": 7.801873035118228,
      "21": 8.005801286853728,
      "27": 8.175575381419698,
      "7": 7.8772981596774745
    },
    "layer_slot_norm_std_by_layer": {
      "0": 0.01593653836333361,
      "14": 0.016117410642690348,
      "21": 0.016893335694416624,
      "27": 0.017320717181094358,
      "7": 0.016546184868841875
    },
    "layer_value_l2_by_layer": {
      "0": 19.598636814805328,
      "14": 58.637607824606974,
      "21": 66.57885341956967,
      "27": 178.0085831939197,
      "7": 34.54024055355885
    },
    "memory_long_l2": 117.72351837158203,
    "memory_long_slot_norm_max": 41.62154769897461,
    "memory_long_slot_norm_mean": 41.62154769897461,
    "memory_long_slot_norm_std": 0.0,
    "memory_long_slots": 8.0,
    "memory_short_l2": 110.8570086369749,
    "memory_short_pairwise_cosine_mean": 0.9996334969020281,
    "memory_short_slot_norm_max": 39.193879049332416,
    "memory_short_slot_norm_mean": 39.19387179515401,
    "memory_short_slot_norm_std": 4.93221852116594e-06,
    "memory_short_slots": 8.0,
    "pilot_injection_mode": "sparse_deep_prefix",
    "pilot_memory_path_variant": "two_level",
    "pilot_projector_token_source": "short_slots",
    "pilot_support_encoder_mode": "structured_support_set",
    "prefix_l2": 50.20677078747359,
    "prefix_slot_norm_max": 8.199384689331055,
    "prefix_slot_norm_mean": 7.937157021194208,
    "prefix_slot_norm_std": 0.13975429192918246,
    "prefix_tokens": 8.0,
    "reader_attention_entropy_max": 2.079441547393799,
    "reader_attention_entropy_mean": 2.079441547393799,
    "reader_attention_entropy_min": 2.079441547393799,
    "reader_attention_pairwise_cosine_mean": 1.0,
    "reader_num_queries": 4.0,
    "reader_query_entropy_by_query": [
      2.079441547393799,
      2.079441547393799,
      2.079441547393799,
      2.079441547393799
    ],
    "reader_slot_count": 8.0,
    "reader_slot_coverage_fraction": 0.5,
    "support_item_count": 6.0,
    "support_item_hidden_l2": 96.09911346435547,
    "support_item_hidden_norm_max": 39.23399353027344,
    "support_item_hidden_norm_mean": 39.232303619384766,
    "support_item_hidden_norm_std": 0.001322448835708201,
    "writer_memory_l2": 117.72351837158203,
    "writer_slot_norm_max": 41.62154769897461,
    "writer_slot_norm_mean": 41.62154769897461,
    "writer_slot_norm_std": 0.0
  },
  "prefix_l2": 50.20677078747359,
  "prefix_slot_norm_max": 8.199384689331055,
  "prefix_slot_norm_mean": 7.937157021194208,
  "prefix_slot_norm_std": 0.13975429192918246,
  "prefix_tokens": 8,
  "prompt_variant": "answer_slot_labels",
  "reader_attention_entropy_max": 2.079441547393799,
  "reader_attention_entropy_mean": 2.079441547393799,
  "reader_attention_entropy_min": 2.079441547393799,
  "reader_attention_pairwise_cosine_mean": 1.0,
  "reader_num_queries": 4.0,
  "reader_slot_count": 8.0,
  "reader_slot_coverage_fraction": 0.5,
  "shared_injection_arm": "injected",
  "step": 2,
  "support_item_count": 6.0,
  "support_item_hidden_l2": 96.09911346435547,
  "support_item_hidden_norm_max": 39.23399353027344,
  "support_item_hidden_norm_mean": 39.232303619384766,
  "support_item_hidden_norm_std": 0.001322448835708201,
  "support_serialization_variant": "triad_curated6",
  "support_text_block_chars": 1301,
  "task_case_dump_path": "/root/autodl-tmp/runs/verify/tl-poc-fever-qwen25/tl-h4-k8/phase2-selected/pilot-I-real/snapshot_evals/step_0002/task_case_dump.jsonl",
  "task_case_dump_rows": 61,
  "training_stage": "shared_injection_snapshot_eval",
  "writer_memory_control": "real",
  "writer_memory_l2": 117.72351837158203,
  "writer_slot_norm_max": 41.62154769897461,
  "writer_slot_norm_mean": 41.62154769897461,
  "writer_slot_norm_std": 0.0
}