{
  "best_adapt_macro_f1": 0.1518987341772152,
  "best_adapt_task_margin": -3.4888956507698436,
  "best_adapt_task_score": 0.29508196721311475,
  "checkpoint_path": "/root/autodl-tmp/runs/verify/m5-fever-dense-teacher-qwen25/control-safe-hinge/phase2-selected/pilot-I-real/snapshot_evals/step_0024/checkpoint.pt",
  "dominant_label_fraction": 1.0,
  "label_recall_by_class": {
    "NOT_ENOUGH_INFO": 0.0,
    "REFUTES": 0.0,
    "SUPPORTS": 1.0
  },
  "pilot_arm_alias": "I_real",
  "pilot_support_encoder_mode": "structured_support_set",
  "prefix_artifact_stats": {
    "active_prefix_layers": [
      0,
      7,
      14,
      21,
      27
    ],
    "layer_hidden_l2_by_layer": {
      "0": 30.0811710357666,
      "14": 29.34583854675293,
      "21": 29.360366821289062,
      "27": 29.19994354248047,
      "7": 28.02067756652832
    },
    "layer_key_l2_by_layer": {
      "0": 3116.780029296875,
      "14": 88.47634887695312,
      "21": 59.18308639526367,
      "27": 74.22654724121094,
      "7": 150.16571044921875
    },
    "layer_slot_norm_max_by_layer": {
      "0": 10.634861946105957,
      "14": 10.374863624572754,
      "21": 10.37979793548584,
      "27": 10.323695182800293,
      "7": 9.906838417053223
    },
    "layer_slot_norm_mean_by_layer": {
      "0": 10.634861946105957,
      "14": 10.374862670898438,
      "21": 10.37979793548584,
      "27": 10.323694229125977,
      "7": 9.906837463378906
    },
    "layer_slot_norm_std_by_layer": {
      "0": 8.259061701210157e-07,
      "14": 6.743495646333031e-07,
      "21": 0.0,
      "27": 6.743495646333031e-07,
      "7": 7.539457556049456e-07
    },
    "layer_value_l2_by_layer": {
      "0": 20.827594757080078,
      "14": 69.86705780029297,
      "21": 76.33438873291016,
      "27": 219.13514709472656,
      "7": 38.88652038574219
    },
    "pilot_injection_mode": "sparse_deep_prefix",
    "pilot_support_encoder_mode": "structured_support_set",
    "prefix_l2": 65.31175231933594,
    "prefix_slot_norm_max": 10.634861946105957,
    "prefix_slot_norm_mean": 10.324010848999023,
    "prefix_slot_norm_std": 0.23509976267814636,
    "prefix_tokens": 8.0,
    "support_item_count": 6.0,
    "support_item_hidden_l2": 96.10009002685547,
    "support_item_hidden_norm_max": 39.23444747924805,
    "support_item_hidden_norm_mean": 39.23270797729492,
    "support_item_hidden_norm_std": 0.0013776022242382169,
    "writer_memory_l2": 117.71977996826172,
    "writer_slot_norm_max": 41.62022399902344,
    "writer_slot_norm_mean": 41.62022399902344,
    "writer_slot_norm_std": 1.9073486328125e-06
  },
  "prefix_l2": 65.31175231933594,
  "prefix_slot_norm_max": 10.634861946105957,
  "prefix_slot_norm_mean": 10.324010848999023,
  "prefix_slot_norm_std": 0.23509976267814636,
  "prefix_tokens": 8,
  "prompt_variant": "answer_slot_labels",
  "shared_injection_arm": "injected",
  "step": 24,
  "support_item_count": 6.0,
  "support_item_hidden_l2": 96.10009002685547,
  "support_item_hidden_norm_max": 39.23444747924805,
  "support_item_hidden_norm_mean": 39.23270797729492,
  "support_item_hidden_norm_std": 0.0013776022242382169,
  "support_serialization_variant": "triad_curated6",
  "support_text_block_chars": 1301,
  "task_case_dump_path": "/root/autodl-tmp/runs/verify/m5-fever-dense-teacher-qwen25/control-safe-hinge/phase2-selected/pilot-I-real/snapshot_evals/step_0024/task_case_dump.jsonl",
  "task_case_dump_rows": 61,
  "training_stage": "shared_injection_snapshot_eval",
  "writer_memory_control": "real",
  "writer_memory_l2": 117.71977996826172,
  "writer_slot_norm_max": 41.62022399902344,
  "writer_slot_norm_mean": 41.62022399902344,
  "writer_slot_norm_std": 1.9073486328125e-06
}