{
  "best_adapt_macro_f1": 0.1518987341772152,
  "best_adapt_task_margin": -2.198766333157899,
  "best_adapt_task_score": 0.29508196721311475,
  "checkpoint_path": "/root/autodl-tmp/runs/verify/m4-fever-anti-shortcut-recovery-qwen25/run-b/phase2-selected/pilot-I-shuffle/snapshot_evals/step_0000/checkpoint.pt",
  "dominant_label_fraction": 1.0,
  "label_recall_by_class": {
    "NOT_ENOUGH_INFO": 0.0,
    "REFUTES": 0.0,
    "SUPPORTS": 1.0
  },
  "pilot_arm_alias": "I_shuffle",
  "prefix_artifact_stats": {
    "active_prefix_layers": [
      0,
      7,
      14,
      21,
      27
    ],
    "layer_hidden_l2_by_layer": {
      "0": 4.0547003746032715,
      "14": 3.934939384460449,
      "21": 3.9538862705230713,
      "27": 3.767814874649048,
      "7": 3.90014386177063
    },
    "layer_key_l2_by_layer": {
      "0": 3119.94287109375,
      "14": 80.25472259521484,
      "21": 64.04676055908203,
      "27": 67.889404296875,
      "7": 144.9021759033203
    },
    "layer_slot_norm_max_by_layer": {
      "0": 1.433407187461853,
      "14": 1.3915143013000488,
      "21": 1.3978304862976074,
      "27": 1.331998348236084,
      "7": 1.3789927959442139
    },
    "layer_slot_norm_mean_by_layer": {
      "0": 1.4334070682525635,
      "14": 1.3915140628814697,
      "21": 1.3978303670883179,
      "27": 1.3319982290267944,
      "7": 1.3789925575256348
    },
    "layer_slot_norm_std_by_layer": {
      "0": 1.115100829451876e-07,
      "14": 1.1920928955078125e-07,
      "21": 9.42432194506182e-08,
      "27": 8.429369557916289e-08,
      "7": 1.1920928955078125e-07
    },
    "layer_value_l2_by_layer": {
      "0": 17.982282638549805,
      "14": 63.06682586669922,
      "21": 64.1648178100586,
      "27": 214.30738830566406,
      "7": 31.20252227783203
    },
    "pilot_injection_mode": "sparse_deep_prefix",
    "prefix_l2": 8.773008346557617,
    "prefix_slot_norm_max": 1.433407187461853,
    "prefix_slot_norm_mean": 1.3867485523223877,
    "prefix_slot_norm_std": 0.032803311944007874,
    "prefix_tokens": 8.0,
    "writer_memory_l2": 117.74928283691406,
    "writer_slot_norm_max": 41.63066482543945,
    "writer_slot_norm_mean": 41.63066482543945,
    "writer_slot_norm_std": 0.0
  },
  "prefix_l2": 8.773008346557617,
  "prefix_slot_norm_max": 1.433407187461853,
  "prefix_slot_norm_mean": 1.3867485523223877,
  "prefix_slot_norm_std": 0.032803311944007874,
  "prefix_tokens": 8,
  "prompt_variant": "answer_slot_labels",
  "shared_injection_arm": "injected",
  "step": 0,
  "support_serialization_variant": "triad_curated6",
  "support_text_block_chars": 1415,
  "task_case_dump_path": "/root/autodl-tmp/runs/verify/m4-fever-anti-shortcut-recovery-qwen25/run-b/phase2-selected/pilot-I-shuffle/snapshot_evals/step_0000/task_case_dump.jsonl",
  "task_case_dump_rows": 61,
  "training_stage": "shared_injection_snapshot_eval",
  "writer_memory_control": "shuffled",
  "writer_memory_l2": 117.74928283691406,
  "writer_slot_norm_max": 41.63066482543945,
  "writer_slot_norm_mean": 41.63066482543945,
  "writer_slot_norm_std": 0.0
}