{
  "device": "cuda",
  "event_name": "train",
  "examples": 224,
  "peak_device_memory_bytes": 26554767872,
  "peak_device_memory_mib": 25324.600098,
  "peak_rss_kb": 3984848,
  "token_count": 1712197,
  "tokens_per_sec": 6846.481067,
  "wall_time_sec": 250.084238
}