{
  "device": "cuda",
  "event_name": "train",
  "examples": 224,
  "peak_device_memory_bytes": 26968993792,
  "peak_device_memory_mib": 25719.636719,
  "peak_rss_kb": 6159024,
  "token_count": 1710009,
  "tokens_per_sec": 6042.966987,
  "wall_time_sec": 282.975069
}