{
  "device": "cuda",
  "event_name": "train",
  "examples": 2448,
  "peak_device_memory_bytes": 12159999488,
  "peak_device_memory_mib": 11596.679199,
  "peak_rss_kb": 4862636,
  "token_count": 888568,
  "tokens_per_sec": 1193.240138,
  "wall_time_sec": 744.668212
}