{
  "device": "cuda",
  "event_name": "train",
  "examples": 224,
  "peak_device_memory_bytes": 26969795072,
  "peak_device_memory_mib": 25720.400879,
  "peak_rss_kb": 3982592,
  "token_count": 1704980,
  "tokens_per_sec": 5976.573979,
  "wall_time_sec": 285.277151
}