{
  "best_adapt_macro_f1": 0.1518987341772152,
  "best_adapt_task_margin": -4.588696706490438,
  "best_adapt_task_score": 0.29508196721311475,
  "checkpoint_path": "/root/autodl-tmp/runs/verify/tl-poc-fever-qwen25/tl-h1-k4/phase2-selected/pilot-I-shuffle/snapshot_evals/step_0016/checkpoint.pt",
  "dominant_label_fraction": 1.0,
  "label_recall_by_class": {
    "NOT_ENOUGH_INFO": 0.0,
    "REFUTES": 0.0,
    "SUPPORTS": 1.0
  },
  "memory_long_l2": 117.7265853881836,
  "memory_long_slot_norm_max": 41.62263107299805,
  "memory_long_slot_norm_mean": 41.62263107299805,
  "memory_long_slot_norm_std": 0.0,
  "memory_long_slots": 8.0,
  "memory_short_l2": 78.40778338322875,
  "memory_short_pairwise_cosine_mean": 0.9998563088354517,
  "memory_short_slot_norm_max": 39.20390238527392,
  "memory_short_slot_norm_mean": 39.203892316974574,
  "memory_short_slot_norm_std": 7.804191577857548e-06,
  "memory_short_slots": 4.0,
  "pilot_arm_alias": "I_shuffle",
  "pilot_fuser_short_slots": 4.0,
  "pilot_memory_path_variant": "two_level",
  "pilot_projector_token_source": "short_slots",
  "pilot_reader_context_mode": "prompt_summary",
  "pilot_reader_num_queries": 1.0,
  "pilot_support_encoder_mode": "structured_support_set",
  "prefix_artifact_stats": {
    "active_prefix_layers": [
      0.0,
      7.0,
      14.0,
      21.0,
      27.0
    ],
    "layer_hidden_l2_by_layer": {
      "0": 33.47723182303007,
      "14": 33.379402410788614,
      "21": 33.569517166888126,
      "27": 34.391436217261145,
      "7": 34.39294014602411
    },
    "layer_key_l2_by_layer": {
      "0": 2202.3972328060963,
      "14": 67.9171326434026,
      "21": 47.606990063776735,
      "27": 52.68403000128074,
      "7": 100.99363570916849
    },
    "layer_slot_norm_max_by_layer": {
      "0": 16.74866720105781,
      "14": 16.699551254022317,
      "21": 16.79516607816102,
      "27": 17.206325843685963,
      "7": 17.20726278961682
    },
    "layer_slot_norm_mean_by_layer": {
      "0": 16.738402007056063,
      "14": 16.689619877299325,
      "21": 16.784847947417713,
      "27": 17.195893178220654,
      "7": 17.196560218685963
    },
    "layer_slot_norm_std_by_layer": {
      "0": 0.0059810758675219585,
      "14": 0.005803664650035198,
      "21": 0.0059859766548530004,
      "27": 0.0061360597686811544,
      "7": 0.006295210239095766
    },
    "layer_value_l2_by_layer": {
      "0": 13.450914336032556,
      "14": 47.573467192102655,
      "21": 52.11463896954646,
      "27": 146.77291044641714,
      "7": 25.364561987704917
    },
    "memory_long_l2": 117.7265853881836,
    "memory_long_slot_norm_max": 41.62263107299805,
    "memory_long_slot_norm_mean": 41.62263107299805,
    "memory_long_slot_norm_std": 0.0,
    "memory_long_slots": 8.0,
    "memory_short_l2": 78.40778338322875,
    "memory_short_pairwise_cosine_mean": 0.9998563088354517,
    "memory_short_slot_norm_max": 39.20390238527392,
    "memory_short_slot_norm_mean": 39.203892316974574,
    "memory_short_slot_norm_std": 7.804191577857548e-06,
    "memory_short_slots": 4.0,
    "pilot_injection_mode": "sparse_deep_prefix",
    "pilot_memory_path_variant": "two_level",
    "pilot_projector_token_source": "short_slots",
    "pilot_support_encoder_mode": "structured_support_set",
    "prefix_l2": 75.68010023773694,
    "prefix_slot_norm_max": 17.21096435922091,
    "prefix_slot_norm_mean": 16.921064783315188,
    "prefix_slot_norm_std": 0.22680550569393595,
    "prefix_tokens": 4.0,
    "reader_attention_entropy_max": 2.079441547393799,
    "reader_attention_entropy_mean": 2.079441547393799,
    "reader_attention_entropy_min": 2.079441547393799,
    "reader_attention_pairwise_cosine_mean": 0.0,
    "reader_num_queries": 1.0,
    "reader_query_entropy_by_query": [
      2.079441547393799
    ],
    "reader_slot_count": 8.0,
    "reader_slot_coverage_fraction": 0.2151639344262295,
    "support_item_count": 6.0,
    "support_item_hidden_l2": 96.10356903076172,
    "support_item_hidden_norm_max": 39.23562240600586,
    "support_item_hidden_norm_mean": 39.23411178588867,
    "support_item_hidden_norm_std": 0.0015532353427261114,
    "writer_memory_l2": 117.7265853881836,
    "writer_slot_norm_max": 41.62263107299805,
    "writer_slot_norm_mean": 41.62263107299805,
    "writer_slot_norm_std": 0.0
  },
  "prefix_l2": 75.68010023773694,
  "prefix_slot_norm_max": 17.21096435922091,
  "prefix_slot_norm_mean": 16.921064783315188,
  "prefix_slot_norm_std": 0.22680550569393595,
  "prefix_tokens": 4,
  "prompt_variant": "answer_slot_labels",
  "reader_attention_entropy_max": 2.079441547393799,
  "reader_attention_entropy_mean": 2.079441547393799,
  "reader_attention_entropy_min": 2.079441547393799,
  "reader_attention_pairwise_cosine_mean": 0.0,
  "reader_num_queries": 1.0,
  "reader_slot_count": 8.0,
  "reader_slot_coverage_fraction": 0.2151639344262295,
  "shared_injection_arm": "injected",
  "step": 16,
  "support_item_count": 6.0,
  "support_item_hidden_l2": 96.10356903076172,
  "support_item_hidden_norm_max": 39.23562240600586,
  "support_item_hidden_norm_mean": 39.23411178588867,
  "support_item_hidden_norm_std": 0.0015532353427261114,
  "support_serialization_variant": "triad_curated6",
  "support_text_block_chars": 1415,
  "task_case_dump_path": "/root/autodl-tmp/runs/verify/tl-poc-fever-qwen25/tl-h1-k4/phase2-selected/pilot-I-shuffle/snapshot_evals/step_0016/task_case_dump.jsonl",
  "task_case_dump_rows": 61,
  "training_stage": "shared_injection_snapshot_eval",
  "writer_memory_control": "shuffled",
  "writer_memory_l2": 117.7265853881836,
  "writer_slot_norm_max": 41.62263107299805,
  "writer_slot_norm_mean": 41.62263107299805,
  "writer_slot_norm_std": 0.0
}