{
  "device": "cuda",
  "event_name": "train",
  "examples": 2448,
  "peak_device_memory_bytes": 11371137024,
  "peak_device_memory_mib": 10844.361328,
  "peak_rss_kb": 4864512,
  "token_count": 888574,
  "tokens_per_sec": 2008.885919,
  "wall_time_sec": 442.321782
}