{
  "best_adapt_macro_f1": 0.1855921855921856,
  "best_adapt_task_margin": -2.6319248324534934,
  "best_adapt_task_score": 0.3114754098360656,
  "checkpoint_path": "/root/autodl-tmp/runs/verify/tl-poc-fever-qwen25/sl8/phase2-selected/pilot-I-real/snapshot_evals/step_0004/checkpoint.pt",
  "dominant_label_fraction": 0.9836065573770492,
  "label_recall_by_class": {
    "NOT_ENOUGH_INFO": 0.0,
    "REFUTES": 0.05,
    "SUPPORTS": 1.0
  },
  "memory_long_l2": 117.72923278808594,
  "memory_long_slot_norm_max": 41.623565673828125,
  "memory_long_slot_norm_mean": 41.62356185913086,
  "memory_long_slot_norm_std": 1.3486991292666062e-06,
  "memory_long_slots": 8.0,
  "memory_short_l2": 117.72923278808594,
  "memory_short_pairwise_cosine_mean": 0.9999998807907104,
  "memory_short_slot_norm_max": 41.623565673828125,
  "memory_short_slot_norm_mean": 41.62356185913086,
  "memory_short_slot_norm_std": 1.3486991292666062e-06,
  "memory_short_slots": 8.0,
  "pilot_arm_alias": "I_real",
  "pilot_fuser_short_slots": 8.0,
  "pilot_memory_path_variant": "single_level",
  "pilot_projector_token_source": "writer_slots",
  "pilot_reader_context_mode": "prompt_summary",
  "pilot_reader_num_queries": 0.0,
  "pilot_support_encoder_mode": "structured_support_set",
  "prefix_artifact_stats": {
    "active_prefix_layers": [
      0,
      7,
      14,
      21,
      27
    ],
    "layer_hidden_l2_by_layer": {
      "0": 29.4412784576416,
      "14": 28.561141967773438,
      "21": 29.44921875,
      "27": 29.248998641967773,
      "7": 28.319900512695312
    },
    "layer_key_l2_by_layer": {
      "0": 3115.149169921875,
      "14": 94.05661010742188,
      "21": 59.4046745300293,
      "27": 78.28065490722656,
      "7": 150.1251220703125
    },
    "layer_slot_norm_max_by_layer": {
      "0": 10.409652709960938,
      "14": 10.097087860107422,
      "21": 10.41156005859375,
      "27": 10.34079360961914,
      "7": 10.01425552368164
    },
    "layer_slot_norm_mean_by_layer": {
      "0": 10.409652709960938,
      "14": 10.097086906433105,
      "21": 10.411559104919434,
      "27": 10.34079360961914,
      "7": 10.01425552368164
    },
    "layer_slot_norm_std_by_layer": {
      "0": 8.259061701210157e-07,
      "14": 4.76837158203125e-07,
      "21": 4.76837158203125e-07,
      "27": 6.743495646333031e-07,
      "7": 4.76837158203125e-07
    },
    "layer_value_l2_by_layer": {
      "0": 21.389366149902344,
      "14": 76.71559143066406,
      "21": 76.56552124023438,
      "27": 218.5030975341797,
      "7": 42.20132827758789
    },
    "memory_long_l2": 117.72923278808594,
    "memory_long_slot_norm_max": 41.623565673828125,
    "memory_long_slot_norm_mean": 41.62356185913086,
    "memory_long_slot_norm_std": 1.3486991292666062e-06,
    "memory_long_slots": 8.0,
    "memory_short_l2": 117.72923278808594,
    "memory_short_pairwise_cosine_mean": 0.9999998807907104,
    "memory_short_slot_norm_max": 41.623565673828125,
    "memory_short_slot_norm_mean": 41.62356185913086,
    "memory_short_slot_norm_std": 1.3486991292666062e-06,
    "memory_short_slots": 8.0,
    "pilot_injection_mode": "sparse_deep_prefix",
    "pilot_memory_path_variant": "single_level",
    "pilot_projector_token_source": "writer_slots",
    "pilot_support_encoder_mode": "structured_support_set",
    "prefix_l2": 64.8647232055664,
    "prefix_slot_norm_max": 10.41156005859375,
    "prefix_slot_norm_mean": 10.254669189453125,
    "prefix_slot_norm_std": 0.16654276847839355,
    "prefix_tokens": 8.0,
    "reader_attention_entropy_max": 0.0,
    "reader_attention_entropy_mean": 0.0,
    "reader_attention_entropy_min": 0.0,
    "reader_attention_pairwise_cosine_mean": 0.0,
    "reader_num_queries": 0.0,
    "reader_query_entropy_by_query": [],
    "reader_slot_count": 8.0,
    "reader_slot_coverage_fraction": 0.0,
    "support_item_count": 6.0,
    "support_item_hidden_l2": 96.0984878540039,
    "support_item_hidden_norm_max": 39.2337760925293,
    "support_item_hidden_norm_mean": 39.23204803466797,
    "support_item_hidden_norm_std": 0.0013339973520487547,
    "writer_memory_l2": 117.72923278808594,
    "writer_slot_norm_max": 41.623565673828125,
    "writer_slot_norm_mean": 41.62356185913086,
    "writer_slot_norm_std": 1.3486991292666062e-06
  },
  "prefix_l2": 64.8647232055664,
  "prefix_slot_norm_max": 10.41156005859375,
  "prefix_slot_norm_mean": 10.254669189453125,
  "prefix_slot_norm_std": 0.16654276847839355,
  "prefix_tokens": 8,
  "prompt_variant": "answer_slot_labels",
  "reader_attention_entropy_max": 0.0,
  "reader_attention_entropy_mean": 0.0,
  "reader_attention_entropy_min": 0.0,
  "reader_attention_pairwise_cosine_mean": 0.0,
  "reader_num_queries": 0.0,
  "reader_slot_count": 8.0,
  "reader_slot_coverage_fraction": 0.0,
  "shared_injection_arm": "injected",
  "step": 4,
  "support_item_count": 6.0,
  "support_item_hidden_l2": 96.0984878540039,
  "support_item_hidden_norm_max": 39.2337760925293,
  "support_item_hidden_norm_mean": 39.23204803466797,
  "support_item_hidden_norm_std": 0.0013339973520487547,
  "support_serialization_variant": "triad_curated6",
  "support_text_block_chars": 1301,
  "task_case_dump_path": "/root/autodl-tmp/runs/verify/tl-poc-fever-qwen25/sl8/phase2-selected/pilot-I-real/snapshot_evals/step_0004/task_case_dump.jsonl",
  "task_case_dump_rows": 61,
  "training_stage": "shared_injection_snapshot_eval",
  "writer_memory_control": "real",
  "writer_memory_l2": 117.72923278808594,
  "writer_slot_norm_max": 41.623565673828125,
  "writer_slot_norm_mean": 41.62356185913086,
  "writer_slot_norm_std": 1.3486991292666062e-06
}