{
  "device": "cuda",
  "event_name": "train",
  "examples": 2448,
  "peak_device_memory_bytes": 12476557312,
  "peak_device_memory_mib": 11898.572266,
  "peak_rss_kb": 4861848,
  "token_count": 888574,
  "tokens_per_sec": 1177.641609,
  "wall_time_sec": 754.536859
}