{
  "best_adapt_macro_f1": 0.1518987341772152,
  "best_adapt_task_margin": -4.294764596907819,
  "best_adapt_task_score": 0.29508196721311475,
  "checkpoint_path": "/root/autodl-tmp/runs/verify/tl-poc-fever-qwen25/tl-h4-k4/phase2-selected/pilot-I-real/snapshot_evals/step_0012/checkpoint.pt",
  "dominant_label_fraction": 1.0,
  "label_recall_by_class": {
    "NOT_ENOUGH_INFO": 0.0,
    "REFUTES": 0.0,
    "SUPPORTS": 1.0
  },
  "memory_long_l2": 117.71894836425781,
  "memory_long_slot_norm_max": 41.619930267333984,
  "memory_long_slot_norm_mean": 41.619930267333984,
  "memory_long_slot_norm_std": 0.0,
  "memory_long_slots": 8.0,
  "memory_short_l2": 78.40397819143827,
  "memory_short_pairwise_cosine_mean": 0.999820595881978,
  "memory_short_slot_norm_max": 39.20199428620886,
  "memory_short_slot_norm_mean": 39.20198972107934,
  "memory_short_slot_norm_std": 5.0490350270697264e-06,
  "memory_short_slots": 4.0,
  "pilot_arm_alias": "I_real",
  "pilot_fuser_short_slots": 4.0,
  "pilot_memory_path_variant": "two_level",
  "pilot_projector_token_source": "short_slots",
  "pilot_reader_context_mode": "prompt_summary",
  "pilot_reader_num_queries": 4.0,
  "pilot_support_encoder_mode": "structured_support_set",
  "prefix_artifact_stats": {
    "active_prefix_layers": [
      0.0,
      7.0,
      14.0,
      21.0,
      27.0
    ],
    "layer_hidden_l2_by_layer": {
      "0": 25.476267830270235,
      "14": 25.041399346023308,
      "21": 26.15899336142618,
      "27": 26.002884661565062,
      "7": 25.846105638097544
    },
    "layer_key_l2_by_layer": {
      "0": 2203.5008204725923,
      "14": 74.35042084240523,
      "21": 46.50855073772493,
      "27": 50.82708621415936,
      "7": 102.29296987564837
    },
    "layer_slot_norm_max_by_layer": {
      "0": 12.753924745028137,
      "14": 12.537601345875224,
      "21": 13.09735354439157,
      "27": 13.019004305855173,
      "7": 12.938183268562693
    },
    "layer_slot_norm_mean_by_layer": {
      "0": 12.738113481490338,
      "14": 12.520721607520931,
      "21": 13.079576476675566,
      "27": 13.00141969274302,
      "7": 12.923096312851202
    },
    "layer_slot_norm_std_by_layer": {
      "0": 0.010124819734912426,
      "14": 0.010650441264275645,
      "21": 0.011199927415515556,
      "27": 0.01125571716454674,
      "7": 0.009638893204267885
    },
    "layer_value_l2_by_layer": {
      "0": 13.918800963730108,
      "14": 48.29960526012984,
      "21": 51.92133481385278,
      "27": 143.94927503241868,
      "7": 27.341184678624888
    },
    "memory_long_l2": 117.71894836425781,
    "memory_long_slot_norm_max": 41.619930267333984,
    "memory_long_slot_norm_mean": 41.619930267333984,
    "memory_long_slot_norm_std": 0.0,
    "memory_long_slots": 8.0,
    "memory_short_l2": 78.40397819143827,
    "memory_short_pairwise_cosine_mean": 0.999820595881978,
    "memory_short_slot_norm_max": 39.20199428620886,
    "memory_short_slot_norm_mean": 39.20198972107934,
    "memory_short_slot_norm_std": 5.0490350270697264e-06,
    "memory_short_slots": 4.0,
    "pilot_injection_mode": "sparse_deep_prefix",
    "pilot_memory_path_variant": "two_level",
    "pilot_projector_token_source": "short_slots",
    "pilot_support_encoder_mode": "structured_support_set",
    "prefix_l2": 57.485554992175494,
    "prefix_slot_norm_max": 13.09735354439157,
    "prefix_slot_norm_mean": 12.852585589299437,
    "prefix_slot_norm_std": 0.20128946665857658,
    "prefix_tokens": 4.0,
    "reader_attention_entropy_max": 2.079441547393799,
    "reader_attention_entropy_mean": 2.079441547393799,
    "reader_attention_entropy_min": 2.079441547393799,
    "reader_attention_pairwise_cosine_mean": 1.0,
    "reader_num_queries": 4.0,
    "reader_query_entropy_by_query": [
      2.079441547393799,
      2.079441547393799,
      2.079441547393799,
      2.079441547393799
    ],
    "reader_slot_count": 8.0,
    "reader_slot_coverage_fraction": 0.5348360655737705,
    "support_item_count": 6.0,
    "support_item_hidden_l2": 96.10398864746094,
    "support_item_hidden_norm_max": 39.23612594604492,
    "support_item_hidden_norm_mean": 39.234283447265625,
    "support_item_hidden_norm_std": 0.0014160870341584086,
    "writer_memory_l2": 117.71894836425781,
    "writer_slot_norm_max": 41.619930267333984,
    "writer_slot_norm_mean": 41.619930267333984,
    "writer_slot_norm_std": 0.0
  },
  "prefix_l2": 57.485554992175494,
  "prefix_slot_norm_max": 13.09735354439157,
  "prefix_slot_norm_mean": 12.852585589299437,
  "prefix_slot_norm_std": 0.20128946665857658,
  "prefix_tokens": 4,
  "prompt_variant": "answer_slot_labels",
  "reader_attention_entropy_max": 2.079441547393799,
  "reader_attention_entropy_mean": 2.079441547393799,
  "reader_attention_entropy_min": 2.079441547393799,
  "reader_attention_pairwise_cosine_mean": 1.0,
  "reader_num_queries": 4.0,
  "reader_slot_count": 8.0,
  "reader_slot_coverage_fraction": 0.5348360655737705,
  "shared_injection_arm": "injected",
  "step": 12,
  "support_item_count": 6.0,
  "support_item_hidden_l2": 96.10398864746094,
  "support_item_hidden_norm_max": 39.23612594604492,
  "support_item_hidden_norm_mean": 39.234283447265625,
  "support_item_hidden_norm_std": 0.0014160870341584086,
  "support_serialization_variant": "triad_curated6",
  "support_text_block_chars": 1301,
  "task_case_dump_path": "/root/autodl-tmp/runs/verify/tl-poc-fever-qwen25/tl-h4-k4/phase2-selected/pilot-I-real/snapshot_evals/step_0012/task_case_dump.jsonl",
  "task_case_dump_rows": 61,
  "training_stage": "shared_injection_snapshot_eval",
  "writer_memory_control": "real",
  "writer_memory_l2": 117.71894836425781,
  "writer_slot_norm_max": 41.619930267333984,
  "writer_slot_norm_mean": 41.619930267333984,
  "writer_slot_norm_std": 0.0
}