{
  "best_adapt_macro_f1": 0.1855921855921856,
  "best_adapt_task_margin": -2.9418118117285554,
  "best_adapt_task_score": 0.3114754098360656,
  "checkpoint_path": "",
  "dominant_label_fraction": 0.9836065573770492,
  "label_recall_by_class": {
    "NOT_ENOUGH_INFO": 0.0,
    "REFUTES": 0.05,
    "SUPPORTS": 1.0
  },
  "memory_long_l2": 0.0,
  "memory_long_slot_norm_max": 0.0,
  "memory_long_slot_norm_mean": 0.0,
  "memory_long_slot_norm_std": 0.0,
  "memory_long_slots": 8.0,
  "memory_short_l2": 0.0,
  "memory_short_pairwise_cosine_mean": 0.0,
  "memory_short_slot_norm_max": 0.0,
  "memory_short_slot_norm_mean": 0.0,
  "memory_short_slot_norm_std": 0.0,
  "memory_short_slots": 4.0,
  "pilot_arm_alias": "I_zero",
  "pilot_fuser_short_slots": 4.0,
  "pilot_memory_path_variant": "two_level",
  "pilot_projector_token_source": "short_slots",
  "pilot_reader_context_mode": "prompt_summary",
  "pilot_reader_num_queries": 4.0,
  "pilot_support_encoder_mode": "pooled_block",
  "prefix_artifact_stats": {
    "active_prefix_layers": [
      0.0,
      7.0,
      14.0,
      21.0,
      27.0
    ],
    "layer_hidden_l2_by_layer": {
      "0": 0.25756314396858215,
      "14": 0.30731281638145447,
      "21": 0.3380793333053589,
      "27": 0.3806008994579315,
      "7": 0.33719608187675476
    },
    "layer_key_l2_by_layer": {
      "0": 2201.83984375,
      "14": 113.9097671508789,
      "21": 65.71013641357422,
      "27": 89.14120483398438,
      "7": 111.42253112792969
    },
    "layer_slot_norm_max_by_layer": {
      "0": 0.1287918984889984,
      "14": 0.1536465436220169,
      "21": 0.16904719173908234,
      "27": 0.1903059035539627,
      "7": 0.16858261823654175
    },
    "layer_slot_norm_mean_by_layer": {
      "0": 0.1287918984889984,
      "14": 0.1536465436220169,
      "21": 0.16904719173908234,
      "27": 0.1903059035539627,
      "7": 0.16858261823654175
    },
    "layer_slot_norm_std_by_layer": {
      "0": 0.0,
      "14": 0.0,
      "21": 0.0,
      "27": 0.0,
      "7": 0.0
    },
    "layer_value_l2_by_layer": {
      "0": 20.545042037963867,
      "14": 88.87667083740234,
      "21": 82.4453125,
      "27": 152.27183532714844,
      "7": 52.062889099121094
    },
    "memory_long_l2": 0.0,
    "memory_long_slot_norm_max": 0.0,
    "memory_long_slot_norm_mean": 0.0,
    "memory_long_slot_norm_std": 0.0,
    "memory_long_slots": 8.0,
    "memory_short_l2": 0.0,
    "memory_short_pairwise_cosine_mean": 0.0,
    "memory_short_slot_norm_max": 0.0,
    "memory_short_slot_norm_mean": 0.0,
    "memory_short_slot_norm_std": 0.0,
    "memory_short_slots": 4.0,
    "pilot_injection_mode": "sparse_deep_prefix",
    "pilot_memory_path_variant": "two_level",
    "pilot_projector_token_source": "short_slots",
    "pilot_support_encoder_mode": "pooled_block",
    "prefix_l2": 0.7305009961128235,
    "prefix_slot_norm_max": 0.1903059035539627,
    "prefix_slot_norm_mean": 0.16207483410835266,
    "prefix_slot_norm_std": 0.0203310027718544,
    "prefix_tokens": 4.0,
    "reader_attention_entropy_max": 1.473654492656351e-06,
    "reader_attention_entropy_mean": 1.473654492656351e-06,
    "reader_attention_entropy_min": 1.473654492656351e-06,
    "reader_attention_pairwise_cosine_mean": 0.0,
    "reader_num_queries": 4.0,
    "reader_query_entropy_by_query": [
      1.473654492656351e-06,
      1.473654492656351e-06,
      1.473654492656351e-06,
      1.473654492656351e-06
    ],
    "reader_slot_count": 8.0,
    "reader_slot_coverage_fraction": 0.0,
    "support_item_count": 0.0,
    "support_item_hidden_l2": 0.0,
    "support_item_hidden_norm_max": 0.0,
    "support_item_hidden_norm_mean": 0.0,
    "support_item_hidden_norm_std": 0.0,
    "writer_memory_l2": 0.0,
    "writer_slot_norm_max": 0.0,
    "writer_slot_norm_mean": 0.0,
    "writer_slot_norm_std": 0.0
  },
  "prefix_l2": 0.7305009961128235,
  "prefix_slot_norm_max": 0.1903059035539627,
  "prefix_slot_norm_mean": 0.16207483410835266,
  "prefix_slot_norm_std": 0.0203310027718544,
  "prefix_tokens": 4,
  "prompt_variant": "answer_slot_labels",
  "reader_attention_entropy_max": 1.473654492656351e-06,
  "reader_attention_entropy_mean": 1.473654492656351e-06,
  "reader_attention_entropy_min": 1.473654492656351e-06,
  "reader_attention_pairwise_cosine_mean": 0.0,
  "reader_num_queries": 4.0,
  "reader_slot_count": 8.0,
  "reader_slot_coverage_fraction": 0.0,
  "shared_injection_arm": "injected",
  "step": 0,
  "support_item_count": 0.0,
  "support_item_hidden_l2": 0.0,
  "support_item_hidden_norm_max": 0.0,
  "support_item_hidden_norm_mean": 0.0,
  "support_item_hidden_norm_std": 0.0,
  "support_serialization_variant": "triad_curated6",
  "support_text_block_chars": 0,
  "task_case_dump_path": "/root/autodl-tmp/runs/verify/tl-poc-fever-qwen25/tl-h4-k4/phase2-selected/pilot-I-zero/snapshot_evals/step_0000/task_case_dump.jsonl",
  "task_case_dump_rows": 61,
  "training_stage": "shared_injection_snapshot_eval",
  "writer_memory_control": "zero",
  "writer_memory_l2": 0.0,
  "writer_slot_norm_max": 0.0,
  "writer_slot_norm_mean": 0.0,
  "writer_slot_norm_std": 0.0
}