{
  "best_adapt_macro_f1": 0.1518987341772152,
  "best_adapt_task_margin": -5.626505179483383,
  "best_adapt_task_score": 0.29508196721311475,
  "checkpoint_path": "/root/autodl-tmp/runs/verify/tl-poc-fever-qwen25/tl-h4-k8/phase2-selected/pilot-I-shuffle/snapshot_evals/step_0032/checkpoint.pt",
  "dominant_label_fraction": 1.0,
  "label_recall_by_class": {
    "NOT_ENOUGH_INFO": 0.0,
    "REFUTES": 0.0,
    "SUPPORTS": 1.0
  },
  "memory_long_l2": 117.72626495361328,
  "memory_long_slot_norm_max": 41.62251281738281,
  "memory_long_slot_norm_mean": 41.62250900268555,
  "memory_long_slot_norm_std": 2.336015541004599e-06,
  "memory_long_slots": 8.0,
  "memory_short_l2": 110.88758624967981,
  "memory_short_pairwise_cosine_mean": 0.999862437365485,
  "memory_short_slot_norm_max": 39.20469359100842,
  "memory_short_slot_norm_mean": 39.20468270974081,
  "memory_short_slot_norm_std": 7.236962059711213e-06,
  "memory_short_slots": 8.0,
  "pilot_arm_alias": "I_shuffle",
  "pilot_fuser_short_slots": 8.0,
  "pilot_memory_path_variant": "two_level",
  "pilot_projector_token_source": "short_slots",
  "pilot_reader_context_mode": "prompt_summary",
  "pilot_reader_num_queries": 4.0,
  "pilot_support_encoder_mode": "structured_support_set",
  "prefix_artifact_stats": {
    "active_prefix_layers": [
      0.0,
      7.0,
      14.0,
      21.0,
      27.0
    ],
    "layer_hidden_l2_by_layer": {
      "0": 34.12776640594983,
      "14": 34.99556269411181,
      "21": 35.21083625418241,
      "27": 36.00718038590228,
      "7": 35.442179257752464
    },
    "layer_key_l2_by_layer": {
      "0": 3116.280737704918,
      "14": 82.53944697145556,
      "21": 54.235271704001505,
      "27": 61.70784102893266,
      "7": 140.39921369708952
    },
    "layer_slot_norm_max_by_layer": {
      "0": 12.072348766639584,
      "14": 12.379749454435755,
      "21": 12.455953785630523,
      "27": 12.737111779509998,
      "7": 12.538531491013824
    },
    "layer_slot_norm_mean_by_layer": {
      "0": 12.06592966298588,
      "14": 12.372785536969294,
      "21": 12.448927144535253,
      "27": 12.730391095896236,
      "7": 12.530790782365642
    },
    "layer_slot_norm_std_by_layer": {
      "0": 0.006433237954729893,
      "14": 0.006709565423795434,
      "21": 0.00661909155028521,
      "27": 0.006719446221946693,
      "7": 0.0068563342430308215
    },
    "layer_value_l2_by_layer": {
      "0": 18.200953217803455,
      "14": 67.34510653136206,
      "21": 72.85317130166976,
      "27": 194.67113132164127,
      "7": 32.40291245257268
    },
    "memory_long_l2": 117.72626495361328,
    "memory_long_slot_norm_max": 41.62251281738281,
    "memory_long_slot_norm_mean": 41.62250900268555,
    "memory_long_slot_norm_std": 2.336015541004599e-06,
    "memory_long_slots": 8.0,
    "memory_short_l2": 110.88758624967981,
    "memory_short_pairwise_cosine_mean": 0.999862437365485,
    "memory_short_slot_norm_max": 39.20469359100842,
    "memory_short_slot_norm_mean": 39.20468270974081,
    "memory_short_slot_norm_std": 7.236962059711213e-06,
    "memory_short_slots": 8.0,
    "pilot_injection_mode": "sparse_deep_prefix",
    "pilot_memory_path_variant": "two_level",
    "pilot_projector_token_source": "short_slots",
    "pilot_support_encoder_mode": "structured_support_set",
    "prefix_l2": 78.62477487032531,
    "prefix_slot_norm_max": 12.737111779509998,
    "prefix_slot_norm_mean": 12.429764903959681,
    "prefix_slot_norm_std": 0.21767238564178593,
    "prefix_tokens": 8.0,
    "reader_attention_entropy_max": 2.079441547393799,
    "reader_attention_entropy_mean": 2.079441547393799,
    "reader_attention_entropy_min": 2.079441547393799,
    "reader_attention_pairwise_cosine_mean": 1.0,
    "reader_num_queries": 4.0,
    "reader_query_entropy_by_query": [
      2.079441547393799,
      2.079441547393799,
      2.079441547393799,
      2.079441547393799
    ],
    "reader_slot_count": 8.0,
    "reader_slot_coverage_fraction": 0.4405737704918033,
    "support_item_count": 6.0,
    "support_item_hidden_l2": 96.10810089111328,
    "support_item_hidden_norm_max": 39.23756408691406,
    "support_item_hidden_norm_mean": 39.235965728759766,
    "support_item_hidden_norm_std": 0.0016399434534832835,
    "writer_memory_l2": 117.72626495361328,
    "writer_slot_norm_max": 41.62251281738281,
    "writer_slot_norm_mean": 41.62250900268555,
    "writer_slot_norm_std": 2.336015541004599e-06
  },
  "prefix_l2": 78.62477487032531,
  "prefix_slot_norm_max": 12.737111779509998,
  "prefix_slot_norm_mean": 12.429764903959681,
  "prefix_slot_norm_std": 0.21767238564178593,
  "prefix_tokens": 8,
  "prompt_variant": "answer_slot_labels",
  "reader_attention_entropy_max": 2.079441547393799,
  "reader_attention_entropy_mean": 2.079441547393799,
  "reader_attention_entropy_min": 2.079441547393799,
  "reader_attention_pairwise_cosine_mean": 1.0,
  "reader_num_queries": 4.0,
  "reader_slot_count": 8.0,
  "reader_slot_coverage_fraction": 0.4405737704918033,
  "shared_injection_arm": "injected",
  "step": 32,
  "support_item_count": 6.0,
  "support_item_hidden_l2": 96.10810089111328,
  "support_item_hidden_norm_max": 39.23756408691406,
  "support_item_hidden_norm_mean": 39.235965728759766,
  "support_item_hidden_norm_std": 0.0016399434534832835,
  "support_serialization_variant": "triad_curated6",
  "support_text_block_chars": 1415,
  "task_case_dump_path": "/root/autodl-tmp/runs/verify/tl-poc-fever-qwen25/tl-h4-k8/phase2-selected/pilot-I-shuffle/snapshot_evals/step_0032/task_case_dump.jsonl",
  "task_case_dump_rows": 61,
  "training_stage": "shared_injection_snapshot_eval",
  "writer_memory_control": "shuffled",
  "writer_memory_l2": 117.72626495361328,
  "writer_slot_norm_max": 41.62251281738281,
  "writer_slot_norm_mean": 41.62250900268555,
  "writer_slot_norm_std": 2.336015541004599e-06
}