{
  "best_adapt_macro_f1": 0.1518987341772152,
  "best_adapt_task_margin": -3.68928234694434,
  "best_adapt_task_score": 0.29508196721311475,
  "checkpoint_path": "/root/autodl-tmp/runs/verify/tl-poc-fever-qwen25/tl-h4-k8/phase2-selected/pilot-I-shuffle/snapshot_evals/step_0008/checkpoint.pt",
  "dominant_label_fraction": 1.0,
  "label_recall_by_class": {
    "NOT_ENOUGH_INFO": 0.0,
    "REFUTES": 0.0,
    "SUPPORTS": 1.0
  },
  "memory_long_l2": 117.72594451904297,
  "memory_long_slot_norm_max": 41.62240982055664,
  "memory_long_slot_norm_mean": 41.622406005859375,
  "memory_long_slot_norm_std": 1.3486991292666062e-06,
  "memory_long_slots": 8.0,
  "memory_short_l2": 110.87265815109502,
  "memory_short_pairwise_cosine_mean": 0.9997747804297775,
  "memory_short_slot_norm_max": 39.19941379984871,
  "memory_short_slot_norm_mean": 39.199404481981624,
  "memory_short_slot_norm_std": 6.080684454259501e-06,
  "memory_short_slots": 8.0,
  "pilot_arm_alias": "I_shuffle",
  "pilot_fuser_short_slots": 8.0,
  "pilot_memory_path_variant": "two_level",
  "pilot_projector_token_source": "short_slots",
  "pilot_reader_context_mode": "prompt_summary",
  "pilot_reader_num_queries": 4.0,
  "pilot_support_encoder_mode": "structured_support_set",
  "prefix_artifact_stats": {
    "active_prefix_layers": [
      0.0,
      7.0,
      14.0,
      21.0,
      27.0
    ],
    "layer_hidden_l2_by_layer": {
      "0": 28.806177358158298,
      "14": 29.560788889400296,
      "21": 29.65361957862729,
      "27": 30.244972010127835,
      "7": 30.067597123443104
    },
    "layer_key_l2_by_layer": {
      "0": 3116.0609270940063,
      "14": 80.31756654332895,
      "21": 52.798047612925046,
      "27": 61.161787939853355,
      "7": 141.41525468669954
    },
    "layer_slot_norm_max_by_layer": {
      "0": 10.195628431976818,
      "14": 10.463149273981813,
      "21": 10.496118529898222,
      "27": 10.705236591276575,
      "7": 10.643301823100106
    },
    "layer_slot_norm_mean_by_layer": {
      "0": 10.184542843552887,
      "14": 10.451301496537006,
      "21": 10.484091242805857,
      "27": 10.693186650510695,
      "7": 10.63053120159712
    },
    "layer_slot_norm_std_by_layer": {
      "0": 0.008708330634676043,
      "14": 0.009027819805702225,
      "21": 0.008961152590689112,
      "27": 0.009107456863170764,
      "7": 0.009238073373305017
    },
    "layer_value_l2_by_layer": {
      "0": 18.025905233914735,
      "14": 66.27130151967533,
      "21": 70.29735927894467,
      "27": 192.31673744076588,
      "7": 31.52604722194984
    },
    "memory_long_l2": 117.72594451904297,
    "memory_long_slot_norm_max": 41.62240982055664,
    "memory_long_slot_norm_mean": 41.622406005859375,
    "memory_long_slot_norm_std": 1.3486991292666062e-06,
    "memory_long_slots": 8.0,
    "memory_short_l2": 110.87265815109502,
    "memory_short_pairwise_cosine_mean": 0.9997747804297775,
    "memory_short_slot_norm_max": 39.19941379984871,
    "memory_short_slot_norm_mean": 39.199404481981624,
    "memory_short_slot_norm_std": 6.080684454259501e-06,
    "memory_short_slots": 8.0,
    "pilot_injection_mode": "sparse_deep_prefix",
    "pilot_memory_path_variant": "two_level",
    "pilot_projector_token_source": "short_slots",
    "pilot_support_encoder_mode": "structured_support_set",
    "prefix_l2": 66.34597540683434,
    "prefix_slot_norm_max": 10.705236591276575,
    "prefix_slot_norm_mean": 10.4887306494791,
    "prefix_slot_norm_std": 0.17683072901162944,
    "prefix_tokens": 8.0,
    "reader_attention_entropy_max": 2.079441547393799,
    "reader_attention_entropy_mean": 2.079441547393799,
    "reader_attention_entropy_min": 2.079441547393799,
    "reader_attention_pairwise_cosine_mean": 1.0,
    "reader_num_queries": 4.0,
    "reader_query_entropy_by_query": [
      2.079441547393799,
      2.079441547393799,
      2.079441547393799,
      2.079441547393799
    ],
    "reader_slot_count": 8.0,
    "reader_slot_coverage_fraction": 0.3975409836065574,
    "support_item_count": 6.0,
    "support_item_hidden_l2": 96.1007080078125,
    "support_item_hidden_norm_max": 39.23457717895508,
    "support_item_hidden_norm_mean": 39.23295211791992,
    "support_item_hidden_norm_std": 0.001518718316219747,
    "writer_memory_l2": 117.72594451904297,
    "writer_slot_norm_max": 41.62240982055664,
    "writer_slot_norm_mean": 41.622406005859375,
    "writer_slot_norm_std": 1.3486991292666062e-06
  },
  "prefix_l2": 66.34597540683434,
  "prefix_slot_norm_max": 10.705236591276575,
  "prefix_slot_norm_mean": 10.4887306494791,
  "prefix_slot_norm_std": 0.17683072901162944,
  "prefix_tokens": 8,
  "prompt_variant": "answer_slot_labels",
  "reader_attention_entropy_max": 2.079441547393799,
  "reader_attention_entropy_mean": 2.079441547393799,
  "reader_attention_entropy_min": 2.079441547393799,
  "reader_attention_pairwise_cosine_mean": 1.0,
  "reader_num_queries": 4.0,
  "reader_slot_count": 8.0,
  "reader_slot_coverage_fraction": 0.3975409836065574,
  "shared_injection_arm": "injected",
  "step": 8,
  "support_item_count": 6.0,
  "support_item_hidden_l2": 96.1007080078125,
  "support_item_hidden_norm_max": 39.23457717895508,
  "support_item_hidden_norm_mean": 39.23295211791992,
  "support_item_hidden_norm_std": 0.001518718316219747,
  "support_serialization_variant": "triad_curated6",
  "support_text_block_chars": 1415,
  "task_case_dump_path": "/root/autodl-tmp/runs/verify/tl-poc-fever-qwen25/tl-h4-k8/phase2-selected/pilot-I-shuffle/snapshot_evals/step_0008/task_case_dump.jsonl",
  "task_case_dump_rows": 61,
  "training_stage": "shared_injection_snapshot_eval",
  "writer_memory_control": "shuffled",
  "writer_memory_l2": 117.72594451904297,
  "writer_slot_norm_max": 41.62240982055664,
  "writer_slot_norm_mean": 41.622406005859375,
  "writer_slot_norm_std": 1.3486991292666062e-06
}