{
  "best_adapt_macro_f1": 0.1518987341772152,
  "best_adapt_task_margin": -4.880417761255483,
  "best_adapt_task_score": 0.29508196721311475,
  "checkpoint_path": "/root/autodl-tmp/runs/verify/tl-poc-fever-qwen25/sl8/phase2-selected/pilot-I-real/snapshot_evals/step_0024/checkpoint.pt",
  "dominant_label_fraction": 1.0,
  "label_recall_by_class": {
    "NOT_ENOUGH_INFO": 0.0,
    "REFUTES": 0.0,
    "SUPPORTS": 1.0
  },
  "memory_long_l2": 117.73880004882812,
  "memory_long_slot_norm_max": 41.62696075439453,
  "memory_long_slot_norm_mean": 41.626956939697266,
  "memory_long_slot_norm_std": 3.5683226542460034e-06,
  "memory_long_slots": 8.0,
  "memory_short_l2": 117.73880004882812,
  "memory_short_pairwise_cosine_mean": 1.0,
  "memory_short_slot_norm_max": 41.62696075439453,
  "memory_short_slot_norm_mean": 41.626956939697266,
  "memory_short_slot_norm_std": 3.5683226542460034e-06,
  "memory_short_slots": 8.0,
  "pilot_arm_alias": "I_real",
  "pilot_fuser_short_slots": 8.0,
  "pilot_memory_path_variant": "single_level",
  "pilot_projector_token_source": "writer_slots",
  "pilot_reader_context_mode": "prompt_summary",
  "pilot_reader_num_queries": 0.0,
  "pilot_support_encoder_mode": "structured_support_set",
  "prefix_artifact_stats": {
    "active_prefix_layers": [
      0,
      7,
      14,
      21,
      27
    ],
    "layer_hidden_l2_by_layer": {
      "0": 29.202280044555664,
      "14": 28.594810485839844,
      "21": 29.34049415588379,
      "27": 29.13498878479004,
      "7": 27.878150939941406
    },
    "layer_key_l2_by_layer": {
      "0": 3114.28076171875,
      "14": 95.04735565185547,
      "21": 59.2938346862793,
      "27": 80.78582000732422,
      "7": 150.93118286132812
    },
    "layer_slot_norm_max_by_layer": {
      "0": 10.32461929321289,
      "14": 10.109284400939941,
      "21": 10.372763633728027,
      "27": 10.301081657409668,
      "7": 9.856711387634277
    },
    "layer_slot_norm_mean_by_layer": {
      "0": 10.324617385864258,
      "14": 10.109283447265625,
      "21": 10.372763633728027,
      "27": 10.301080703735352,
      "7": 9.856710433959961
    },
    "layer_slot_norm_std_by_layer": {
      "0": 1.0115243185282452e-06,
      "14": 8.920806635615008e-07,
      "21": 1.3902072169003077e-06,
      "27": 8.920806635615008e-07,
      "7": 7.539457556049456e-07
    },
    "layer_value_l2_by_layer": {
      "0": 21.230451583862305,
      "14": 79.21761322021484,
      "21": 79.3580093383789,
      "27": 221.40225219726562,
      "7": 42.72751998901367
    },
    "memory_long_l2": 117.73880004882812,
    "memory_long_slot_norm_max": 41.62696075439453,
    "memory_long_slot_norm_mean": 41.626956939697266,
    "memory_long_slot_norm_std": 3.5683226542460034e-06,
    "memory_long_slots": 8.0,
    "memory_short_l2": 117.73880004882812,
    "memory_short_pairwise_cosine_mean": 1.0,
    "memory_short_slot_norm_max": 41.62696075439453,
    "memory_short_slot_norm_mean": 41.626956939697266,
    "memory_short_slot_norm_std": 3.5683226542460034e-06,
    "memory_short_slots": 8.0,
    "pilot_injection_mode": "sparse_deep_prefix",
    "pilot_memory_path_variant": "single_level",
    "pilot_projector_token_source": "writer_slots",
    "pilot_support_encoder_mode": "structured_support_set",
    "prefix_l2": 64.47677612304688,
    "prefix_slot_norm_max": 10.372763633728027,
    "prefix_slot_norm_mean": 10.192891120910645,
    "prefix_slot_norm_std": 0.19048276543617249,
    "prefix_tokens": 8.0,
    "reader_attention_entropy_max": 0.0,
    "reader_attention_entropy_mean": 0.0,
    "reader_attention_entropy_min": 0.0,
    "reader_attention_pairwise_cosine_mean": 0.0,
    "reader_num_queries": 0.0,
    "reader_query_entropy_by_query": [],
    "reader_slot_count": 8.0,
    "reader_slot_coverage_fraction": 0.0,
    "support_item_count": 6.0,
    "support_item_hidden_l2": 96.1034164428711,
    "support_item_hidden_norm_max": 39.235755920410156,
    "support_item_hidden_norm_mean": 39.23405838012695,
    "support_item_hidden_norm_std": 0.0013901732163503766,
    "writer_memory_l2": 117.73880004882812,
    "writer_slot_norm_max": 41.62696075439453,
    "writer_slot_norm_mean": 41.626956939697266,
    "writer_slot_norm_std": 3.5683226542460034e-06
  },
  "prefix_l2": 64.47677612304688,
  "prefix_slot_norm_max": 10.372763633728027,
  "prefix_slot_norm_mean": 10.192891120910645,
  "prefix_slot_norm_std": 0.19048276543617249,
  "prefix_tokens": 8,
  "prompt_variant": "answer_slot_labels",
  "reader_attention_entropy_max": 0.0,
  "reader_attention_entropy_mean": 0.0,
  "reader_attention_entropy_min": 0.0,
  "reader_attention_pairwise_cosine_mean": 0.0,
  "reader_num_queries": 0.0,
  "reader_slot_count": 8.0,
  "reader_slot_coverage_fraction": 0.0,
  "shared_injection_arm": "injected",
  "step": 24,
  "support_item_count": 6.0,
  "support_item_hidden_l2": 96.1034164428711,
  "support_item_hidden_norm_max": 39.235755920410156,
  "support_item_hidden_norm_mean": 39.23405838012695,
  "support_item_hidden_norm_std": 0.0013901732163503766,
  "support_serialization_variant": "triad_curated6",
  "support_text_block_chars": 1301,
  "task_case_dump_path": "/root/autodl-tmp/runs/verify/tl-poc-fever-qwen25/sl8/phase2-selected/pilot-I-real/snapshot_evals/step_0024/task_case_dump.jsonl",
  "task_case_dump_rows": 61,
  "training_stage": "shared_injection_snapshot_eval",
  "writer_memory_control": "real",
  "writer_memory_l2": 117.73880004882812,
  "writer_slot_norm_max": 41.62696075439453,
  "writer_slot_norm_mean": 41.626956939697266,
  "writer_slot_norm_std": 3.5683226542460034e-06
}