{
  "best_adapt_macro_f1": 0.1518987341772152,
  "best_adapt_task_margin": -3.7166904308756843,
  "best_adapt_task_score": 0.29508196721311475,
  "checkpoint_path": "/root/autodl-tmp/runs/verify/tl-poc-fever-qwen25/tl-h4-k4/phase2-selected/pilot-I-shuffle/snapshot_evals/step_0032/checkpoint.pt",
  "dominant_label_fraction": 1.0,
  "label_recall_by_class": {
    "NOT_ENOUGH_INFO": 0.0,
    "REFUTES": 0.0,
    "SUPPORTS": 1.0
  },
  "memory_long_l2": 117.73471069335938,
  "memory_long_slot_norm_max": 41.62550735473633,
  "memory_long_slot_norm_mean": 41.62550735473633,
  "memory_long_slot_norm_std": 3.814697265625e-06,
  "memory_long_slots": 8.0,
  "memory_short_l2": 78.41076384997758,
  "memory_short_pairwise_cosine_mean": 0.9998774782556002,
  "memory_short_slot_norm_max": 39.20539080510374,
  "memory_short_slot_norm_mean": 39.20538230020492,
  "memory_short_slot_norm_std": 6.751326132930966e-06,
  "memory_short_slots": 4.0,
  "pilot_arm_alias": "I_shuffle",
  "pilot_fuser_short_slots": 4.0,
  "pilot_memory_path_variant": "two_level",
  "pilot_projector_token_source": "short_slots",
  "pilot_reader_context_mode": "prompt_summary",
  "pilot_reader_num_queries": 4.0,
  "pilot_support_encoder_mode": "structured_support_set",
  "prefix_artifact_stats": {
    "active_prefix_layers": [
      0.0,
      7.0,
      14.0,
      21.0,
      27.0
    ],
    "layer_hidden_l2_by_layer": {
      "0": 20.27411370199235,
      "14": 20.74652787505603,
      "21": 20.041962764302237,
      "27": 19.681292393168466,
      "7": 19.505707005985446
    },
    "layer_key_l2_by_layer": {
      "0": 2205.0013327676743,
      "14": 56.288565151026994,
      "21": 43.519465462106176,
      "27": 59.10784699486904,
      "7": 102.37810716472688
    },
    "layer_slot_norm_max_by_layer": {
      "0": 10.144050973360656,
      "14": 10.37973985515657,
      "21": 10.027934668494053,
      "27": 9.846570859189894,
      "7": 9.759127163496174
    },
    "layer_slot_norm_mean_by_layer": {
      "0": 10.137149513744918,
      "14": 10.373266438968846,
      "21": 10.0211085178813,
      "27": 9.84065520177122,
      "7": 9.752899076117844
    },
    "layer_slot_norm_std_by_layer": {
      "0": 0.004609715949255424,
      "14": 0.004398518967152131,
      "21": 0.004522470322239106,
      "27": 0.004073764892203398,
      "7": 0.0042614925301587975
    },
    "layer_value_l2_by_layer": {
      "0": 12.49748197149058,
      "14": 43.870193919197455,
      "21": 50.02025410386383,
      "27": 138.27525704805967,
      "7": 24.02788474911549
    },
    "memory_long_l2": 117.73471069335938,
    "memory_long_slot_norm_max": 41.62550735473633,
    "memory_long_slot_norm_mean": 41.62550735473633,
    "memory_long_slot_norm_std": 3.814697265625e-06,
    "memory_long_slots": 8.0,
    "memory_short_l2": 78.41076384997758,
    "memory_short_pairwise_cosine_mean": 0.9998774782556002,
    "memory_short_slot_norm_max": 39.20539080510374,
    "memory_short_slot_norm_mean": 39.20538230020492,
    "memory_short_slot_norm_std": 6.751326132930966e-06,
    "memory_short_slots": 4.0,
    "pilot_injection_mode": "sparse_deep_prefix",
    "pilot_memory_path_variant": "two_level",
    "pilot_projector_token_source": "short_slots",
    "pilot_support_encoder_mode": "structured_support_set",
    "prefix_l2": 44.84402715964396,
    "prefix_slot_norm_max": 10.37973985515657,
    "prefix_slot_norm_mean": 10.025015690287606,
    "prefix_slot_norm_std": 0.2200031957176865,
    "prefix_tokens": 4.0,
    "reader_attention_entropy_max": 2.079441547393799,
    "reader_attention_entropy_mean": 2.079441547393799,
    "reader_attention_entropy_min": 2.079441547393799,
    "reader_attention_pairwise_cosine_mean": 1.0,
    "reader_num_queries": 4.0,
    "reader_query_entropy_by_query": [
      2.079441547393799,
      2.079441547393799,
      2.079441547393799,
      2.079441547393799
    ],
    "reader_slot_count": 8.0,
    "reader_slot_coverage_fraction": 0.4959016393442623,
    "support_item_count": 6.0,
    "support_item_hidden_l2": 96.11068725585938,
    "support_item_hidden_norm_max": 39.238548278808594,
    "support_item_hidden_norm_mean": 39.23701477050781,
    "support_item_hidden_norm_std": 0.0016130735166370869,
    "writer_memory_l2": 117.73471069335938,
    "writer_slot_norm_max": 41.62550735473633,
    "writer_slot_norm_mean": 41.62550735473633,
    "writer_slot_norm_std": 3.814697265625e-06
  },
  "prefix_l2": 44.84402715964396,
  "prefix_slot_norm_max": 10.37973985515657,
  "prefix_slot_norm_mean": 10.025015690287606,
  "prefix_slot_norm_std": 0.2200031957176865,
  "prefix_tokens": 4,
  "prompt_variant": "answer_slot_labels",
  "reader_attention_entropy_max": 2.079441547393799,
  "reader_attention_entropy_mean": 2.079441547393799,
  "reader_attention_entropy_min": 2.079441547393799,
  "reader_attention_pairwise_cosine_mean": 1.0,
  "reader_num_queries": 4.0,
  "reader_slot_count": 8.0,
  "reader_slot_coverage_fraction": 0.4959016393442623,
  "shared_injection_arm": "injected",
  "step": 32,
  "support_item_count": 6.0,
  "support_item_hidden_l2": 96.11068725585938,
  "support_item_hidden_norm_max": 39.238548278808594,
  "support_item_hidden_norm_mean": 39.23701477050781,
  "support_item_hidden_norm_std": 0.0016130735166370869,
  "support_serialization_variant": "triad_curated6",
  "support_text_block_chars": 1415,
  "task_case_dump_path": "/root/autodl-tmp/runs/verify/tl-poc-fever-qwen25/tl-h4-k4/phase2-selected/pilot-I-shuffle/snapshot_evals/step_0032/task_case_dump.jsonl",
  "task_case_dump_rows": 61,
  "training_stage": "shared_injection_snapshot_eval",
  "writer_memory_control": "shuffled",
  "writer_memory_l2": 117.73471069335938,
  "writer_slot_norm_max": 41.62550735473633,
  "writer_slot_norm_mean": 41.62550735473633,
  "writer_slot_norm_std": 3.814697265625e-06
}