{
  "best_adapt_macro_f1": 0.1518987341772152,
  "best_adapt_task_margin": -4.695076442155682,
  "best_adapt_task_score": 0.29508196721311475,
  "checkpoint_path": "/root/autodl-tmp/runs/verify/tl-poc-fever-qwen25/sl8/phase2-selected/pilot-I-shuffle/snapshot_evals/step_0016/checkpoint.pt",
  "dominant_label_fraction": 1.0,
  "label_recall_by_class": {
    "NOT_ENOUGH_INFO": 0.0,
    "REFUTES": 0.0,
    "SUPPORTS": 1.0
  },
  "memory_long_l2": 117.73692321777344,
  "memory_long_slot_norm_max": 41.62629318237305,
  "memory_long_slot_norm_mean": 41.62628936767578,
  "memory_long_slot_norm_std": 3.303624680484063e-06,
  "memory_long_slots": 8.0,
  "memory_short_l2": 117.73692321777344,
  "memory_short_pairwise_cosine_mean": 1.0,
  "memory_short_slot_norm_max": 41.62629318237305,
  "memory_short_slot_norm_mean": 41.62628936767578,
  "memory_short_slot_norm_std": 3.303624680484063e-06,
  "memory_short_slots": 8.0,
  "pilot_arm_alias": "I_shuffle",
  "pilot_fuser_short_slots": 8.0,
  "pilot_memory_path_variant": "single_level",
  "pilot_projector_token_source": "writer_slots",
  "pilot_reader_context_mode": "prompt_summary",
  "pilot_reader_num_queries": 0.0,
  "pilot_support_encoder_mode": "structured_support_set",
  "prefix_artifact_stats": {
    "active_prefix_layers": [
      0,
      7,
      14,
      21,
      27
    ],
    "layer_hidden_l2_by_layer": {
      "0": 29.313379287719727,
      "14": 28.71183967590332,
      "21": 29.47118377685547,
      "27": 29.329984664916992,
      "7": 28.158905029296875
    },
    "layer_key_l2_by_layer": {
      "0": 3115.92724609375,
      "14": 95.29471588134766,
      "21": 59.699913024902344,
      "27": 81.73672485351562,
      "7": 151.0194854736328
    },
    "layer_slot_norm_max_by_layer": {
      "0": 10.36294937133789,
      "14": 10.15101146697998,
      "21": 10.41855525970459,
      "27": 10.368751525878906,
      "7": 9.955777168273926
    },
    "layer_slot_norm_mean_by_layer": {
      "0": 10.362948417663574,
      "14": 10.151009559631348,
      "21": 10.41855525970459,
      "27": 10.36875057220459,
      "7": 9.95577621459961
    },
    "layer_slot_norm_std_by_layer": {
      "0": 4.76837158203125e-07,
      "14": 6.743495646333031e-07,
      "21": 8.920806635615008e-07,
      "27": 8.259061701210157e-07,
      "7": 3.3717478231665154e-07
    },
    "layer_value_l2_by_layer": {
      "0": 21.250850677490234,
      "14": 78.21123504638672,
      "21": 78.35574340820312,
      "27": 219.3193359375,
      "7": 43.405792236328125
    },
    "memory_long_l2": 117.73692321777344,
    "memory_long_slot_norm_max": 41.62629318237305,
    "memory_long_slot_norm_mean": 41.62628936767578,
    "memory_long_slot_norm_std": 3.303624680484063e-06,
    "memory_long_slots": 8.0,
    "memory_short_l2": 117.73692321777344,
    "memory_short_pairwise_cosine_mean": 1.0,
    "memory_short_slot_norm_max": 41.62629318237305,
    "memory_short_slot_norm_mean": 41.62628936767578,
    "memory_short_slot_norm_std": 3.303624680484063e-06,
    "memory_short_slots": 8.0,
    "pilot_injection_mode": "sparse_deep_prefix",
    "pilot_memory_path_variant": "single_level",
    "pilot_projector_token_source": "writer_slots",
    "pilot_support_encoder_mode": "structured_support_set",
    "prefix_l2": 64.84490966796875,
    "prefix_slot_norm_max": 10.41855525970459,
    "prefix_slot_norm_mean": 10.251408576965332,
    "prefix_slot_norm_std": 0.17414146661758423,
    "prefix_tokens": 8.0,
    "reader_attention_entropy_max": 0.0,
    "reader_attention_entropy_mean": 0.0,
    "reader_attention_entropy_min": 0.0,
    "reader_attention_pairwise_cosine_mean": 0.0,
    "reader_num_queries": 0.0,
    "reader_query_entropy_by_query": [],
    "reader_slot_count": 8.0,
    "reader_slot_coverage_fraction": 0.0,
    "support_item_count": 6.0,
    "support_item_hidden_l2": 96.10122680664062,
    "support_item_hidden_norm_max": 39.23472213745117,
    "support_item_hidden_norm_mean": 39.233158111572266,
    "support_item_hidden_norm_std": 0.0015707445563748479,
    "writer_memory_l2": 117.73692321777344,
    "writer_slot_norm_max": 41.62629318237305,
    "writer_slot_norm_mean": 41.62628936767578,
    "writer_slot_norm_std": 3.303624680484063e-06
  },
  "prefix_l2": 64.84490966796875,
  "prefix_slot_norm_max": 10.41855525970459,
  "prefix_slot_norm_mean": 10.251408576965332,
  "prefix_slot_norm_std": 0.17414146661758423,
  "prefix_tokens": 8,
  "prompt_variant": "answer_slot_labels",
  "reader_attention_entropy_max": 0.0,
  "reader_attention_entropy_mean": 0.0,
  "reader_attention_entropy_min": 0.0,
  "reader_attention_pairwise_cosine_mean": 0.0,
  "reader_num_queries": 0.0,
  "reader_slot_count": 8.0,
  "reader_slot_coverage_fraction": 0.0,
  "shared_injection_arm": "injected",
  "step": 16,
  "support_item_count": 6.0,
  "support_item_hidden_l2": 96.10122680664062,
  "support_item_hidden_norm_max": 39.23472213745117,
  "support_item_hidden_norm_mean": 39.233158111572266,
  "support_item_hidden_norm_std": 0.0015707445563748479,
  "support_serialization_variant": "triad_curated6",
  "support_text_block_chars": 1415,
  "task_case_dump_path": "/root/autodl-tmp/runs/verify/tl-poc-fever-qwen25/sl8/phase2-selected/pilot-I-shuffle/snapshot_evals/step_0016/task_case_dump.jsonl",
  "task_case_dump_rows": 61,
  "training_stage": "shared_injection_snapshot_eval",
  "writer_memory_control": "shuffled",
  "writer_memory_l2": 117.73692321777344,
  "writer_slot_norm_max": 41.62629318237305,
  "writer_slot_norm_mean": 41.62628936767578,
  "writer_slot_norm_std": 3.303624680484063e-06
}