{
  "best_adapt_macro_f1": 0.1518987341772152,
  "best_adapt_task_margin": -4.271934368571297,
  "best_adapt_task_score": 0.29508196721311475,
  "checkpoint_path": "/root/autodl-tmp/runs/verify/tl-poc-fever-qwen25/tl-h4-k4/phase2-selected/pilot-I-real/snapshot_evals/step_0024/checkpoint.pt",
  "dominant_label_fraction": 1.0,
  "label_recall_by_class": {
    "NOT_ENOUGH_INFO": 0.0,
    "REFUTES": 0.0,
    "SUPPORTS": 1.0
  },
  "memory_long_l2": 117.7189712524414,
  "memory_long_slot_norm_max": 41.61994171142578,
  "memory_long_slot_norm_mean": 41.61993408203125,
  "memory_long_slot_norm_std": 3.303624680484063e-06,
  "memory_long_slots": 8.0,
  "memory_short_l2": 78.41067692490874,
  "memory_short_pairwise_cosine_mean": 0.9998642079165725,
  "memory_short_slot_norm_max": 39.20534484112849,
  "memory_short_slot_norm_mean": 39.20533865006244,
  "memory_short_slot_norm_std": 5.353695135707938e-06,
  "memory_short_slots": 4.0,
  "pilot_arm_alias": "I_real",
  "pilot_fuser_short_slots": 4.0,
  "pilot_memory_path_variant": "two_level",
  "pilot_projector_token_source": "short_slots",
  "pilot_reader_context_mode": "prompt_summary",
  "pilot_reader_num_queries": 4.0,
  "pilot_support_encoder_mode": "structured_support_set",
  "prefix_artifact_stats": {
    "active_prefix_layers": [
      0.0,
      7.0,
      14.0,
      21.0,
      27.0
    ],
    "layer_hidden_l2_by_layer": {
      "0": 28.93785858154297,
      "14": 28.408838490970798,
      "21": 29.59045738470359,
      "27": 29.463241295736346,
      "7": 29.322543566344216
    },
    "layer_key_l2_by_layer": {
      "0": 2202.5957351434427,
      "14": 73.72602444007748,
      "21": 46.14967139822538,
      "27": 50.11876540887551,
      "7": 102.59767113357294
    },
    "layer_slot_norm_max_by_layer": {
      "0": 14.4814893222246,
      "14": 14.218216301964931,
      "21": 14.80954360961914,
      "27": 14.74585175123371,
      "7": 14.673459522059707
    },
    "layer_slot_norm_mean_by_layer": {
      "0": 14.468854732200748,
      "14": 14.204448246565022,
      "21": 14.795218905464548,
      "27": 14.731644771138175,
      "7": 14.661237388360696
    },
    "layer_slot_norm_std_by_layer": {
      "0": 0.00813362932168558,
      "14": 0.008820404817701364,
      "21": 0.008983904465300138,
      "27": 0.009107821865282098,
      "7": 0.007948474355469474
    },
    "layer_value_l2_by_layer": {
      "0": 14.0759135699663,
      "14": 48.40095069760182,
      "21": 52.622145668405004,
      "27": 145.61306262407146,
      "7": 27.253193276827453
    },
    "memory_long_l2": 117.7189712524414,
    "memory_long_slot_norm_max": 41.61994171142578,
    "memory_long_slot_norm_mean": 41.61993408203125,
    "memory_long_slot_norm_std": 3.303624680484063e-06,
    "memory_long_slots": 8.0,
    "memory_short_l2": 78.41067692490874,
    "memory_short_pairwise_cosine_mean": 0.9998642079165725,
    "memory_short_slot_norm_max": 39.20534484112849,
    "memory_short_slot_norm_mean": 39.20533865006244,
    "memory_short_slot_norm_std": 5.353695135707938e-06,
    "memory_short_slots": 4.0,
    "pilot_injection_mode": "sparse_deep_prefix",
    "pilot_memory_path_variant": "two_level",
    "pilot_projector_token_source": "short_slots",
    "pilot_support_encoder_mode": "structured_support_set",
    "prefix_l2": 65.17625940041464,
    "prefix_slot_norm_max": 14.80954360961914,
    "prefix_slot_norm_mean": 14.572280821253042,
    "prefix_slot_norm_std": 0.21423985772445553,
    "prefix_tokens": 4.0,
    "reader_attention_entropy_max": 2.079441547393799,
    "reader_attention_entropy_mean": 2.079441547393799,
    "reader_attention_entropy_min": 2.079441547393799,
    "reader_attention_pairwise_cosine_mean": 1.0,
    "reader_num_queries": 4.0,
    "reader_query_entropy_by_query": [
      2.079441547393799,
      2.079441547393799,
      2.079441547393799,
      2.079441547393799
    ],
    "reader_slot_count": 8.0,
    "reader_slot_coverage_fraction": 0.5102459016393442,
    "support_item_count": 6.0,
    "support_item_hidden_l2": 96.11348724365234,
    "support_item_hidden_norm_max": 39.240325927734375,
    "support_item_hidden_norm_mean": 39.238162994384766,
    "support_item_hidden_norm_std": 0.0016982658999040723,
    "writer_memory_l2": 117.7189712524414,
    "writer_slot_norm_max": 41.61994171142578,
    "writer_slot_norm_mean": 41.61993408203125,
    "writer_slot_norm_std": 3.303624680484063e-06
  },
  "prefix_l2": 65.17625940041464,
  "prefix_slot_norm_max": 14.80954360961914,
  "prefix_slot_norm_mean": 14.572280821253042,
  "prefix_slot_norm_std": 0.21423985772445553,
  "prefix_tokens": 4,
  "prompt_variant": "answer_slot_labels",
  "reader_attention_entropy_max": 2.079441547393799,
  "reader_attention_entropy_mean": 2.079441547393799,
  "reader_attention_entropy_min": 2.079441547393799,
  "reader_attention_pairwise_cosine_mean": 1.0,
  "reader_num_queries": 4.0,
  "reader_slot_count": 8.0,
  "reader_slot_coverage_fraction": 0.5102459016393442,
  "shared_injection_arm": "injected",
  "step": 24,
  "support_item_count": 6.0,
  "support_item_hidden_l2": 96.11348724365234,
  "support_item_hidden_norm_max": 39.240325927734375,
  "support_item_hidden_norm_mean": 39.238162994384766,
  "support_item_hidden_norm_std": 0.0016982658999040723,
  "support_serialization_variant": "triad_curated6",
  "support_text_block_chars": 1301,
  "task_case_dump_path": "/root/autodl-tmp/runs/verify/tl-poc-fever-qwen25/tl-h4-k4/phase2-selected/pilot-I-real/snapshot_evals/step_0024/task_case_dump.jsonl",
  "task_case_dump_rows": 61,
  "training_stage": "shared_injection_snapshot_eval",
  "writer_memory_control": "real",
  "writer_memory_l2": 117.7189712524414,
  "writer_slot_norm_max": 41.61994171142578,
  "writer_slot_norm_mean": 41.61993408203125,
  "writer_slot_norm_std": 3.303624680484063e-06
}