{
  "device": "cuda",
  "event_name": "train",
  "examples": 2464,
  "peak_device_memory_bytes": 10920753152,
  "peak_device_memory_mib": 10414.841797,
  "peak_rss_kb": 4869472,
  "token_count": 1272406,
  "tokens_per_sec": 669.251854,
  "wall_time_sec": 1901.236421
}