{
  "device": "cuda",
  "event_name": "train",
  "examples": 224,
  "peak_device_memory_bytes": 26969798144,
  "peak_device_memory_mib": 25720.403809,
  "peak_rss_kb": 6159540,
  "token_count": 1702600,
  "tokens_per_sec": 5922.802376,
  "wall_time_sec": 287.465273
}