{
  "best_adapt_macro_f1": 0.1518987341772152,
  "best_adapt_task_margin": -3.6808757312962266,
  "best_adapt_task_score": 0.29508196721311475,
  "checkpoint_path": "/root/autodl-tmp/runs/verify/tl-poc-fever-qwen25/tl-h1-k4/phase2-selected/pilot-I-real/snapshot_evals/step_0004/checkpoint.pt",
  "dominant_label_fraction": 1.0,
  "label_recall_by_class": {
    "NOT_ENOUGH_INFO": 0.0,
    "REFUTES": 0.0,
    "SUPPORTS": 1.0
  },
  "memory_long_l2": 117.72406005859375,
  "memory_long_slot_norm_max": 41.62174606323242,
  "memory_long_slot_norm_mean": 41.62174606323242,
  "memory_long_slot_norm_std": 1.3486991292666062e-06,
  "memory_long_slots": 8.0,
  "memory_short_l2": 78.39357419873848,
  "memory_short_pairwise_cosine_mean": 0.9997107240020252,
  "memory_short_slot_norm_max": 39.19679335297131,
  "memory_short_slot_norm_mean": 39.196787161905256,
  "memory_short_slot_norm_std": 4.984293060469562e-06,
  "memory_short_slots": 4.0,
  "pilot_arm_alias": "I_real",
  "pilot_fuser_short_slots": 4.0,
  "pilot_memory_path_variant": "two_level",
  "pilot_projector_token_source": "short_slots",
  "pilot_reader_context_mode": "prompt_summary",
  "pilot_reader_num_queries": 1.0,
  "pilot_support_encoder_mode": "structured_support_set",
  "prefix_artifact_stats": {
    "active_prefix_layers": [
      0.0,
      7.0,
      14.0,
      21.0,
      27.0
    ],
    "layer_hidden_l2_by_layer": {
      "0": 19.408120765060676,
      "14": 19.26570029336898,
      "21": 19.814778718792024,
      "27": 19.681330727749184,
      "7": 19.330708738233223
    },
    "layer_key_l2_by_layer": {
      "0": 2205.595046746926,
      "14": 59.77281170204038,
      "21": 38.69802143534676,
      "27": 41.13727375718414,
      "7": 98.85429232237769
    },
    "layer_slot_norm_max_by_layer": {
      "0": 9.714529787907836,
      "14": 9.642299573929584,
      "21": 9.917321033165104,
      "27": 9.851034836690934,
      "7": 9.675151762415151
    },
    "layer_slot_norm_mean_by_layer": {
      "0": 9.704123403205246,
      "14": 9.632756405189388,
      "21": 9.907350461991108,
      "27": 9.840633939524166,
      "7": 9.665304684248127
    },
    "layer_slot_norm_std_by_layer": {
      "0": 0.007102958346549116,
      "14": 0.006617875487284094,
      "21": 0.006985480446734878,
      "27": 0.007021627709513805,
      "7": 0.0067372586593398304
    },
    "layer_value_l2_by_layer": {
      "0": 12.84961112600858,
      "14": 46.78893905389504,
      "21": 51.528782266085265,
      "27": 137.9774082371446,
      "7": 24.283459366345014
    },
    "memory_long_l2": 117.72406005859375,
    "memory_long_slot_norm_max": 41.62174606323242,
    "memory_long_slot_norm_mean": 41.62174606323242,
    "memory_long_slot_norm_std": 1.3486991292666062e-06,
    "memory_long_slots": 8.0,
    "memory_short_l2": 78.39357419873848,
    "memory_short_pairwise_cosine_mean": 0.9997107240020252,
    "memory_short_slot_norm_max": 39.19679335297131,
    "memory_short_slot_norm_mean": 39.196787161905256,
    "memory_short_slot_norm_std": 4.984293060469562e-06,
    "memory_short_slots": 4.0,
    "pilot_injection_mode": "sparse_deep_prefix",
    "pilot_memory_path_variant": "two_level",
    "pilot_projector_token_source": "short_slots",
    "pilot_support_encoder_mode": "structured_support_set",
    "prefix_l2": 43.60605971539607,
    "prefix_slot_norm_max": 9.917321033165104,
    "prefix_slot_norm_mean": 9.75003381635322,
    "prefix_slot_norm_std": 0.10615165494993085,
    "prefix_tokens": 4.0,
    "reader_attention_entropy_max": 2.079441547393799,
    "reader_attention_entropy_mean": 2.079441547393799,
    "reader_attention_entropy_min": 2.079441547393799,
    "reader_attention_pairwise_cosine_mean": 0.0,
    "reader_num_queries": 1.0,
    "reader_query_entropy_by_query": [
      2.079441547393799
    ],
    "reader_slot_count": 8.0,
    "reader_slot_coverage_fraction": 0.19467213114754098,
    "support_item_count": 6.0,
    "support_item_hidden_l2": 96.10000610351562,
    "support_item_hidden_norm_max": 39.23440170288086,
    "support_item_hidden_norm_mean": 39.23265838623047,
    "support_item_hidden_norm_std": 0.0013837022706866264,
    "writer_memory_l2": 117.72406005859375,
    "writer_slot_norm_max": 41.62174606323242,
    "writer_slot_norm_mean": 41.62174606323242,
    "writer_slot_norm_std": 1.3486991292666062e-06
  },
  "prefix_l2": 43.60605971539607,
  "prefix_slot_norm_max": 9.917321033165104,
  "prefix_slot_norm_mean": 9.75003381635322,
  "prefix_slot_norm_std": 0.10615165494993085,
  "prefix_tokens": 4,
  "prompt_variant": "answer_slot_labels",
  "reader_attention_entropy_max": 2.079441547393799,
  "reader_attention_entropy_mean": 2.079441547393799,
  "reader_attention_entropy_min": 2.079441547393799,
  "reader_attention_pairwise_cosine_mean": 0.0,
  "reader_num_queries": 1.0,
  "reader_slot_count": 8.0,
  "reader_slot_coverage_fraction": 0.19467213114754098,
  "shared_injection_arm": "injected",
  "step": 4,
  "support_item_count": 6.0,
  "support_item_hidden_l2": 96.10000610351562,
  "support_item_hidden_norm_max": 39.23440170288086,
  "support_item_hidden_norm_mean": 39.23265838623047,
  "support_item_hidden_norm_std": 0.0013837022706866264,
  "support_serialization_variant": "triad_curated6",
  "support_text_block_chars": 1301,
  "task_case_dump_path": "/root/autodl-tmp/runs/verify/tl-poc-fever-qwen25/tl-h1-k4/phase2-selected/pilot-I-real/snapshot_evals/step_0004/task_case_dump.jsonl",
  "task_case_dump_rows": 61,
  "training_stage": "shared_injection_snapshot_eval",
  "writer_memory_control": "real",
  "writer_memory_l2": 117.72406005859375,
  "writer_slot_norm_max": 41.62174606323242,
  "writer_slot_norm_mean": 41.62174606323242,
  "writer_slot_norm_std": 1.3486991292666062e-06
}