{
  "device": "cuda",
  "event_name": "train",
  "examples": 2448,
  "peak_device_memory_bytes": 11371137024,
  "peak_device_memory_mib": 10844.361328,
  "peak_rss_kb": 4871404,
  "token_count": 891538,
  "tokens_per_sec": 1976.050946,
  "wall_time_sec": 451.171566
}