{
  "device": "cuda",
  "event_name": "train",
  "examples": 224,
  "peak_device_memory_bytes": 26664384000,
  "peak_device_memory_mib": 25429.138184,
  "peak_rss_kb": 3988172,
  "token_count": 1710059,
  "tokens_per_sec": 8149.512723,
  "wall_time_sec": 209.835736
}