{
  "device": "cuda",
  "event_name": "train",
  "examples": 224,
  "peak_device_memory_bytes": 26682412032,
  "peak_device_memory_mib": 25446.331055,
  "peak_rss_kb": 6181208,
  "token_count": 1707163,
  "tokens_per_sec": 6611.638515,
  "wall_time_sec": 258.205738
}