{
  "best_adapt_macro_f1": 0.1518987341772152,
  "best_adapt_task_margin": -6.298940893079414,
  "best_adapt_task_score": 0.29508196721311475,
  "checkpoint_path": "/root/autodl-tmp/runs/verify/tl-poc-fever-qwen25/sl8/phase2-selected/pilot-I-real/snapshot_evals/step_0032/checkpoint.pt",
  "dominant_label_fraction": 1.0,
  "label_recall_by_class": {
    "NOT_ENOUGH_INFO": 0.0,
    "REFUTES": 0.0,
    "SUPPORTS": 1.0
  },
  "memory_long_l2": 117.74114227294922,
  "memory_long_slot_norm_max": 41.62778854370117,
  "memory_long_slot_norm_mean": 41.62778854370117,
  "memory_long_slot_norm_std": 1.3486991292666062e-06,
  "memory_long_slots": 8.0,
  "memory_short_l2": 117.74114227294922,
  "memory_short_pairwise_cosine_mean": 1.0,
  "memory_short_slot_norm_max": 41.62778854370117,
  "memory_short_slot_norm_mean": 41.62778854370117,
  "memory_short_slot_norm_std": 1.3486991292666062e-06,
  "memory_short_slots": 8.0,
  "pilot_arm_alias": "I_real",
  "pilot_fuser_short_slots": 8.0,
  "pilot_memory_path_variant": "single_level",
  "pilot_projector_token_source": "writer_slots",
  "pilot_reader_context_mode": "prompt_summary",
  "pilot_reader_num_queries": 0.0,
  "pilot_support_encoder_mode": "structured_support_set",
  "prefix_artifact_stats": {
    "active_prefix_layers": [
      0,
      7,
      14,
      21,
      27
    ],
    "layer_hidden_l2_by_layer": {
      "0": 29.114578247070312,
      "14": 28.544044494628906,
      "21": 29.3055419921875,
      "27": 29.062074661254883,
      "7": 27.769968032836914
    },
    "layer_key_l2_by_layer": {
      "0": 3113.839111328125,
      "14": 95.54548645019531,
      "21": 59.42473602294922,
      "27": 81.30316925048828,
      "7": 151.02598571777344
    },
    "layer_slot_norm_max_by_layer": {
      "0": 10.293700218200684,
      "14": 10.092403411865234,
      "21": 10.362398147583008,
      "27": 10.275602340698242,
      "7": 9.818883895874023
    },
    "layer_slot_norm_mean_by_layer": {
      "0": 10.293700218200684,
      "14": 10.092403411865234,
      "21": 10.362397193908691,
      "27": 10.275603294372559,
      "7": 9.818882942199707
    },
    "layer_slot_norm_std_by_layer": {
      "0": 3.3717478231665154e-07,
      "14": 5.840038852511498e-07,
      "21": 7.539457556049456e-07,
      "27": 9.5367431640625e-07,
      "7": 5.840038852511498e-07
    },
    "layer_value_l2_by_layer": {
      "0": 21.13020896911621,
      "14": 79.8150634765625,
      "21": 80.2090835571289,
      "27": 222.48365783691406,
      "7": 42.818756103515625
    },
    "memory_long_l2": 117.74114227294922,
    "memory_long_slot_norm_max": 41.62778854370117,
    "memory_long_slot_norm_mean": 41.62778854370117,
    "memory_long_slot_norm_std": 1.3486991292666062e-06,
    "memory_long_slots": 8.0,
    "memory_short_l2": 117.74114227294922,
    "memory_short_pairwise_cosine_mean": 1.0,
    "memory_short_slot_norm_max": 41.62778854370117,
    "memory_short_slot_norm_mean": 41.62778854370117,
    "memory_short_slot_norm_std": 1.3486991292666062e-06,
    "memory_short_slots": 8.0,
    "pilot_injection_mode": "sparse_deep_prefix",
    "pilot_memory_path_variant": "single_level",
    "pilot_projector_token_source": "writer_slots",
    "pilot_support_encoder_mode": "structured_support_set",
    "prefix_l2": 64.3238525390625,
    "prefix_slot_norm_max": 10.362398147583008,
    "prefix_slot_norm_mean": 10.168597221374512,
    "prefix_slot_norm_std": 0.1963491141796112,
    "prefix_tokens": 8.0,
    "reader_attention_entropy_max": 0.0,
    "reader_attention_entropy_mean": 0.0,
    "reader_attention_entropy_min": 0.0,
    "reader_attention_pairwise_cosine_mean": 0.0,
    "reader_num_queries": 0.0,
    "reader_query_entropy_by_query": [],
    "reader_slot_count": 8.0,
    "reader_slot_coverage_fraction": 0.0,
    "support_item_count": 6.0,
    "support_item_hidden_l2": 96.10688781738281,
    "support_item_hidden_norm_max": 39.237117767333984,
    "support_item_hidden_norm_mean": 39.2354736328125,
    "support_item_hidden_norm_std": 0.0014444284606724977,
    "writer_memory_l2": 117.74114227294922,
    "writer_slot_norm_max": 41.62778854370117,
    "writer_slot_norm_mean": 41.62778854370117,
    "writer_slot_norm_std": 1.3486991292666062e-06
  },
  "prefix_l2": 64.3238525390625,
  "prefix_slot_norm_max": 10.362398147583008,
  "prefix_slot_norm_mean": 10.168597221374512,
  "prefix_slot_norm_std": 0.1963491141796112,
  "prefix_tokens": 8,
  "prompt_variant": "answer_slot_labels",
  "reader_attention_entropy_max": 0.0,
  "reader_attention_entropy_mean": 0.0,
  "reader_attention_entropy_min": 0.0,
  "reader_attention_pairwise_cosine_mean": 0.0,
  "reader_num_queries": 0.0,
  "reader_slot_count": 8.0,
  "reader_slot_coverage_fraction": 0.0,
  "shared_injection_arm": "injected",
  "step": 32,
  "support_item_count": 6.0,
  "support_item_hidden_l2": 96.10688781738281,
  "support_item_hidden_norm_max": 39.237117767333984,
  "support_item_hidden_norm_mean": 39.2354736328125,
  "support_item_hidden_norm_std": 0.0014444284606724977,
  "support_serialization_variant": "triad_curated6",
  "support_text_block_chars": 1301,
  "task_case_dump_path": "/root/autodl-tmp/runs/verify/tl-poc-fever-qwen25/sl8/phase2-selected/pilot-I-real/snapshot_evals/step_0032/task_case_dump.jsonl",
  "task_case_dump_rows": 61,
  "training_stage": "shared_injection_snapshot_eval",
  "writer_memory_control": "real",
  "writer_memory_l2": 117.74114227294922,
  "writer_slot_norm_max": 41.62778854370117,
  "writer_slot_norm_mean": 41.62778854370117,
  "writer_slot_norm_std": 1.3486991292666062e-06
}