{
  "best_adapt_macro_f1": 0.1518987341772152,
  "best_adapt_task_margin": -3.5453682414820937,
  "best_adapt_task_score": 0.29508196721311475,
  "checkpoint_path": "/root/autodl-tmp/runs/verify/tl-poc-fever-qwen25/tl-h4-k4/phase2-selected/pilot-I-real/snapshot_evals/step_0002/checkpoint.pt",
  "dominant_label_fraction": 1.0,
  "label_recall_by_class": {
    "NOT_ENOUGH_INFO": 0.0,
    "REFUTES": 0.0,
    "SUPPORTS": 1.0
  },
  "memory_long_l2": 117.72187805175781,
  "memory_long_slot_norm_max": 41.6209831237793,
  "memory_long_slot_norm_mean": 41.620975494384766,
  "memory_long_slot_norm_std": 3.814697265625e-06,
  "memory_long_slots": 8.0,
  "memory_short_l2": 78.3875726168273,
  "memory_short_pairwise_cosine_mean": 0.99960708422739,
  "memory_short_slot_norm_max": 39.193791373831324,
  "memory_short_slot_norm_mean": 39.19378655855773,
  "memory_short_slot_norm_std": 4.560746100516971e-06,
  "memory_short_slots": 4.0,
  "pilot_arm_alias": "I_real",
  "pilot_fuser_short_slots": 4.0,
  "pilot_memory_path_variant": "two_level",
  "pilot_projector_token_source": "short_slots",
  "pilot_reader_context_mode": "prompt_summary",
  "pilot_reader_num_queries": 4.0,
  "pilot_support_encoder_mode": "structured_support_set",
  "prefix_artifact_stats": {
    "active_prefix_layers": [
      0.0,
      7.0,
      14.0,
      21.0,
      27.0
    ],
    "layer_hidden_l2_by_layer": {
      "0": 11.762409178937068,
      "14": 11.484299737899029,
      "21": 12.138768524420065,
      "27": 11.996589801350577,
      "7": 12.016887711696937
    },
    "layer_key_l2_by_layer": {
      "0": 2202.488893602715,
      "14": 70.16122699174724,
      "21": 48.63849120843606,
      "27": 51.97466909689982,
      "7": 101.2925907822906
    },
    "layer_slot_norm_max_by_layer": {
      "0": 5.90218153156218,
      "14": 5.764669254177907,
      "21": 6.09196916173716,
      "27": 6.020577477627113,
      "7": 6.028377353167925
    },
    "layer_slot_norm_mean_by_layer": {
      "0": 5.881205316449775,
      "14": 5.742156302342649,
      "21": 6.06936499329864,
      "27": 5.998306188427034,
      "7": 6.008410774293493
    },
    "layer_slot_norm_std_by_layer": {
      "0": 0.013279418491559928,
      "14": 0.013876466966066205,
      "21": 0.014129812126887626,
      "27": 0.014003500617185577,
      "7": 0.012993729780199097
    },
    "layer_value_l2_by_layer": {
      "0": 13.137697860842845,
      "14": 45.70156072397701,
      "21": 51.01000720164815,
      "27": 143.39629801765818,
      "7": 26.194370551187482
    },
    "memory_long_l2": 117.72187805175781,
    "memory_long_slot_norm_max": 41.6209831237793,
    "memory_long_slot_norm_mean": 41.620975494384766,
    "memory_long_slot_norm_std": 3.814697265625e-06,
    "memory_long_slots": 8.0,
    "memory_short_l2": 78.3875726168273,
    "memory_short_pairwise_cosine_mean": 0.99960708422739,
    "memory_short_slot_norm_max": 39.193791373831324,
    "memory_short_slot_norm_mean": 39.19378655855773,
    "memory_short_slot_norm_std": 4.560746100516971e-06,
    "memory_short_slots": 4.0,
    "pilot_injection_mode": "sparse_deep_prefix",
    "pilot_memory_path_variant": "two_level",
    "pilot_projector_token_source": "short_slots",
    "pilot_support_encoder_mode": "structured_support_set",
    "prefix_l2": 26.56914279499992,
    "prefix_slot_norm_max": 6.09196916173716,
    "prefix_slot_norm_mean": 5.939888696201512,
    "prefix_slot_norm_std": 0.11699603009419363,
    "prefix_tokens": 4.0,
    "reader_attention_entropy_max": 2.079441547393799,
    "reader_attention_entropy_mean": 2.079441547393799,
    "reader_attention_entropy_min": 2.079441547393799,
    "reader_attention_pairwise_cosine_mean": 0.9999999990228747,
    "reader_num_queries": 4.0,
    "reader_query_entropy_by_query": [
      2.079441547393799,
      2.079441547393799,
      2.079441547393799,
      2.079441547393799
    ],
    "reader_slot_count": 8.0,
    "reader_slot_coverage_fraction": 0.46311475409836067,
    "support_item_count": 6.0,
    "support_item_hidden_l2": 96.09915924072266,
    "support_item_hidden_norm_max": 39.234039306640625,
    "support_item_hidden_norm_mean": 39.23231887817383,
    "support_item_hidden_norm_std": 0.0013337472919374704,
    "writer_memory_l2": 117.72187805175781,
    "writer_slot_norm_max": 41.6209831237793,
    "writer_slot_norm_mean": 41.620975494384766,
    "writer_slot_norm_std": 3.814697265625e-06
  },
  "prefix_l2": 26.56914279499992,
  "prefix_slot_norm_max": 6.09196916173716,
  "prefix_slot_norm_mean": 5.939888696201512,
  "prefix_slot_norm_std": 0.11699603009419363,
  "prefix_tokens": 4,
  "prompt_variant": "answer_slot_labels",
  "reader_attention_entropy_max": 2.079441547393799,
  "reader_attention_entropy_mean": 2.079441547393799,
  "reader_attention_entropy_min": 2.079441547393799,
  "reader_attention_pairwise_cosine_mean": 0.9999999990228747,
  "reader_num_queries": 4.0,
  "reader_slot_count": 8.0,
  "reader_slot_coverage_fraction": 0.46311475409836067,
  "shared_injection_arm": "injected",
  "step": 2,
  "support_item_count": 6.0,
  "support_item_hidden_l2": 96.09915924072266,
  "support_item_hidden_norm_max": 39.234039306640625,
  "support_item_hidden_norm_mean": 39.23231887817383,
  "support_item_hidden_norm_std": 0.0013337472919374704,
  "support_serialization_variant": "triad_curated6",
  "support_text_block_chars": 1301,
  "task_case_dump_path": "/root/autodl-tmp/runs/verify/tl-poc-fever-qwen25/tl-h4-k4/phase2-selected/pilot-I-real/snapshot_evals/step_0002/task_case_dump.jsonl",
  "task_case_dump_rows": 61,
  "training_stage": "shared_injection_snapshot_eval",
  "writer_memory_control": "real",
  "writer_memory_l2": 117.72187805175781,
  "writer_slot_norm_max": 41.6209831237793,
  "writer_slot_norm_mean": 41.620975494384766,
  "writer_slot_norm_std": 3.814697265625e-06
}