{
  "device": "cuda",
  "event_name": "train",
  "examples": 224,
  "peak_device_memory_bytes": 26663940608,
  "peak_device_memory_mib": 25428.715332,
  "peak_rss_kb": 6159020,
  "token_count": 1704549,
  "tokens_per_sec": 8131.094513,
  "wall_time_sec": 209.633401
}