{
  "best_adapt_macro_f1": 0.1518987341772152,
  "best_adapt_task_margin": -3.073681534313765,
  "best_adapt_task_score": 0.29508196721311475,
  "checkpoint_path": "/root/autodl-tmp/runs/verify/tl-poc-fever-qwen25/sl8/phase2-selected/pilot-I-shuffle/snapshot_evals/step_0008/checkpoint.pt",
  "dominant_label_fraction": 1.0,
  "label_recall_by_class": {
    "NOT_ENOUGH_INFO": 0.0,
    "REFUTES": 0.0,
    "SUPPORTS": 1.0
  },
  "memory_long_l2": 117.73408508300781,
  "memory_long_slot_norm_max": 41.62528610229492,
  "memory_long_slot_norm_mean": 41.62528610229492,
  "memory_long_slot_norm_std": 0.0,
  "memory_long_slots": 8.0,
  "memory_short_l2": 117.73408508300781,
  "memory_short_pairwise_cosine_mean": 1.0,
  "memory_short_slot_norm_max": 41.62528610229492,
  "memory_short_slot_norm_mean": 41.62528610229492,
  "memory_short_slot_norm_std": 0.0,
  "memory_short_slots": 8.0,
  "pilot_arm_alias": "I_shuffle",
  "pilot_fuser_short_slots": 8.0,
  "pilot_memory_path_variant": "single_level",
  "pilot_projector_token_source": "writer_slots",
  "pilot_reader_context_mode": "prompt_summary",
  "pilot_reader_num_queries": 0.0,
  "pilot_support_encoder_mode": "structured_support_set",
  "prefix_artifact_stats": {
    "active_prefix_layers": [
      0,
      7,
      14,
      21,
      27
    ],
    "layer_hidden_l2_by_layer": {
      "0": 29.325559616088867,
      "14": 28.555397033691406,
      "21": 29.395065307617188,
      "27": 29.227935791015625,
      "7": 28.210630416870117
    },
    "layer_key_l2_by_layer": {
      "0": 3114.475341796875,
      "14": 94.76622772216797,
      "21": 59.51715850830078,
      "27": 79.86034393310547,
      "7": 150.3188934326172
    },
    "layer_slot_norm_max_by_layer": {
      "0": 10.368244171142578,
      "14": 10.09537124633789,
      "21": 10.393304824829102,
      "27": 10.333296775817871,
      "7": 9.972981452941895
    },
    "layer_slot_norm_mean_by_layer": {
      "0": 10.368244171142578,
      "14": 10.09537124633789,
      "21": 10.393303871154785,
      "27": 10.333296775817871,
      "7": 9.972980499267578
    },
    "layer_slot_norm_std_by_layer": {
      "0": 0.0,
      "14": 3.3717478231665154e-07,
      "21": 3.3717478231665154e-07,
      "27": 4.76837158203125e-07,
      "7": 8.259061701210157e-07
    },
    "layer_value_l2_by_layer": {
      "0": 21.40802001953125,
      "14": 77.21662902832031,
      "21": 77.18135070800781,
      "27": 219.04368591308594,
      "7": 42.75691604614258
    },
    "memory_long_l2": 117.73408508300781,
    "memory_long_slot_norm_max": 41.62528610229492,
    "memory_long_slot_norm_mean": 41.62528610229492,
    "memory_long_slot_norm_std": 0.0,
    "memory_long_slots": 8.0,
    "memory_short_l2": 117.73408508300781,
    "memory_short_pairwise_cosine_mean": 1.0,
    "memory_short_slot_norm_max": 41.62528610229492,
    "memory_short_slot_norm_mean": 41.62528610229492,
    "memory_short_slot_norm_std": 0.0,
    "memory_short_slots": 8.0,
    "pilot_injection_mode": "sparse_deep_prefix",
    "pilot_memory_path_variant": "single_level",
    "pilot_projector_token_source": "writer_slots",
    "pilot_support_encoder_mode": "structured_support_set",
    "prefix_l2": 64.72559356689453,
    "prefix_slot_norm_max": 10.393304824829102,
    "prefix_slot_norm_mean": 10.232640266418457,
    "prefix_slot_norm_std": 0.16768941283226013,
    "prefix_tokens": 8.0,
    "reader_attention_entropy_max": 0.0,
    "reader_attention_entropy_mean": 0.0,
    "reader_attention_entropy_min": 0.0,
    "reader_attention_pairwise_cosine_mean": 0.0,
    "reader_num_queries": 0.0,
    "reader_query_entropy_by_query": [],
    "reader_slot_count": 8.0,
    "reader_slot_coverage_fraction": 0.0,
    "support_item_count": 6.0,
    "support_item_hidden_l2": 96.09940338134766,
    "support_item_hidden_norm_max": 39.234012603759766,
    "support_item_hidden_norm_mean": 39.232418060302734,
    "support_item_hidden_norm_std": 0.0015221494249999523,
    "writer_memory_l2": 117.73408508300781,
    "writer_slot_norm_max": 41.62528610229492,
    "writer_slot_norm_mean": 41.62528610229492,
    "writer_slot_norm_std": 0.0
  },
  "prefix_l2": 64.72559356689453,
  "prefix_slot_norm_max": 10.393304824829102,
  "prefix_slot_norm_mean": 10.232640266418457,
  "prefix_slot_norm_std": 0.16768941283226013,
  "prefix_tokens": 8,
  "prompt_variant": "answer_slot_labels",
  "reader_attention_entropy_max": 0.0,
  "reader_attention_entropy_mean": 0.0,
  "reader_attention_entropy_min": 0.0,
  "reader_attention_pairwise_cosine_mean": 0.0,
  "reader_num_queries": 0.0,
  "reader_slot_count": 8.0,
  "reader_slot_coverage_fraction": 0.0,
  "shared_injection_arm": "injected",
  "step": 8,
  "support_item_count": 6.0,
  "support_item_hidden_l2": 96.09940338134766,
  "support_item_hidden_norm_max": 39.234012603759766,
  "support_item_hidden_norm_mean": 39.232418060302734,
  "support_item_hidden_norm_std": 0.0015221494249999523,
  "support_serialization_variant": "triad_curated6",
  "support_text_block_chars": 1415,
  "task_case_dump_path": "/root/autodl-tmp/runs/verify/tl-poc-fever-qwen25/sl8/phase2-selected/pilot-I-shuffle/snapshot_evals/step_0008/task_case_dump.jsonl",
  "task_case_dump_rows": 61,
  "training_stage": "shared_injection_snapshot_eval",
  "writer_memory_control": "shuffled",
  "writer_memory_l2": 117.73408508300781,
  "writer_slot_norm_max": 41.62528610229492,
  "writer_slot_norm_mean": 41.62528610229492,
  "writer_slot_norm_std": 0.0
}