{
  "best_adapt_macro_f1": 0.1855921855921856,
  "best_adapt_task_margin": -2.018745234755219,
  "best_adapt_task_score": 0.3114754098360656,
  "checkpoint_path": "/root/autodl-tmp/runs/verify/m5-fever-dense-teacher-qwen25/canonical-dense-teacher/phase2-selected/pilot-I-real/snapshot_evals/step_0002/checkpoint.pt",
  "dominant_label_fraction": 0.9508196721311475,
  "label_recall_by_class": {
    "NOT_ENOUGH_INFO": 0.0,
    "REFUTES": 0.9,
    "SUPPORTS": 0.05555555555555555
  },
  "pilot_arm_alias": "I_real",
  "pilot_support_encoder_mode": "structured_support_set",
  "prefix_artifact_stats": {
    "active_prefix_layers": [
      0,
      7,
      14,
      21,
      27
    ],
    "layer_hidden_l2_by_layer": {
      "0": 29.351037979125977,
      "14": 28.324304580688477,
      "21": 29.694355010986328,
      "27": 29.3431396484375,
      "7": 28.646921157836914
    },
    "layer_key_l2_by_layer": {
      "0": 3116.20361328125,
      "14": 96.78147888183594,
      "21": 59.90837478637695,
      "27": 77.81999969482422,
      "7": 150.09017944335938
    },
    "layer_slot_norm_max_by_layer": {
      "0": 10.377575874328613,
      "14": 10.014284133911133,
      "21": 10.499229431152344,
      "27": 10.374292373657227,
      "7": 10.128375053405762
    },
    "layer_slot_norm_mean_by_layer": {
      "0": 10.377574920654297,
      "14": 10.014283180236816,
      "21": 10.499229431152344,
      "27": 10.37429141998291,
      "7": 10.128374099731445
    },
    "layer_slot_norm_std_by_layer": {
      "0": 3.3717478231665154e-07,
      "14": 8.920806635615008e-07,
      "21": 3.3717478231665154e-07,
      "27": 8.920806635615008e-07,
      "7": 5.840038852511498e-07
    },
    "layer_value_l2_by_layer": {
      "0": 21.73533821105957,
      "14": 77.92958068847656,
      "21": 75.64984893798828,
      "27": 219.66636657714844,
      "7": 42.3792839050293
    },
    "pilot_injection_mode": "sparse_deep_prefix",
    "pilot_support_encoder_mode": "structured_support_set",
    "prefix_l2": 65.018310546875,
    "prefix_slot_norm_max": 10.499229431152344,
    "prefix_slot_norm_mean": 10.278749465942383,
    "prefix_slot_norm_std": 0.1789194792509079,
    "prefix_tokens": 8.0,
    "support_item_count": 6.0,
    "support_item_hidden_l2": 96.09632873535156,
    "support_item_hidden_norm_max": 39.23286056518555,
    "support_item_hidden_norm_mean": 39.23115921020508,
    "support_item_hidden_norm_std": 0.0013264801818877459,
    "writer_memory_l2": 117.73247528076172,
    "writer_slot_norm_max": 41.624732971191406,
    "writer_slot_norm_mean": 41.62472915649414,
    "writer_slot_norm_std": 3.5683226542460034e-06
  },
  "prefix_l2": 65.018310546875,
  "prefix_slot_norm_max": 10.499229431152344,
  "prefix_slot_norm_mean": 10.278749465942383,
  "prefix_slot_norm_std": 0.1789194792509079,
  "prefix_tokens": 8,
  "prompt_variant": "answer_slot_labels",
  "shared_injection_arm": "injected",
  "step": 2,
  "support_item_count": 6.0,
  "support_item_hidden_l2": 96.09632873535156,
  "support_item_hidden_norm_max": 39.23286056518555,
  "support_item_hidden_norm_mean": 39.23115921020508,
  "support_item_hidden_norm_std": 0.0013264801818877459,
  "support_serialization_variant": "triad_curated6",
  "support_text_block_chars": 1301,
  "task_case_dump_path": "/root/autodl-tmp/runs/verify/m5-fever-dense-teacher-qwen25/canonical-dense-teacher/phase2-selected/pilot-I-real/snapshot_evals/step_0002/task_case_dump.jsonl",
  "task_case_dump_rows": 61,
  "training_stage": "shared_injection_snapshot_eval",
  "writer_memory_control": "real",
  "writer_memory_l2": 117.73247528076172,
  "writer_slot_norm_max": 41.624732971191406,
  "writer_slot_norm_mean": 41.62472915649414,
  "writer_slot_norm_std": 3.5683226542460034e-06
}