{
  "device": "cuda",
  "event_name": "train",
  "examples": 224,
  "peak_device_memory_bytes": 26852030976,
  "peak_device_memory_mib": 25608.092285,
  "peak_rss_kb": 6181192,
  "token_count": 1704817,
  "tokens_per_sec": 6021.030043,
  "wall_time_sec": 283.143746
}