{
  "best_adapt_macro_f1": 0.1518987341772152,
  "best_adapt_task_margin": -2.601599349350226,
  "best_adapt_task_score": 0.29508196721311475,
  "checkpoint_path": "/root/autodl-tmp/runs/verify/tl-poc-fever-qwen25/tl-h4-k4/phase2-selected/pilot-I-shuffle/snapshot_evals/step_0004/checkpoint.pt",
  "dominant_label_fraction": 1.0,
  "label_recall_by_class": {
    "NOT_ENOUGH_INFO": 0.0,
    "REFUTES": 0.0,
    "SUPPORTS": 1.0
  },
  "memory_long_l2": 117.7315673828125,
  "memory_long_slot_norm_max": 41.62439727783203,
  "memory_long_slot_norm_mean": 41.624393463134766,
  "memory_long_slot_norm_std": 1.3486991292666062e-06,
  "memory_long_slots": 8.0,
  "memory_short_l2": 78.39298185754996,
  "memory_short_pairwise_cosine_mean": 0.9997253691563841,
  "memory_short_slot_norm_max": 39.196494430792136,
  "memory_short_slot_norm_mean": 39.196491303991095,
  "memory_short_slot_norm_std": 3.131193941536352e-06,
  "memory_short_slots": 4.0,
  "pilot_arm_alias": "I_shuffle",
  "pilot_fuser_short_slots": 4.0,
  "pilot_memory_path_variant": "two_level",
  "pilot_projector_token_source": "short_slots",
  "pilot_reader_context_mode": "prompt_summary",
  "pilot_reader_num_queries": 4.0,
  "pilot_support_encoder_mode": "structured_support_set",
  "prefix_artifact_stats": {
    "active_prefix_layers": [
      0.0,
      7.0,
      14.0,
      21.0,
      27.0
    ],
    "layer_hidden_l2_by_layer": {
      "0": 15.04346164328153,
      "14": 15.291726925333993,
      "21": 14.798138899881332,
      "27": 14.703154438831767,
      "7": 14.516705043980332
    },
    "layer_key_l2_by_layer": {
      "0": 2205.4419025358607,
      "14": 56.5853223331639,
      "21": 41.17599406007861,
      "27": 57.63068239806128,
      "7": 102.8697018232502
    },
    "layer_slot_norm_max_by_layer": {
      "0": 7.531409349597868,
      "14": 7.654652392277952,
      "21": 7.408038115892254,
      "27": 7.3597897623406086,
      "7": 7.2670221563245425
    },
    "layer_slot_norm_mean_by_layer": {
      "0": 7.521727819911769,
      "14": 7.645853120772565,
      "21": 7.399018842665876,
      "27": 7.351612067613446,
      "7": 7.258391435029076
    },
    "layer_slot_norm_std_by_layer": {
      "0": 0.006602665126995474,
      "14": 0.006109065902953754,
      "21": 0.00615010317414999,
      "27": 0.005961516093401635,
      "7": 0.0061494748978341215
    },
    "layer_value_l2_by_layer": {
      "0": 11.959930138509781,
      "14": 45.11479299576556,
      "21": 47.34362717925525,
      "27": 138.79175004802767,
      "7": 22.397715459104443
    },
    "memory_long_l2": 117.7315673828125,
    "memory_long_slot_norm_max": 41.62439727783203,
    "memory_long_slot_norm_mean": 41.624393463134766,
    "memory_long_slot_norm_std": 1.3486991292666062e-06,
    "memory_long_slots": 8.0,
    "memory_short_l2": 78.39298185754996,
    "memory_short_pairwise_cosine_mean": 0.9997253691563841,
    "memory_short_slot_norm_max": 39.196494430792136,
    "memory_short_slot_norm_mean": 39.196491303991095,
    "memory_short_slot_norm_std": 3.131193941536352e-06,
    "memory_short_slots": 4.0,
    "pilot_injection_mode": "sparse_deep_prefix",
    "pilot_memory_path_variant": "two_level",
    "pilot_projector_token_source": "short_slots",
    "pilot_support_encoder_mode": "structured_support_set",
    "prefix_l2": 33.25727412739738,
    "prefix_slot_norm_max": 7.654652392277952,
    "prefix_slot_norm_mean": 7.435320721297968,
    "prefix_slot_norm_std": 0.13536991130133144,
    "prefix_tokens": 4.0,
    "reader_attention_entropy_max": 2.079441547393799,
    "reader_attention_entropy_mean": 2.079441547393799,
    "reader_attention_entropy_min": 2.079441547393799,
    "reader_attention_pairwise_cosine_mean": 1.0000000039085013,
    "reader_num_queries": 4.0,
    "reader_query_entropy_by_query": [
      2.079441547393799,
      2.079441547393799,
      2.079441547393799,
      2.079441547393799
    ],
    "reader_slot_count": 8.0,
    "reader_slot_coverage_fraction": 0.5225409836065574,
    "support_item_count": 6.0,
    "support_item_hidden_l2": 96.10018157958984,
    "support_item_hidden_norm_max": 39.23428726196289,
    "support_item_hidden_norm_mean": 39.232730865478516,
    "support_item_hidden_norm_std": 0.0015678529161959887,
    "writer_memory_l2": 117.7315673828125,
    "writer_slot_norm_max": 41.62439727783203,
    "writer_slot_norm_mean": 41.624393463134766,
    "writer_slot_norm_std": 1.3486991292666062e-06
  },
  "prefix_l2": 33.25727412739738,
  "prefix_slot_norm_max": 7.654652392277952,
  "prefix_slot_norm_mean": 7.435320721297968,
  "prefix_slot_norm_std": 0.13536991130133144,
  "prefix_tokens": 4,
  "prompt_variant": "answer_slot_labels",
  "reader_attention_entropy_max": 2.079441547393799,
  "reader_attention_entropy_mean": 2.079441547393799,
  "reader_attention_entropy_min": 2.079441547393799,
  "reader_attention_pairwise_cosine_mean": 1.0000000039085013,
  "reader_num_queries": 4.0,
  "reader_slot_count": 8.0,
  "reader_slot_coverage_fraction": 0.5225409836065574,
  "shared_injection_arm": "injected",
  "step": 4,
  "support_item_count": 6.0,
  "support_item_hidden_l2": 96.10018157958984,
  "support_item_hidden_norm_max": 39.23428726196289,
  "support_item_hidden_norm_mean": 39.232730865478516,
  "support_item_hidden_norm_std": 0.0015678529161959887,
  "support_serialization_variant": "triad_curated6",
  "support_text_block_chars": 1415,
  "task_case_dump_path": "/root/autodl-tmp/runs/verify/tl-poc-fever-qwen25/tl-h4-k4/phase2-selected/pilot-I-shuffle/snapshot_evals/step_0004/task_case_dump.jsonl",
  "task_case_dump_rows": 61,
  "training_stage": "shared_injection_snapshot_eval",
  "writer_memory_control": "shuffled",
  "writer_memory_l2": 117.7315673828125,
  "writer_slot_norm_max": 41.62439727783203,
  "writer_slot_norm_mean": 41.624393463134766,
  "writer_slot_norm_std": 1.3486991292666062e-06
}