{
  "device": "cuda",
  "event_name": "train",
  "examples": 1664,
  "peak_device_memory_bytes": 19167614976,
  "peak_device_memory_mib": 18279.662109,
  "peak_rss_kb": 4882816,
  "token_count": 861077,
  "tokens_per_sec": 1138.992779,
  "wall_time_sec": 755.998647
}