{
  "best_adapt_macro_f1": 0.1518987341772152,
  "best_adapt_task_margin": -3.965129789758901,
  "best_adapt_task_score": 0.29508196721311475,
  "checkpoint_path": "/root/autodl-tmp/runs/verify/tl-poc-fever-qwen25/tl-h1-k4/phase2-selected/pilot-I-shuffle/snapshot_evals/step_0008/checkpoint.pt",
  "dominant_label_fraction": 1.0,
  "label_recall_by_class": {
    "NOT_ENOUGH_INFO": 0.0,
    "REFUTES": 0.0,
    "SUPPORTS": 1.0
  },
  "memory_long_l2": 117.72764587402344,
  "memory_long_slot_norm_max": 41.62300491333008,
  "memory_long_slot_norm_mean": 41.62300491333008,
  "memory_long_slot_norm_std": 3.303624680484063e-06,
  "memory_long_slots": 8.0,
  "memory_short_l2": 78.3997272428919,
  "memory_short_pairwise_cosine_mean": 0.9997973344365104,
  "memory_short_slot_norm_max": 39.199872814241004,
  "memory_short_slot_norm_mean": 39.19986337130187,
  "memory_short_slot_norm_std": 7.1328727766531745e-06,
  "memory_short_slots": 4.0,
  "pilot_arm_alias": "I_shuffle",
  "pilot_fuser_short_slots": 4.0,
  "pilot_memory_path_variant": "two_level",
  "pilot_projector_token_source": "short_slots",
  "pilot_reader_context_mode": "prompt_summary",
  "pilot_reader_num_queries": 1.0,
  "pilot_support_encoder_mode": "structured_support_set",
  "prefix_artifact_stats": {
    "active_prefix_layers": [
      0.0,
      7.0,
      14.0,
      21.0,
      27.0
    ],
    "layer_hidden_l2_by_layer": {
      "0": 28.888364635530067,
      "14": 28.848092532548748,
      "21": 28.972628546542808,
      "27": 29.987594604492188,
      "7": 29.860464877769594
    },
    "layer_key_l2_by_layer": {
      "0": 2202.2556272412908,
      "14": 64.57893008873111,
      "21": 47.73481875560323,
      "27": 52.00760882018042,
      "7": 101.3124632288198
    },
    "layer_slot_norm_max_by_layer": {
      "0": 14.458658171481774,
      "14": 14.43809018369581,
      "21": 14.501068365378458,
      "27": 15.008582584193496,
      "7": 14.945090293884277
    },
    "layer_slot_norm_mean_by_layer": {
      "0": 14.444147313227418,
      "14": 14.424104659283747,
      "21": 14.486433685803023,
      "27": 14.993779823428294,
      "7": 14.930100362808979
    },
    "layer_slot_norm_std_by_layer": {
      "0": 0.008702149950578565,
      "14": 0.008512098166603045,
      "21": 0.008743366699848995,
      "27": 0.009100601275558354,
      "7": 0.009017050189927954
    },
    "layer_value_l2_by_layer": {
      "0": 13.310249735097416,
      "14": 46.46193626278737,
      "21": 51.653473087998684,
      "27": 145.92460407194545,
      "7": 24.11587311791592
    },
    "memory_long_l2": 117.72764587402344,
    "memory_long_slot_norm_max": 41.62300491333008,
    "memory_long_slot_norm_mean": 41.62300491333008,
    "memory_long_slot_norm_std": 3.303624680484063e-06,
    "memory_long_slots": 8.0,
    "memory_short_l2": 78.3997272428919,
    "memory_short_pairwise_cosine_mean": 0.9997973344365104,
    "memory_short_slot_norm_max": 39.199872814241004,
    "memory_short_slot_norm_mean": 39.19986337130187,
    "memory_short_slot_norm_std": 7.1328727766531745e-06,
    "memory_short_slots": 4.0,
    "pilot_injection_mode": "sparse_deep_prefix",
    "pilot_memory_path_variant": "two_level",
    "pilot_projector_token_source": "short_slots",
    "pilot_support_encoder_mode": "structured_support_set",
    "prefix_l2": 65.55201683669794,
    "prefix_slot_norm_max": 15.008582584193496,
    "prefix_slot_norm_mean": 14.65571322206591,
    "prefix_slot_norm_std": 0.2518620107506142,
    "prefix_tokens": 4.0,
    "reader_attention_entropy_max": 2.079441547393799,
    "reader_attention_entropy_mean": 2.079441547393799,
    "reader_attention_entropy_min": 2.079441547393799,
    "reader_attention_pairwise_cosine_mean": 0.0,
    "reader_num_queries": 1.0,
    "reader_query_entropy_by_query": [
      2.079441547393799
    ],
    "reader_slot_count": 8.0,
    "reader_slot_coverage_fraction": 0.27049180327868855,
    "support_item_count": 6.0,
    "support_item_hidden_l2": 96.10038757324219,
    "support_item_hidden_norm_max": 39.234371185302734,
    "support_item_hidden_norm_mean": 39.232818603515625,
    "support_item_hidden_norm_std": 0.001520650926977396,
    "writer_memory_l2": 117.72764587402344,
    "writer_slot_norm_max": 41.62300491333008,
    "writer_slot_norm_mean": 41.62300491333008,
    "writer_slot_norm_std": 3.303624680484063e-06
  },
  "prefix_l2": 65.55201683669794,
  "prefix_slot_norm_max": 15.008582584193496,
  "prefix_slot_norm_mean": 14.65571322206591,
  "prefix_slot_norm_std": 0.2518620107506142,
  "prefix_tokens": 4,
  "prompt_variant": "answer_slot_labels",
  "reader_attention_entropy_max": 2.079441547393799,
  "reader_attention_entropy_mean": 2.079441547393799,
  "reader_attention_entropy_min": 2.079441547393799,
  "reader_attention_pairwise_cosine_mean": 0.0,
  "reader_num_queries": 1.0,
  "reader_slot_count": 8.0,
  "reader_slot_coverage_fraction": 0.27049180327868855,
  "shared_injection_arm": "injected",
  "step": 8,
  "support_item_count": 6.0,
  "support_item_hidden_l2": 96.10038757324219,
  "support_item_hidden_norm_max": 39.234371185302734,
  "support_item_hidden_norm_mean": 39.232818603515625,
  "support_item_hidden_norm_std": 0.001520650926977396,
  "support_serialization_variant": "triad_curated6",
  "support_text_block_chars": 1415,
  "task_case_dump_path": "/root/autodl-tmp/runs/verify/tl-poc-fever-qwen25/tl-h1-k4/phase2-selected/pilot-I-shuffle/snapshot_evals/step_0008/task_case_dump.jsonl",
  "task_case_dump_rows": 61,
  "training_stage": "shared_injection_snapshot_eval",
  "writer_memory_control": "shuffled",
  "writer_memory_l2": 117.72764587402344,
  "writer_slot_norm_max": 41.62300491333008,
  "writer_slot_norm_mean": 41.62300491333008,
  "writer_slot_norm_std": 3.303624680484063e-06
}