{
  "best_adapt_macro_f1": 0.1518987341772152,
  "best_adapt_task_margin": -3.966816698918577,
  "best_adapt_task_score": 0.29508196721311475,
  "checkpoint_path": "/root/autodl-tmp/runs/verify/m5-fever-writer-objective-rewrite-qwen25/task-only-control/phase2-selected/pilot-I-shuffle/snapshot_evals/step_0024/checkpoint.pt",
  "dominant_label_fraction": 1.0,
  "label_recall_by_class": {
    "NOT_ENOUGH_INFO": 0.0,
    "REFUTES": 0.0,
    "SUPPORTS": 1.0
  },
  "pilot_arm_alias": "I_shuffle",
  "pilot_support_encoder_mode": "structured_support_set",
  "prefix_artifact_stats": {
    "active_prefix_layers": [
      0,
      7,
      14,
      21,
      27
    ],
    "layer_hidden_l2_by_layer": {
      "0": 29.016172409057617,
      "14": 28.399824142456055,
      "21": 29.79779624938965,
      "27": 29.336410522460938,
      "7": 28.26572036743164
    },
    "layer_key_l2_by_layer": {
      "0": 3114.5234375,
      "14": 97.44232940673828,
      "21": 59.09681701660156,
      "27": 83.57820892333984,
      "7": 152.12307739257812
    },
    "layer_slot_norm_max_by_layer": {
      "0": 10.258583068847656,
      "14": 10.040966033935547,
      "21": 10.53493595123291,
      "27": 10.37113094329834,
      "7": 9.992576599121094
    },
    "layer_slot_norm_mean_by_layer": {
      "0": 10.25858211517334,
      "14": 10.040964126586914,
      "21": 10.534934997558594,
      "27": 10.37113094329834,
      "7": 9.992575645446777
    },
    "layer_slot_norm_std_by_layer": {
      "0": 1.2157009905422456e-06,
      "14": 1.118282284551242e-06,
      "21": 6.743495646333031e-07,
      "27": 1.2615925015779794e-06,
      "7": 8.920806635615008e-07
    },
    "layer_value_l2_by_layer": {
      "0": 21.810068130493164,
      "14": 81.96700286865234,
      "21": 79.76468658447266,
      "27": 227.4235076904297,
      "7": 43.8229866027832
    },
    "pilot_injection_mode": "sparse_deep_prefix",
    "pilot_support_encoder_mode": "structured_support_set",
    "prefix_l2": 64.77381896972656,
    "prefix_slot_norm_max": 10.53493595123291,
    "prefix_slot_norm_mean": 10.23963737487793,
    "prefix_slot_norm_std": 0.20266246795654297,
    "prefix_tokens": 8.0,
    "support_item_count": 6.0,
    "support_item_hidden_l2": 96.0925064086914,
    "support_item_hidden_norm_max": 39.2313117980957,
    "support_item_hidden_norm_mean": 39.2296028137207,
    "support_item_hidden_norm_std": 0.0014605451142415404,
    "writer_memory_l2": 117.75062561035156,
    "writer_slot_norm_max": 41.63113021850586,
    "writer_slot_norm_mean": 41.63113021850586,
    "writer_slot_norm_std": 0.0
  },
  "prefix_l2": 64.77381896972656,
  "prefix_slot_norm_max": 10.53493595123291,
  "prefix_slot_norm_mean": 10.23963737487793,
  "prefix_slot_norm_std": 0.20266246795654297,
  "prefix_tokens": 8,
  "prompt_variant": "answer_slot_labels",
  "shared_injection_arm": "injected",
  "step": 24,
  "support_item_count": 6.0,
  "support_item_hidden_l2": 96.0925064086914,
  "support_item_hidden_norm_max": 39.2313117980957,
  "support_item_hidden_norm_mean": 39.2296028137207,
  "support_item_hidden_norm_std": 0.0014605451142415404,
  "support_serialization_variant": "triad_curated6",
  "support_text_block_chars": 1415,
  "task_case_dump_path": "/root/autodl-tmp/runs/verify/m5-fever-writer-objective-rewrite-qwen25/task-only-control/phase2-selected/pilot-I-shuffle/snapshot_evals/step_0024/task_case_dump.jsonl",
  "task_case_dump_rows": 61,
  "training_stage": "shared_injection_snapshot_eval",
  "writer_memory_control": "shuffled",
  "writer_memory_l2": 117.75062561035156,
  "writer_slot_norm_max": 41.63113021850586,
  "writer_slot_norm_mean": 41.63113021850586,
  "writer_slot_norm_std": 0.0
}