{
  "best_adapt_macro_f1": 0.1518987341772152,
  "best_adapt_task_margin": -4.416652413665271,
  "best_adapt_task_score": 0.29508196721311475,
  "checkpoint_path": "/root/autodl-tmp/runs/verify/tl-poc-fever-qwen25/tl-h4-k4/phase2-selected/pilot-I-real/snapshot_evals/step_0032/checkpoint.pt",
  "dominant_label_fraction": 1.0,
  "label_recall_by_class": {
    "NOT_ENOUGH_INFO": 0.0,
    "REFUTES": 0.0,
    "SUPPORTS": 1.0
  },
  "memory_long_l2": 117.71955108642578,
  "memory_long_slot_norm_max": 41.620140075683594,
  "memory_long_slot_norm_mean": 41.62014389038086,
  "memory_long_slot_norm_std": 3.814697265625e-06,
  "memory_long_slots": 8.0,
  "memory_short_l2": 78.41256826432024,
  "memory_short_pairwise_cosine_mean": 0.9998733196102205,
  "memory_short_slot_norm_max": 39.20629044829822,
  "memory_short_slot_norm_mean": 39.206284945128395,
  "memory_short_slot_norm_std": 5.233887823571243e-06,
  "memory_short_slots": 4.0,
  "pilot_arm_alias": "I_real",
  "pilot_fuser_short_slots": 4.0,
  "pilot_memory_path_variant": "two_level",
  "pilot_projector_token_source": "short_slots",
  "pilot_reader_context_mode": "prompt_summary",
  "pilot_reader_num_queries": 4.0,
  "pilot_support_encoder_mode": "structured_support_set",
  "prefix_artifact_stats": {
    "active_prefix_layers": [
      0.0,
      7.0,
      14.0,
      21.0,
      27.0
    ],
    "layer_hidden_l2_by_layer": {
      "0": 29.76443872295442,
      "14": 29.225945957371447,
      "21": 30.36553360985928,
      "27": 30.27463706594999,
      "7": 30.145396873599193
    },
    "layer_key_l2_by_layer": {
      "0": 2202.6077100409834,
      "14": 73.33610347059907,
      "21": 45.92423535956711,
      "27": 49.712708645179625,
      "7": 102.57291687512007
    },
    "layer_slot_norm_max_by_layer": {
      "0": 14.893860598079494,
      "14": 14.625820425690197,
      "21": 15.196155407389657,
      "27": 15.150477362460778,
      "7": 15.084156192717005
    },
    "layer_slot_norm_mean_by_layer": {
      "0": 14.882137720702124,
      "14": 14.612946182000833,
      "21": 15.182851228557649,
      "27": 15.137260030527584,
      "7": 15.072726828153016
    },
    "layer_slot_norm_std_by_layer": {
      "0": 0.00756471736173405,
      "14": 0.008308811464392747,
      "21": 0.008319422671357627,
      "27": 0.008459516877277952,
      "7": 0.007499772475146857
    },
    "layer_value_l2_by_layer": {
      "0": 14.099770561593477,
      "14": 48.368558414646834,
      "21": 52.92230124551742,
      "27": 146.04193690565765,
      "7": 27.179463746117765
    },
    "memory_long_l2": 117.71955108642578,
    "memory_long_slot_norm_max": 41.620140075683594,
    "memory_long_slot_norm_mean": 41.62014389038086,
    "memory_long_slot_norm_std": 3.814697265625e-06,
    "memory_long_slots": 8.0,
    "memory_short_l2": 78.41256826432024,
    "memory_short_pairwise_cosine_mean": 0.9998733196102205,
    "memory_short_slot_norm_max": 39.20629044829822,
    "memory_short_slot_norm_mean": 39.206284945128395,
    "memory_short_slot_norm_std": 5.233887823571243e-06,
    "memory_short_slots": 4.0,
    "pilot_injection_mode": "sparse_deep_prefix",
    "pilot_memory_path_variant": "two_level",
    "pilot_projector_token_source": "short_slots",
    "pilot_support_encoder_mode": "structured_support_set",
    "prefix_l2": 66.98833365518539,
    "prefix_slot_norm_max": 15.196155407389657,
    "prefix_slot_norm_mean": 14.977584479285069,
    "prefix_slot_norm_std": 0.20937304320882577,
    "prefix_tokens": 4.0,
    "reader_attention_entropy_max": 2.079441547393799,
    "reader_attention_entropy_mean": 2.079441547393799,
    "reader_attention_entropy_min": 2.079441547393799,
    "reader_attention_pairwise_cosine_mean": 0.9999999980457493,
    "reader_num_queries": 4.0,
    "reader_query_entropy_by_query": [
      2.079441547393799,
      2.079441547393799,
      2.079441547393799,
      2.079441547393799
    ],
    "reader_slot_count": 8.0,
    "reader_slot_coverage_fraction": 0.4610655737704918,
    "support_item_count": 6.0,
    "support_item_hidden_l2": 96.11474609375,
    "support_item_hidden_norm_max": 39.24069595336914,
    "support_item_hidden_norm_mean": 39.23867416381836,
    "support_item_hidden_norm_std": 0.0016744580352678895,
    "writer_memory_l2": 117.71955108642578,
    "writer_slot_norm_max": 41.620140075683594,
    "writer_slot_norm_mean": 41.62014389038086,
    "writer_slot_norm_std": 3.814697265625e-06
  },
  "prefix_l2": 66.98833365518539,
  "prefix_slot_norm_max": 15.196155407389657,
  "prefix_slot_norm_mean": 14.977584479285069,
  "prefix_slot_norm_std": 0.20937304320882577,
  "prefix_tokens": 4,
  "prompt_variant": "answer_slot_labels",
  "reader_attention_entropy_max": 2.079441547393799,
  "reader_attention_entropy_mean": 2.079441547393799,
  "reader_attention_entropy_min": 2.079441547393799,
  "reader_attention_pairwise_cosine_mean": 0.9999999980457493,
  "reader_num_queries": 4.0,
  "reader_slot_count": 8.0,
  "reader_slot_coverage_fraction": 0.4610655737704918,
  "shared_injection_arm": "injected",
  "step": 32,
  "support_item_count": 6.0,
  "support_item_hidden_l2": 96.11474609375,
  "support_item_hidden_norm_max": 39.24069595336914,
  "support_item_hidden_norm_mean": 39.23867416381836,
  "support_item_hidden_norm_std": 0.0016744580352678895,
  "support_serialization_variant": "triad_curated6",
  "support_text_block_chars": 1301,
  "task_case_dump_path": "/root/autodl-tmp/runs/verify/tl-poc-fever-qwen25/tl-h4-k4/phase2-selected/pilot-I-real/snapshot_evals/step_0032/task_case_dump.jsonl",
  "task_case_dump_rows": 61,
  "training_stage": "shared_injection_snapshot_eval",
  "writer_memory_control": "real",
  "writer_memory_l2": 117.71955108642578,
  "writer_slot_norm_max": 41.620140075683594,
  "writer_slot_norm_mean": 41.62014389038086,
  "writer_slot_norm_std": 3.814697265625e-06
}