{
  "best_adapt_macro_f1": 0.1518987341772152,
  "best_adapt_task_margin": -3.1402273021760534,
  "best_adapt_task_score": 0.29508196721311475,
  "checkpoint_path": "/root/autodl-tmp/runs/verify/m5-fever-writer-objective-rewrite-qwen25/anchor-only/phase2-selected/pilot-I-shuffle/snapshot_evals/step_0024/checkpoint.pt",
  "dominant_label_fraction": 1.0,
  "label_recall_by_class": {
    "NOT_ENOUGH_INFO": 0.0,
    "REFUTES": 0.0,
    "SUPPORTS": 1.0
  },
  "pilot_arm_alias": "I_shuffle",
  "pilot_support_encoder_mode": "structured_support_set",
  "prefix_artifact_stats": {
    "active_prefix_layers": [
      0,
      7,
      14,
      21,
      27
    ],
    "layer_hidden_l2_by_layer": {
      "0": 29.444873809814453,
      "14": 28.805652618408203,
      "21": 29.33935546875,
      "27": 29.25577735900879,
      "7": 27.994855880737305
    },
    "layer_key_l2_by_layer": {
      "0": 3115.9716796875,
      "14": 93.12010192871094,
      "21": 59.66032028198242,
      "27": 80.62982940673828,
      "7": 151.33157348632812
    },
    "layer_slot_norm_max_by_layer": {
      "0": 10.410964012145996,
      "14": 10.18504524230957,
      "21": 10.372520446777344,
      "27": 10.343358993530273,
      "7": 9.896674156188965
    },
    "layer_slot_norm_mean_by_layer": {
      "0": 10.410964012145996,
      "14": 10.185044288635254,
      "21": 10.372520446777344,
      "27": 10.343358993530273,
      "7": 9.896674156188965
    },
    "layer_slot_norm_std_by_layer": {
      "0": 7.539457556049456e-07,
      "14": 9.5367431640625e-07,
      "21": 8.259061701210157e-07,
      "27": 3.3717478231665154e-07,
      "7": 4.76837158203125e-07
    },
    "layer_value_l2_by_layer": {
      "0": 21.26165008544922,
      "14": 73.58302307128906,
      "21": 78.05870056152344,
      "27": 220.44515991210938,
      "7": 42.46726608276367
    },
    "pilot_injection_mode": "sparse_deep_prefix",
    "pilot_support_encoder_mode": "structured_support_set",
    "prefix_l2": 64.78530883789062,
    "prefix_slot_norm_max": 10.410964012145996,
    "prefix_slot_norm_mean": 10.24171257019043,
    "prefix_slot_norm_std": 0.18886566162109375,
    "prefix_tokens": 8.0,
    "support_item_count": 6.0,
    "support_item_hidden_l2": 96.09718322753906,
    "support_item_hidden_norm_max": 39.23313522338867,
    "support_item_hidden_norm_mean": 39.231510162353516,
    "support_item_hidden_norm_std": 0.0014942653942853212,
    "writer_memory_l2": 117.72766876220703,
    "writer_slot_norm_max": 41.623016357421875,
    "writer_slot_norm_mean": 41.623016357421875,
    "writer_slot_norm_std": 3.814697265625e-06
  },
  "prefix_l2": 64.78530883789062,
  "prefix_slot_norm_max": 10.410964012145996,
  "prefix_slot_norm_mean": 10.24171257019043,
  "prefix_slot_norm_std": 0.18886566162109375,
  "prefix_tokens": 8,
  "prompt_variant": "answer_slot_labels",
  "shared_injection_arm": "injected",
  "step": 24,
  "support_item_count": 6.0,
  "support_item_hidden_l2": 96.09718322753906,
  "support_item_hidden_norm_max": 39.23313522338867,
  "support_item_hidden_norm_mean": 39.231510162353516,
  "support_item_hidden_norm_std": 0.0014942653942853212,
  "support_serialization_variant": "triad_curated6",
  "support_text_block_chars": 1415,
  "task_case_dump_path": "/root/autodl-tmp/runs/verify/m5-fever-writer-objective-rewrite-qwen25/anchor-only/phase2-selected/pilot-I-shuffle/snapshot_evals/step_0024/task_case_dump.jsonl",
  "task_case_dump_rows": 61,
  "training_stage": "shared_injection_snapshot_eval",
  "writer_memory_control": "shuffled",
  "writer_memory_l2": 117.72766876220703,
  "writer_slot_norm_max": 41.623016357421875,
  "writer_slot_norm_mean": 41.623016357421875,
  "writer_slot_norm_std": 3.814697265625e-06
}