{
  "best_adapt_macro_f1": 0.1518987341772152,
  "best_adapt_task_margin": -2.124317231725474,
  "best_adapt_task_score": 0.29508196721311475,
  "checkpoint_path": "/root/autodl-tmp/runs/verify/m5-fever-writer-reasoner-alignment-qwen25/canonical/phase2-selected/pilot-I-shuffle/snapshot_evals/step_0008/checkpoint.pt",
  "dominant_label_fraction": 1.0,
  "label_recall_by_class": {
    "NOT_ENOUGH_INFO": 0.0,
    "REFUTES": 0.0,
    "SUPPORTS": 1.0
  },
  "pilot_arm_alias": "I_shuffle",
  "pilot_support_encoder_mode": "structured_support_set",
  "prefix_artifact_stats": {
    "active_prefix_layers": [
      0,
      7,
      14,
      21,
      27
    ],
    "layer_hidden_l2_by_layer": {
      "0": 29.357452392578125,
      "14": 28.41489601135254,
      "21": 29.503419876098633,
      "27": 29.19552993774414,
      "7": 28.440797805786133
    },
    "layer_key_l2_by_layer": {
      "0": 3117.70654296875,
      "14": 96.17559051513672,
      "21": 60.250972747802734,
      "27": 81.29927825927734,
      "7": 150.84524536132812
    },
    "layer_slot_norm_max_by_layer": {
      "0": 10.379847526550293,
      "14": 10.046442985534668,
      "21": 10.429473876953125,
      "27": 10.320943832397461,
      "7": 10.054758071899414
    },
    "layer_slot_norm_mean_by_layer": {
      "0": 10.379846572875977,
      "14": 10.046442031860352,
      "21": 10.429473876953125,
      "27": 10.320941925048828,
      "7": 10.054757118225098
    },
    "layer_slot_norm_std_by_layer": {
      "0": 7.539457556049456e-07,
      "14": 8.259061701210157e-07,
      "21": 6.743495646333031e-07,
      "27": 8.259061701210157e-07,
      "7": 5.840038852511498e-07
    },
    "layer_value_l2_by_layer": {
      "0": 21.330575942993164,
      "14": 78.71807098388672,
      "21": 77.24041748046875,
      "27": 219.37689208984375,
      "7": 43.73321533203125
    },
    "pilot_injection_mode": "sparse_deep_prefix",
    "pilot_support_encoder_mode": "structured_support_set",
    "prefix_l2": 64.81149291992188,
    "prefix_slot_norm_max": 10.429473876953125,
    "prefix_slot_norm_mean": 10.246292114257812,
    "prefix_slot_norm_std": 0.16345681250095367,
    "prefix_tokens": 8.0,
    "support_item_count": 6.0,
    "support_item_hidden_l2": 96.09813690185547,
    "support_item_hidden_norm_max": 39.233516693115234,
    "support_item_hidden_norm_mean": 39.231903076171875,
    "support_item_hidden_norm_std": 0.0015495342668145895,
    "writer_memory_l2": 117.72847747802734,
    "writer_slot_norm_max": 41.62330627441406,
    "writer_slot_norm_mean": 41.62330627441406,
    "writer_slot_norm_std": 4.2649612623790745e-06
  },
  "prefix_l2": 64.81149291992188,
  "prefix_slot_norm_max": 10.429473876953125,
  "prefix_slot_norm_mean": 10.246292114257812,
  "prefix_slot_norm_std": 0.16345681250095367,
  "prefix_tokens": 8,
  "prompt_variant": "answer_slot_labels",
  "shared_injection_arm": "injected",
  "step": 8,
  "support_item_count": 6.0,
  "support_item_hidden_l2": 96.09813690185547,
  "support_item_hidden_norm_max": 39.233516693115234,
  "support_item_hidden_norm_mean": 39.231903076171875,
  "support_item_hidden_norm_std": 0.0015495342668145895,
  "support_serialization_variant": "triad_curated6",
  "support_text_block_chars": 1415,
  "task_case_dump_path": "/root/autodl-tmp/runs/verify/m5-fever-writer-reasoner-alignment-qwen25/canonical/phase2-selected/pilot-I-shuffle/snapshot_evals/step_0008/task_case_dump.jsonl",
  "task_case_dump_rows": 61,
  "training_stage": "shared_injection_snapshot_eval",
  "writer_memory_control": "shuffled",
  "writer_memory_l2": 117.72847747802734,
  "writer_slot_norm_max": 41.62330627441406,
  "writer_slot_norm_mean": 41.62330627441406,
  "writer_slot_norm_std": 4.2649612623790745e-06
}