{
  "best_adapt_macro_f1": 0.15384615384615383,
  "best_adapt_task_margin": -1.2383260257908555,
  "best_adapt_task_score": 0.29508196721311475,
  "checkpoint_path": "/root/autodl-tmp/runs/verify/tl-poc-fever-qwen25/tl-h1-k4/phase2-selected/pilot-I-shuffle/snapshot_evals/step_0000/checkpoint.pt",
  "dominant_label_fraction": 0.9836065573770492,
  "label_recall_by_class": {
    "NOT_ENOUGH_INFO": 0.0,
    "REFUTES": 0.0,
    "SUPPORTS": 1.0
  },
  "memory_long_l2": 117.72469329833984,
  "memory_long_slot_norm_max": 41.62196731567383,
  "memory_long_slot_norm_mean": 41.62196731567383,
  "memory_long_slot_norm_std": 1.9073486328125e-06,
  "memory_long_slots": 8.0,
  "memory_short_l2": 78.38325625560323,
  "memory_short_pairwise_cosine_mean": 0.9995819760150597,
  "memory_short_slot_norm_max": 39.19163206757092,
  "memory_short_slot_norm_mean": 39.19162944105805,
  "memory_short_slot_norm_std": 2.476594944277704e-06,
  "memory_short_slots": 4.0,
  "pilot_arm_alias": "I_shuffle",
  "pilot_fuser_short_slots": 4.0,
  "pilot_memory_path_variant": "two_level",
  "pilot_projector_token_source": "short_slots",
  "pilot_reader_context_mode": "prompt_summary",
  "pilot_reader_num_queries": 1.0,
  "pilot_support_encoder_mode": "structured_support_set",
  "prefix_artifact_stats": {
    "active_prefix_layers": [
      0.0,
      7.0,
      14.0,
      21.0,
      27.0
    ],
    "layer_hidden_l2_by_layer": {
      "0": 3.6605603890340834,
      "14": 3.708864368376185,
      "21": 3.6725373189957415,
      "27": 3.634872721844032,
      "7": 3.603083845044746
    },
    "layer_key_l2_by_layer": {
      "0": 2205.350778048156,
      "14": 57.5859742711802,
      "21": 43.96126656454118,
      "27": 45.20099877529457,
      "7": 104.6230610081407
    },
    "layer_slot_norm_max_by_layer": {
      "0": 1.8440112676776823,
      "14": 1.8683822819444,
      "21": 1.8501892773831476,
      "27": 1.8312470834763324,
      "7": 1.8152617235652735
    },
    "layer_slot_norm_mean_by_layer": {
      "0": 1.8302274199782824,
      "14": 1.8543850027146886,
      "21": 1.8362085311139216,
      "27": 1.817380961824636,
      "7": 1.8014810163466657
    },
    "layer_slot_norm_std_by_layer": {
      "0": 0.014357687187854384,
      "14": 0.01473967118768907,
      "21": 0.014734149849439254,
      "27": 0.014413589397903348,
      "7": 0.014268676490813006
    },
    "layer_value_l2_by_layer": {
      "0": 12.685603923484928,
      "14": 46.26119563618644,
      "21": 47.81847437874215,
      "27": 145.93261493620327,
      "7": 24.237245622228404
    },
    "memory_long_l2": 117.72469329833984,
    "memory_long_slot_norm_max": 41.62196731567383,
    "memory_long_slot_norm_mean": 41.62196731567383,
    "memory_long_slot_norm_std": 1.9073486328125e-06,
    "memory_long_slots": 8.0,
    "memory_short_l2": 78.38325625560323,
    "memory_short_pairwise_cosine_mean": 0.9995819760150597,
    "memory_short_slot_norm_max": 39.19163206757092,
    "memory_short_slot_norm_mean": 39.19162944105805,
    "memory_short_slot_norm_std": 2.476594944277704e-06,
    "memory_short_slots": 4.0,
    "pilot_injection_mode": "sparse_deep_prefix",
    "pilot_memory_path_variant": "two_level",
    "pilot_projector_token_source": "short_slots",
    "pilot_support_encoder_mode": "structured_support_set",
    "prefix_l2": 8.175442656532663,
    "prefix_slot_norm_max": 1.8683822819444,
    "prefix_slot_norm_mean": 1.8279365965577423,
    "prefix_slot_norm_std": 0.023199613740453956,
    "prefix_tokens": 4.0,
    "reader_attention_entropy_max": 2.079441547393799,
    "reader_attention_entropy_mean": 2.079441547393799,
    "reader_attention_entropy_min": 2.079441547393799,
    "reader_attention_pairwise_cosine_mean": 0.0,
    "reader_num_queries": 1.0,
    "reader_query_entropy_by_query": [
      2.079441547393799
    ],
    "reader_slot_count": 8.0,
    "reader_slot_coverage_fraction": 0.21106557377049182,
    "support_item_count": 6.0,
    "support_item_hidden_l2": 96.09864044189453,
    "support_item_hidden_norm_max": 39.23369216918945,
    "support_item_hidden_norm_mean": 39.23210906982422,
    "support_item_hidden_norm_std": 0.001507753157056868,
    "writer_memory_l2": 117.72469329833984,
    "writer_slot_norm_max": 41.62196731567383,
    "writer_slot_norm_mean": 41.62196731567383,
    "writer_slot_norm_std": 1.9073486328125e-06
  },
  "prefix_l2": 8.175442656532663,
  "prefix_slot_norm_max": 1.8683822819444,
  "prefix_slot_norm_mean": 1.8279365965577423,
  "prefix_slot_norm_std": 0.023199613740453956,
  "prefix_tokens": 4,
  "prompt_variant": "answer_slot_labels",
  "reader_attention_entropy_max": 2.079441547393799,
  "reader_attention_entropy_mean": 2.079441547393799,
  "reader_attention_entropy_min": 2.079441547393799,
  "reader_attention_pairwise_cosine_mean": 0.0,
  "reader_num_queries": 1.0,
  "reader_slot_count": 8.0,
  "reader_slot_coverage_fraction": 0.21106557377049182,
  "shared_injection_arm": "injected",
  "step": 0,
  "support_item_count": 6.0,
  "support_item_hidden_l2": 96.09864044189453,
  "support_item_hidden_norm_max": 39.23369216918945,
  "support_item_hidden_norm_mean": 39.23210906982422,
  "support_item_hidden_norm_std": 0.001507753157056868,
  "support_serialization_variant": "triad_curated6",
  "support_text_block_chars": 1415,
  "task_case_dump_path": "/root/autodl-tmp/runs/verify/tl-poc-fever-qwen25/tl-h1-k4/phase2-selected/pilot-I-shuffle/snapshot_evals/step_0000/task_case_dump.jsonl",
  "task_case_dump_rows": 61,
  "training_stage": "shared_injection_snapshot_eval",
  "writer_memory_control": "shuffled",
  "writer_memory_l2": 117.72469329833984,
  "writer_slot_norm_max": 41.62196731567383,
  "writer_slot_norm_mean": 41.62196731567383,
  "writer_slot_norm_std": 1.9073486328125e-06
}