{
  "device": "cuda",
  "event_name": "train",
  "examples": 1648,
  "peak_device_memory_bytes": 14128160768,
  "peak_device_memory_mib": 13473.664062,
  "peak_rss_kb": 4866284,
  "token_count": 592566,
  "tokens_per_sec": 1275.680301,
  "wall_time_sec": 464.509799
}