{
  "best_adapt_macro_f1": 0.1518987341772152,
  "best_adapt_task_margin": -2.2588334318067207,
  "best_adapt_task_score": 0.29508196721311475,
  "checkpoint_path": "/root/autodl-tmp/runs/verify/tl-poc-fever-qwen25/tl-h1-k4/phase2-selected/pilot-I-shuffle/snapshot_evals/step_0004/checkpoint.pt",
  "dominant_label_fraction": 1.0,
  "label_recall_by_class": {
    "NOT_ENOUGH_INFO": 0.0,
    "REFUTES": 0.0,
    "SUPPORTS": 1.0
  },
  "memory_long_l2": 117.72819519042969,
  "memory_long_slot_norm_max": 41.62321090698242,
  "memory_long_slot_norm_mean": 41.62321090698242,
  "memory_long_slot_norm_std": 1.3486991292666062e-06,
  "memory_long_slots": 8.0,
  "memory_short_l2": 78.3924412961866,
  "memory_short_pairwise_cosine_mean": 0.9997183494880552,
  "memory_short_slot_norm_max": 39.19622821495181,
  "memory_short_slot_norm_mean": 39.19622071062932,
  "memory_short_slot_norm_std": 5.945910661317672e-06,
  "memory_short_slots": 4.0,
  "pilot_arm_alias": "I_shuffle",
  "pilot_fuser_short_slots": 4.0,
  "pilot_memory_path_variant": "two_level",
  "pilot_projector_token_source": "short_slots",
  "pilot_reader_context_mode": "prompt_summary",
  "pilot_reader_num_queries": 1.0,
  "pilot_support_encoder_mode": "structured_support_set",
  "prefix_artifact_stats": {
    "active_prefix_layers": [
      0.0,
      7.0,
      14.0,
      21.0,
      27.0
    ],
    "layer_hidden_l2_by_layer": {
      "0": 21.91441689162958,
      "14": 22.124449370337313,
      "21": 22.06004439807329,
      "27": 23.126018430365892,
      "7": 23.015499865422484
    },
    "layer_key_l2_by_layer": {
      "0": 2202.591772861168,
      "14": 61.70574607223761,
      "21": 48.091426536685134,
      "27": 49.15020508062644,
      "7": 101.49979125476274
    },
    "layer_slot_norm_max_by_layer": {
      "0": 10.976183000158091,
      "14": 11.080500931036276,
      "21": 11.048709181488537,
      "27": 11.5820354711814,
      "7": 11.528269908467276
    },
    "layer_slot_norm_mean_by_layer": {
      "0": 10.957186855253626,
      "14": 11.062239052819423,
      "21": 11.03009913397617,
      "27": 11.56299247116339,
      "7": 11.5077585470481
    },
    "layer_slot_norm_std_by_layer": {
      "0": 0.01249795576526982,
      "14": 0.012446072227397903,
      "21": 0.012397056979844804,
      "27": 0.013155121264643356,
      "7": 0.013263165126325653
    },
    "layer_value_l2_by_layer": {
      "0": 12.975817695992891,
      "14": 44.55328713088739,
      "21": 49.83102860997935,
      "27": 143.70836701940317,
      "7": 22.494988675977364
    },
    "memory_long_l2": 117.72819519042969,
    "memory_long_slot_norm_max": 41.62321090698242,
    "memory_long_slot_norm_mean": 41.62321090698242,
    "memory_long_slot_norm_std": 1.3486991292666062e-06,
    "memory_long_slots": 8.0,
    "memory_short_l2": 78.3924412961866,
    "memory_short_pairwise_cosine_mean": 0.9997183494880552,
    "memory_short_slot_norm_max": 39.19622821495181,
    "memory_short_slot_norm_mean": 39.19622071062932,
    "memory_short_slot_norm_std": 5.945910661317672e-06,
    "memory_short_slots": 4.0,
    "pilot_injection_mode": "sparse_deep_prefix",
    "pilot_memory_path_variant": "two_level",
    "pilot_projector_token_source": "short_slots",
    "pilot_support_encoder_mode": "structured_support_set",
    "prefix_l2": 50.20870433869909,
    "prefix_slot_norm_max": 11.5820354711814,
    "prefix_slot_norm_mean": 11.224055180784132,
    "prefix_slot_norm_std": 0.2574735711343953,
    "prefix_tokens": 4.0,
    "reader_attention_entropy_max": 2.079441547393799,
    "reader_attention_entropy_mean": 2.079441547393799,
    "reader_attention_entropy_min": 2.079441547393799,
    "reader_attention_pairwise_cosine_mean": 0.0,
    "reader_num_queries": 1.0,
    "reader_query_entropy_by_query": [
      2.079441547393799
    ],
    "reader_slot_count": 8.0,
    "reader_slot_coverage_fraction": 0.16188524590163936,
    "support_item_count": 6.0,
    "support_item_hidden_l2": 96.09992218017578,
    "support_item_hidden_norm_max": 39.234195709228516,
    "support_item_hidden_norm_mean": 39.23262405395508,
    "support_item_hidden_norm_std": 0.0015142650809139013,
    "writer_memory_l2": 117.72819519042969,
    "writer_slot_norm_max": 41.62321090698242,
    "writer_slot_norm_mean": 41.62321090698242,
    "writer_slot_norm_std": 1.3486991292666062e-06
  },
  "prefix_l2": 50.20870433869909,
  "prefix_slot_norm_max": 11.5820354711814,
  "prefix_slot_norm_mean": 11.224055180784132,
  "prefix_slot_norm_std": 0.2574735711343953,
  "prefix_tokens": 4,
  "prompt_variant": "answer_slot_labels",
  "reader_attention_entropy_max": 2.079441547393799,
  "reader_attention_entropy_mean": 2.079441547393799,
  "reader_attention_entropy_min": 2.079441547393799,
  "reader_attention_pairwise_cosine_mean": 0.0,
  "reader_num_queries": 1.0,
  "reader_slot_count": 8.0,
  "reader_slot_coverage_fraction": 0.16188524590163936,
  "shared_injection_arm": "injected",
  "step": 4,
  "support_item_count": 6.0,
  "support_item_hidden_l2": 96.09992218017578,
  "support_item_hidden_norm_max": 39.234195709228516,
  "support_item_hidden_norm_mean": 39.23262405395508,
  "support_item_hidden_norm_std": 0.0015142650809139013,
  "support_serialization_variant": "triad_curated6",
  "support_text_block_chars": 1415,
  "task_case_dump_path": "/root/autodl-tmp/runs/verify/tl-poc-fever-qwen25/tl-h1-k4/phase2-selected/pilot-I-shuffle/snapshot_evals/step_0004/task_case_dump.jsonl",
  "task_case_dump_rows": 61,
  "training_stage": "shared_injection_snapshot_eval",
  "writer_memory_control": "shuffled",
  "writer_memory_l2": 117.72819519042969,
  "writer_slot_norm_max": 41.62321090698242,
  "writer_slot_norm_mean": 41.62321090698242,
  "writer_slot_norm_std": 1.3486991292666062e-06
}