{
  "best_adapt_macro_f1": 0.18614718614718614,
  "best_adapt_task_margin": -2.602659194195857,
  "best_adapt_task_score": 0.3114754098360656,
  "checkpoint_path": "/root/autodl-tmp/runs/verify/tl-poc-fever-qwen25/sl8/phase2-selected/pilot-I-shuffle/snapshot_evals/step_0004/checkpoint.pt",
  "dominant_label_fraction": 0.9672131147540983,
  "label_recall_by_class": {
    "NOT_ENOUGH_INFO": 0.0,
    "REFUTES": 0.05,
    "SUPPORTS": 1.0
  },
  "memory_long_l2": 117.72828674316406,
  "memory_long_slot_norm_max": 41.623233795166016,
  "memory_long_slot_norm_mean": 41.62322998046875,
  "memory_long_slot_norm_std": 2.6973982585332124e-06,
  "memory_long_slots": 8.0,
  "memory_short_l2": 117.72828674316406,
  "memory_short_pairwise_cosine_mean": 0.9999998807907104,
  "memory_short_slot_norm_max": 41.623233795166016,
  "memory_short_slot_norm_mean": 41.62322998046875,
  "memory_short_slot_norm_std": 2.6973982585332124e-06,
  "memory_short_slots": 8.0,
  "pilot_arm_alias": "I_shuffle",
  "pilot_fuser_short_slots": 8.0,
  "pilot_memory_path_variant": "single_level",
  "pilot_projector_token_source": "writer_slots",
  "pilot_reader_context_mode": "prompt_summary",
  "pilot_reader_num_queries": 0.0,
  "pilot_support_encoder_mode": "structured_support_set",
  "prefix_artifact_stats": {
    "active_prefix_layers": [
      0,
      7,
      14,
      21,
      27
    ],
    "layer_hidden_l2_by_layer": {
      "0": 29.391159057617188,
      "14": 28.454952239990234,
      "21": 29.288293838500977,
      "27": 29.10597801208496,
      "7": 28.189613342285156
    },
    "layer_key_l2_by_layer": {
      "0": 3115.899658203125,
      "14": 93.8196792602539,
      "21": 59.40610885620117,
      "27": 78.11114501953125,
      "7": 150.18617248535156
    },
    "layer_slot_norm_max_by_layer": {
      "0": 10.391528129577637,
      "14": 10.062031745910645,
      "21": 10.355149269104004,
      "27": 10.291362762451172,
      "7": 9.96510124206543
    },
    "layer_slot_norm_mean_by_layer": {
      "0": 10.391526222229004,
      "14": 10.062031745910645,
      "21": 10.355148315429688,
      "27": 10.291362762451172,
      "7": 9.96510124206543
    },
    "layer_slot_norm_std_by_layer": {
      "0": 9.5367431640625e-07,
      "14": 8.259061701210157e-07,
      "21": 5.840038852511498e-07,
      "27": 0.0,
      "7": 8.259061701210157e-07
    },
    "layer_value_l2_by_layer": {
      "0": 21.326473236083984,
      "14": 76.08609008789062,
      "21": 76.2911605834961,
      "27": 218.22454833984375,
      "7": 42.136131286621094
    },
    "memory_long_l2": 117.72828674316406,
    "memory_long_slot_norm_max": 41.623233795166016,
    "memory_long_slot_norm_mean": 41.62322998046875,
    "memory_long_slot_norm_std": 2.6973982585332124e-06,
    "memory_long_slots": 8.0,
    "memory_short_l2": 117.72828674316406,
    "memory_short_pairwise_cosine_mean": 0.9999998807907104,
    "memory_short_slot_norm_max": 41.623233795166016,
    "memory_short_slot_norm_mean": 41.62322998046875,
    "memory_short_slot_norm_std": 2.6973982585332124e-06,
    "memory_short_slots": 8.0,
    "pilot_injection_mode": "sparse_deep_prefix",
    "pilot_memory_path_variant": "single_level",
    "pilot_projector_token_source": "writer_slots",
    "pilot_support_encoder_mode": "structured_support_set",
    "prefix_l2": 64.60173797607422,
    "prefix_slot_norm_max": 10.391528129577637,
    "prefix_slot_norm_mean": 10.213033676147461,
    "prefix_slot_norm_std": 0.16879841685295105,
    "prefix_tokens": 8.0,
    "reader_attention_entropy_max": 0.0,
    "reader_attention_entropy_mean": 0.0,
    "reader_attention_entropy_min": 0.0,
    "reader_attention_pairwise_cosine_mean": 0.0,
    "reader_num_queries": 0.0,
    "reader_query_entropy_by_query": [],
    "reader_slot_count": 8.0,
    "reader_slot_coverage_fraction": 0.0,
    "support_item_count": 6.0,
    "support_item_hidden_l2": 96.09880828857422,
    "support_item_hidden_norm_max": 39.2337646484375,
    "support_item_hidden_norm_mean": 39.23217010498047,
    "support_item_hidden_norm_std": 0.0015016007237136364,
    "writer_memory_l2": 117.72828674316406,
    "writer_slot_norm_max": 41.623233795166016,
    "writer_slot_norm_mean": 41.62322998046875,
    "writer_slot_norm_std": 2.6973982585332124e-06
  },
  "prefix_l2": 64.60173797607422,
  "prefix_slot_norm_max": 10.391528129577637,
  "prefix_slot_norm_mean": 10.213033676147461,
  "prefix_slot_norm_std": 0.16879841685295105,
  "prefix_tokens": 8,
  "prompt_variant": "answer_slot_labels",
  "reader_attention_entropy_max": 0.0,
  "reader_attention_entropy_mean": 0.0,
  "reader_attention_entropy_min": 0.0,
  "reader_attention_pairwise_cosine_mean": 0.0,
  "reader_num_queries": 0.0,
  "reader_slot_count": 8.0,
  "reader_slot_coverage_fraction": 0.0,
  "shared_injection_arm": "injected",
  "step": 4,
  "support_item_count": 6.0,
  "support_item_hidden_l2": 96.09880828857422,
  "support_item_hidden_norm_max": 39.2337646484375,
  "support_item_hidden_norm_mean": 39.23217010498047,
  "support_item_hidden_norm_std": 0.0015016007237136364,
  "support_serialization_variant": "triad_curated6",
  "support_text_block_chars": 1415,
  "task_case_dump_path": "/root/autodl-tmp/runs/verify/tl-poc-fever-qwen25/sl8/phase2-selected/pilot-I-shuffle/snapshot_evals/step_0004/task_case_dump.jsonl",
  "task_case_dump_rows": 61,
  "training_stage": "shared_injection_snapshot_eval",
  "writer_memory_control": "shuffled",
  "writer_memory_l2": 117.72828674316406,
  "writer_slot_norm_max": 41.623233795166016,
  "writer_slot_norm_mean": 41.62322998046875,
  "writer_slot_norm_std": 2.6973982585332124e-06
}