{
  "best_adapt_macro_f1": 0.1518987341772152,
  "best_adapt_task_margin": -4.886935054278765,
  "best_adapt_task_score": 0.29508196721311475,
  "checkpoint_path": "/root/autodl-tmp/runs/verify/tl-poc-fever-qwen25/tl-h1-k4/phase2-selected/pilot-I-real/snapshot_evals/step_0032/checkpoint.pt",
  "dominant_label_fraction": 1.0,
  "label_recall_by_class": {
    "NOT_ENOUGH_INFO": 0.0,
    "REFUTES": 0.0,
    "SUPPORTS": 1.0
  },
  "memory_long_l2": 117.72099304199219,
  "memory_long_slot_norm_max": 41.62065124511719,
  "memory_long_slot_norm_mean": 41.62065124511719,
  "memory_long_slot_norm_std": 0.0,
  "memory_long_slots": 8.0,
  "memory_short_l2": 78.41204959056417,
  "memory_short_pairwise_cosine_mean": 0.9998808034130784,
  "memory_short_slot_norm_max": 39.206034801045405,
  "memory_short_slot_norm_mean": 39.206024545138,
  "memory_short_slot_norm_std": 8.047685353586367e-06,
  "memory_short_slots": 4.0,
  "pilot_arm_alias": "I_real",
  "pilot_fuser_short_slots": 4.0,
  "pilot_memory_path_variant": "two_level",
  "pilot_projector_token_source": "short_slots",
  "pilot_reader_context_mode": "prompt_summary",
  "pilot_reader_num_queries": 1.0,
  "pilot_support_encoder_mode": "structured_support_set",
  "prefix_artifact_stats": {
    "active_prefix_layers": [
      0.0,
      7.0,
      14.0,
      21.0,
      27.0
    ],
    "layer_hidden_l2_by_layer": {
      "0": 27.844514846801758,
      "14": 27.489011514382284,
      "21": 28.262412305738106,
      "27": 28.12074520548836,
      "7": 27.78739535222288
    },
    "layer_key_l2_by_layer": {
      "0": 2205.6599041047643,
      "14": 60.84212106173156,
      "21": 40.538349964579595,
      "27": 43.504904762643285,
      "7": 99.52793008773054
    },
    "layer_slot_norm_max_by_layer": {
      "0": 13.929419392445048,
      "14": 13.751039974025039,
      "21": 14.137968501106638,
      "27": 14.067614977477026,
      "7": 13.900632186014144
    },
    "layer_slot_norm_mean_by_layer": {
      "0": 13.922258861729356,
      "14": 13.744640194001745,
      "21": 14.131325627936691,
      "27": 14.060479101587514,
      "7": 13.893575042974753
    },
    "layer_slot_norm_std_by_layer": {
      "0": 0.005368211253195024,
      "14": 0.004927782532682673,
      "21": 0.00513550783431188,
      "27": 0.005240270135099771,
      "7": 0.00524835471735626
    },
    "layer_value_l2_by_layer": {
      "0": 13.08019922600418,
      "14": 46.44866136644708,
      "21": 52.25488174938765,
      "27": 141.22532803895044,
      "7": 25.099069845480997
    },
    "memory_long_l2": 117.72099304199219,
    "memory_long_slot_norm_max": 41.62065124511719,
    "memory_long_slot_norm_mean": 41.62065124511719,
    "memory_long_slot_norm_std": 0.0,
    "memory_long_slots": 8.0,
    "memory_short_l2": 78.41204959056417,
    "memory_short_pairwise_cosine_mean": 0.9998808034130784,
    "memory_short_slot_norm_max": 39.206034801045405,
    "memory_short_slot_norm_mean": 39.206024545138,
    "memory_short_slot_norm_std": 8.047685353586367e-06,
    "memory_short_slots": 4.0,
    "pilot_injection_mode": "sparse_deep_prefix",
    "pilot_memory_path_variant": "two_level",
    "pilot_projector_token_source": "short_slots",
    "pilot_support_encoder_mode": "structured_support_set",
    "prefix_l2": 62.39126117893907,
    "prefix_slot_norm_max": 14.137968501106638,
    "prefix_slot_norm_mean": 13.950455900098456,
    "prefix_slot_norm_std": 0.1351980034445153,
    "prefix_tokens": 4.0,
    "reader_attention_entropy_max": 2.079441547393799,
    "reader_attention_entropy_mean": 2.079441547393799,
    "reader_attention_entropy_min": 2.079441547393799,
    "reader_attention_pairwise_cosine_mean": 0.0,
    "reader_num_queries": 1.0,
    "reader_query_entropy_by_query": [
      2.079441547393799
    ],
    "reader_slot_count": 8.0,
    "reader_slot_coverage_fraction": 0.21721311475409835,
    "support_item_count": 6.0,
    "support_item_hidden_l2": 96.10963439941406,
    "support_item_hidden_norm_max": 39.23855209350586,
    "support_item_hidden_norm_mean": 39.23659133911133,
    "support_item_hidden_norm_std": 0.0015490505611523986,
    "writer_memory_l2": 117.72099304199219,
    "writer_slot_norm_max": 41.62065124511719,
    "writer_slot_norm_mean": 41.62065124511719,
    "writer_slot_norm_std": 0.0
  },
  "prefix_l2": 62.39126117893907,
  "prefix_slot_norm_max": 14.137968501106638,
  "prefix_slot_norm_mean": 13.950455900098456,
  "prefix_slot_norm_std": 0.1351980034445153,
  "prefix_tokens": 4,
  "prompt_variant": "answer_slot_labels",
  "reader_attention_entropy_max": 2.079441547393799,
  "reader_attention_entropy_mean": 2.079441547393799,
  "reader_attention_entropy_min": 2.079441547393799,
  "reader_attention_pairwise_cosine_mean": 0.0,
  "reader_num_queries": 1.0,
  "reader_slot_count": 8.0,
  "reader_slot_coverage_fraction": 0.21721311475409835,
  "shared_injection_arm": "injected",
  "step": 32,
  "support_item_count": 6.0,
  "support_item_hidden_l2": 96.10963439941406,
  "support_item_hidden_norm_max": 39.23855209350586,
  "support_item_hidden_norm_mean": 39.23659133911133,
  "support_item_hidden_norm_std": 0.0015490505611523986,
  "support_serialization_variant": "triad_curated6",
  "support_text_block_chars": 1301,
  "task_case_dump_path": "/root/autodl-tmp/runs/verify/tl-poc-fever-qwen25/tl-h1-k4/phase2-selected/pilot-I-real/snapshot_evals/step_0032/task_case_dump.jsonl",
  "task_case_dump_rows": 61,
  "training_stage": "shared_injection_snapshot_eval",
  "writer_memory_control": "real",
  "writer_memory_l2": 117.72099304199219,
  "writer_slot_norm_max": 41.62065124511719,
  "writer_slot_norm_mean": 41.62065124511719,
  "writer_slot_norm_std": 0.0
}