{
  "best_adapt_macro_f1": 0.1518987341772152,
  "best_adapt_task_margin": -3.86479166687512,
  "best_adapt_task_score": 0.29508196721311475,
  "checkpoint_path": "/root/autodl-tmp/runs/verify/m5-fever-writer-reasoner-alignment-qwen25/canonical/phase2-selected/pilot-I-real/snapshot_evals/step_0016/checkpoint.pt",
  "dominant_label_fraction": 1.0,
  "label_recall_by_class": {
    "NOT_ENOUGH_INFO": 0.0,
    "REFUTES": 0.0,
    "SUPPORTS": 1.0
  },
  "pilot_arm_alias": "I_real",
  "pilot_support_encoder_mode": "structured_support_set",
  "prefix_artifact_stats": {
    "active_prefix_layers": [
      0,
      7,
      14,
      21,
      27
    ],
    "layer_hidden_l2_by_layer": {
      "0": 30.846879959106445,
      "14": 30.06766700744629,
      "21": 30.465681076049805,
      "27": 30.1824893951416,
      "7": 28.963964462280273
    },
    "layer_key_l2_by_layer": {
      "0": 3116.41259765625,
      "14": 93.56867218017578,
      "21": 59.95220947265625,
      "27": 79.86793518066406,
      "7": 150.9874725341797
    },
    "layer_slot_norm_max_by_layer": {
      "0": 10.90798568725586,
      "14": 10.630701065063477,
      "21": 10.772274017333984,
      "27": 10.670354843139648,
      "7": 10.24074935913086
    },
    "layer_slot_norm_mean_by_layer": {
      "0": 10.907984733581543,
      "14": 10.63070011138916,
      "21": 10.772273063659668,
      "27": 10.670354843139648,
      "7": 10.240748405456543
    },
    "layer_slot_norm_std_by_layer": {
      "0": 8.920806635615008e-07,
      "14": 9.5367431640625e-07,
      "21": 7.539457556049456e-07,
      "27": 1.3486991292666062e-06,
      "7": 6.743495646333031e-07
    },
    "layer_value_l2_by_layer": {
      "0": 21.240718841552734,
      "14": 72.12196350097656,
      "21": 78.89464569091797,
      "27": 222.3920440673828,
      "7": 42.596832275390625
    },
    "pilot_injection_mode": "sparse_deep_prefix",
    "pilot_support_encoder_mode": "structured_support_set",
    "prefix_l2": 67.33599090576172,
    "prefix_slot_norm_max": 10.90798568725586,
    "prefix_slot_norm_mean": 10.644413948059082,
    "prefix_slot_norm_std": 0.2234390676021576,
    "prefix_tokens": 8.0,
    "support_item_count": 6.0,
    "support_item_hidden_l2": 96.11476135253906,
    "support_item_hidden_norm_max": 39.24082946777344,
    "support_item_hidden_norm_mean": 39.238677978515625,
    "support_item_hidden_norm_std": 0.0017660949379205704,
    "writer_memory_l2": 117.72577667236328,
    "writer_slot_norm_max": 41.62234115600586,
    "writer_slot_norm_mean": 41.62234115600586,
    "writer_slot_norm_std": 2.6973982585332124e-06
  },
  "prefix_l2": 67.33599090576172,
  "prefix_slot_norm_max": 10.90798568725586,
  "prefix_slot_norm_mean": 10.644413948059082,
  "prefix_slot_norm_std": 0.2234390676021576,
  "prefix_tokens": 8,
  "prompt_variant": "answer_slot_labels",
  "shared_injection_arm": "injected",
  "step": 16,
  "support_item_count": 6.0,
  "support_item_hidden_l2": 96.11476135253906,
  "support_item_hidden_norm_max": 39.24082946777344,
  "support_item_hidden_norm_mean": 39.238677978515625,
  "support_item_hidden_norm_std": 0.0017660949379205704,
  "support_serialization_variant": "triad_curated6",
  "support_text_block_chars": 1301,
  "task_case_dump_path": "/root/autodl-tmp/runs/verify/m5-fever-writer-reasoner-alignment-qwen25/canonical/phase2-selected/pilot-I-real/snapshot_evals/step_0016/task_case_dump.jsonl",
  "task_case_dump_rows": 61,
  "training_stage": "shared_injection_snapshot_eval",
  "writer_memory_control": "real",
  "writer_memory_l2": 117.72577667236328,
  "writer_slot_norm_max": 41.62234115600586,
  "writer_slot_norm_mean": 41.62234115600586,
  "writer_slot_norm_std": 2.6973982585332124e-06
}