{
  "best_adapt_macro_f1": 0.1518987341772152,
  "best_adapt_task_margin": -4.233914445658199,
  "best_adapt_task_score": 0.29508196721311475,
  "checkpoint_path": "/root/autodl-tmp/runs/verify/tl-poc-fever-qwen25/tl-h4-k8/phase2-selected/pilot-I-shuffle/snapshot_evals/step_0012/checkpoint.pt",
  "dominant_label_fraction": 1.0,
  "label_recall_by_class": {
    "NOT_ENOUGH_INFO": 0.0,
    "REFUTES": 0.0,
    "SUPPORTS": 1.0
  },
  "memory_long_l2": 117.72636413574219,
  "memory_long_slot_norm_max": 41.622554779052734,
  "memory_long_slot_norm_mean": 41.622554779052734,
  "memory_long_slot_norm_std": 0.0,
  "memory_long_slots": 8.0,
  "memory_short_l2": 110.87811729556225,
  "memory_short_pairwise_cosine_mean": 0.9998137872727191,
  "memory_short_slot_norm_max": 39.201343974129095,
  "memory_short_slot_norm_mean": 39.20133471879803,
  "memory_short_slot_norm_std": 6.511641999406761e-06,
  "memory_short_slots": 8.0,
  "pilot_arm_alias": "I_shuffle",
  "pilot_fuser_short_slots": 8.0,
  "pilot_memory_path_variant": "two_level",
  "pilot_projector_token_source": "short_slots",
  "pilot_reader_context_mode": "prompt_summary",
  "pilot_reader_num_queries": 4.0,
  "pilot_support_encoder_mode": "structured_support_set",
  "prefix_artifact_stats": {
    "active_prefix_layers": [
      0.0,
      7.0,
      14.0,
      21.0,
      27.0
    ],
    "layer_hidden_l2_by_layer": {
      "0": 31.05513372577605,
      "14": 31.85145062305888,
      "21": 32.01454706661037,
      "27": 32.67905050809266,
      "7": 32.38050626535885
    },
    "layer_key_l2_by_layer": {
      "0": 3115.7870693519467,
      "14": 81.41143436119205,
      "21": 53.116382911557054,
      "27": 61.36933154747134,
      "7": 141.17504082351434
    },
    "layer_slot_norm_max_by_layer": {
      "0": 10.988818809634349,
      "14": 11.27108967890505,
      "21": 11.328996017330983,
      "27": 11.563795230427726,
      "7": 11.459202313032307
    },
    "layer_slot_norm_mean_by_layer": {
      "0": 10.979603392178895,
      "14": 11.261167213565013,
      "21": 11.318934018494653,
      "27": 11.55390739440918,
      "7": 11.448368291385838
    },
    "layer_slot_norm_std_by_layer": {
      "0": 0.007766407670178374,
      "14": 0.008070687854998424,
      "21": 0.007998884655535221,
      "27": 0.008113678514224584,
      "7": 0.008270630498462524
    },
    "layer_value_l2_by_layer": {
      "0": 18.079842114057698,
      "14": 66.7384400914927,
      "21": 70.98407182537142,
      "27": 192.90024429071144,
      "7": 31.77546529300877
    },
    "memory_long_l2": 117.72636413574219,
    "memory_long_slot_norm_max": 41.622554779052734,
    "memory_long_slot_norm_mean": 41.622554779052734,
    "memory_long_slot_norm_std": 0.0,
    "memory_long_slots": 8.0,
    "memory_short_l2": 110.87811729556225,
    "memory_short_pairwise_cosine_mean": 0.9998137872727191,
    "memory_short_slot_norm_max": 39.201343974129095,
    "memory_short_slot_norm_mean": 39.20133471879803,
    "memory_short_slot_norm_std": 6.511641999406761e-06,
    "memory_short_slots": 8.0,
    "pilot_injection_mode": "sparse_deep_prefix",
    "pilot_memory_path_variant": "two_level",
    "pilot_projector_token_source": "short_slots",
    "pilot_support_encoder_mode": "structured_support_set",
    "prefix_l2": 71.55652168148853,
    "prefix_slot_norm_max": 11.563795230427726,
    "prefix_slot_norm_mean": 11.312396065133516,
    "prefix_slot_norm_std": 0.19526943955265108,
    "prefix_tokens": 8.0,
    "reader_attention_entropy_max": 2.079441547393799,
    "reader_attention_entropy_mean": 2.079441547393799,
    "reader_attention_entropy_min": 2.079441547393799,
    "reader_attention_pairwise_cosine_mean": 1.0,
    "reader_num_queries": 4.0,
    "reader_query_entropy_by_query": [
      2.079441547393799,
      2.079441547393799,
      2.079441547393799,
      2.079441547393799
    ],
    "reader_slot_count": 8.0,
    "reader_slot_coverage_fraction": 0.36270491803278687,
    "support_item_count": 6.0,
    "support_item_hidden_l2": 96.10284423828125,
    "support_item_hidden_norm_max": 39.23540496826172,
    "support_item_hidden_norm_mean": 39.23382568359375,
    "support_item_hidden_norm_std": 0.0015536256833001971,
    "writer_memory_l2": 117.72636413574219,
    "writer_slot_norm_max": 41.622554779052734,
    "writer_slot_norm_mean": 41.622554779052734,
    "writer_slot_norm_std": 0.0
  },
  "prefix_l2": 71.55652168148853,
  "prefix_slot_norm_max": 11.563795230427726,
  "prefix_slot_norm_mean": 11.312396065133516,
  "prefix_slot_norm_std": 0.19526943955265108,
  "prefix_tokens": 8,
  "prompt_variant": "answer_slot_labels",
  "reader_attention_entropy_max": 2.079441547393799,
  "reader_attention_entropy_mean": 2.079441547393799,
  "reader_attention_entropy_min": 2.079441547393799,
  "reader_attention_pairwise_cosine_mean": 1.0,
  "reader_num_queries": 4.0,
  "reader_slot_count": 8.0,
  "reader_slot_coverage_fraction": 0.36270491803278687,
  "shared_injection_arm": "injected",
  "step": 12,
  "support_item_count": 6.0,
  "support_item_hidden_l2": 96.10284423828125,
  "support_item_hidden_norm_max": 39.23540496826172,
  "support_item_hidden_norm_mean": 39.23382568359375,
  "support_item_hidden_norm_std": 0.0015536256833001971,
  "support_serialization_variant": "triad_curated6",
  "support_text_block_chars": 1415,
  "task_case_dump_path": "/root/autodl-tmp/runs/verify/tl-poc-fever-qwen25/tl-h4-k8/phase2-selected/pilot-I-shuffle/snapshot_evals/step_0012/task_case_dump.jsonl",
  "task_case_dump_rows": 61,
  "training_stage": "shared_injection_snapshot_eval",
  "writer_memory_control": "shuffled",
  "writer_memory_l2": 117.72636413574219,
  "writer_slot_norm_max": 41.622554779052734,
  "writer_slot_norm_mean": 41.622554779052734,
  "writer_slot_norm_std": 0.0
}