{
  "answer_logprob_with_memory": 0.0,
  "answer_logprob_without_memory": 0.0,
  "best_adapt_exact_match": 0.3333333333333333,
  "best_adapt_macro_f1": 0.17777777777777778,
  "best_adapt_task_margin": -1.6357801755269368,
  "best_adapt_task_score": 0.3333333333333333,
  "checkpoint_path": "/root/mydir/MemTOTAL/runs/review/planv6-v6-0-dryrun/snapshot_evals/step_0001/checkpoint.pt",
  "competitor_prefix_attention_mass_mean": 0.0019034302337483193,
  "delta_answer_logprob": 0.0,
  "dominant_label_fraction": 0.9166666666666666,
  "fuser_diversity_without_semantic_gain_flag": 0.0,
  "fuser_input_effective_rank": 0.0,
  "fuser_input_pairwise_cosine_mean": 0.0,
  "fuser_linear_output_singular_value_top1": 0.0,
  "fuser_linear_output_singular_value_top2": 0.0,
  "fuser_linear_output_singular_value_top3": 0.0,
  "fuser_output_effective_rank": 1.2036469678084056,
  "fuser_output_pairwise_cosine_mean": 0.9998545547326406,
  "fuser_rank_gain_over_readout": 1.2036469678084056,
  "fuser_short_query_pairwise_cosine_mean": 0.0,
  "gold_prefix_attention_mass_mean": 0.00179924877496281,
  "label_recall_by_class": {
    "NOT_ENOUGH_INFO": 0.0,
    "REFUTES": 0.0,
    "SUPPORTS": 1.0
  },
  "memory_long_centered_effective_rank": 6.916685700416565,
  "memory_long_centered_top1_top2_ratio": 1.0654408556592931,
  "memory_long_common_mode_energy_ratio": 0.9998726596434911,
  "memory_long_common_mode_vector_l2": 39.18914318084717,
  "memory_long_l2": 110.8506908416748,
  "memory_long_pairwise_cosine_mean": 0.9998544702927271,
  "memory_long_singular_value_top1": 110.84363301595052,
  "memory_long_singular_value_top2": 0.583513523141543,
  "memory_long_singular_value_top3": 0.5478542099396387,
  "memory_long_slot_energy_cv": 9.314386299944106e-08,
  "memory_long_slot_energy_histogram_max": 1535.9846700032551,
  "memory_long_slot_energy_histogram_min": 1535.9842834472656,
  "memory_long_slot_norm_histogram_max": 39.19164148966471,
  "memory_long_slot_norm_histogram_min": 39.19163513183594,
  "memory_long_slot_norm_max": 39.19164148966471,
  "memory_long_slot_norm_mean": 39.1916389465332,
  "memory_long_slot_norm_std": 3.1158233942581623e-06,
  "memory_long_slot_variance_cv": 7.554771173482896e-08,
  "memory_long_slots": 8.0,
  "memory_long_top1_top2_ratio": 190.29942542009368,
  "memory_short_l2": 110.8506908416748,
  "memory_short_pairwise_cosine_mean": 0.9998545547326406,
  "memory_short_slot_norm_max": 39.19164148966471,
  "memory_short_slot_norm_mean": 39.1916389465332,
  "memory_short_slot_norm_std": 3.1158233942581623e-06,
  "memory_short_slots": 8.0,
  "pilot_arm_alias": "V6_probe_dryrun",
  "pilot_fuser_short_slots": 8.0,
  "pilot_memory_path_variant": "single_level",
  "pilot_projector_token_source": "writer_slots",
  "pilot_reader_context_mode": "prompt_summary",
  "pilot_reader_num_queries": 0.0,
  "pilot_support_encoder_mode": "structured_support_set",
  "prefix_artifact_stats": {
    "active_prefix_layers": [
      0.0,
      1.0,
      2.0,
      3.0
    ],
    "fuser_diversity_without_semantic_gain_flag": 0.0,
    "fuser_input_effective_rank": 0.0,
    "fuser_input_pairwise_cosine_mean": 0.0,
    "fuser_linear_output_singular_value_top1": 0.0,
    "fuser_linear_output_singular_value_top2": 0.0,
    "fuser_linear_output_singular_value_top3": 0.0,
    "fuser_output_effective_rank": 1.2036469678084056,
    "fuser_output_pairwise_cosine_mean": 0.9998545547326406,
    "fuser_rank_gain_over_readout": 1.2036469678084056,
    "fuser_short_query_pairwise_cosine_mean": 0.0,
    "layer_hidden_l2_by_layer": {
      "0": 38.4622491200765,
      "1": 49.961758295694985,
      "2": 60.724432945251465,
      "3": 72.3570105234782
    },
    "layer_key_l2_by_layer": {
      "0": 3121.7057088216147,
      "1": 443.0154342651367,
      "2": 113.45926094055176,
      "3": 92.61528396606445
    },
    "layer_slot_norm_max_by_layer": {
      "0": 14.348797718683878,
      "1": 18.828398545583088,
      "2": 23.728506247202557,
      "3": 27.703354994455974
    },
    "layer_slot_norm_mean_by_layer": {
      "0": 13.577306032180786,
      "1": 17.647610664367676,
      "2": 21.433099269866943,
      "3": 25.52958059310913
    },
    "layer_slot_norm_std_by_layer": {
      "0": 0.7597263356049856,
      "1": 0.7784030884504318,
      "2": 1.2591348091761272,
      "3": 1.6323508222897847
    },
    "layer_value_l2_by_layer": {
      "0": 25.496793270111084,
      "1": 12.972797632217407,
      "2": 21.05550209681193,
      "3": 22.17342694600423
    },
    "memory_long_centered_effective_rank": 6.916685700416565,
    "memory_long_centered_top1_top2_ratio": 1.0654408556592931,
    "memory_long_common_mode_energy_ratio": 0.9998726596434911,
    "memory_long_common_mode_vector_l2": 39.18914318084717,
    "memory_long_l2": 110.8506908416748,
    "memory_long_pairwise_cosine_mean": 0.9998544702927271,
    "memory_long_singular_value_top1": 110.84363301595052,
    "memory_long_singular_value_top2": 0.583513523141543,
    "memory_long_singular_value_top3": 0.5478542099396387,
    "memory_long_slot_energy_cv": 9.314386299944106e-08,
    "memory_long_slot_energy_histogram_counts": [
      1.6666666666666667,
      1.6666666666666667,
      2.4166666666666665,
      2.25
    ],
    "memory_long_slot_energy_histogram_max": 1535.9846700032551,
    "memory_long_slot_energy_histogram_min": 1535.9842834472656,
    "memory_long_slot_norm_histogram_counts": [
      2.9166666666666665,
      0.0,
      2.3333333333333335,
      2.75
    ],
    "memory_long_slot_norm_histogram_max": 39.19164148966471,
    "memory_long_slot_norm_histogram_min": 39.19163513183594,
    "memory_long_slot_norm_max": 39.19164148966471,
    "memory_long_slot_norm_mean": 39.1916389465332,
    "memory_long_slot_norm_std": 3.1158233942581623e-06,
    "memory_long_slot_variance_cv": 7.554771173482896e-08,
    "memory_long_slots": 8.0,
    "memory_long_top1_top2_ratio": 190.29942542009368,
    "memory_short_l2": 110.8506908416748,
    "memory_short_pairwise_cosine_mean": 0.9998545547326406,
    "memory_short_slot_norm_max": 39.19164148966471,
    "memory_short_slot_norm_mean": 39.1916389465332,
    "memory_short_slot_norm_std": 3.1158233942581623e-06,
    "memory_short_slots": 8.0,
    "pilot_deep_prefix_init_mode": "kv_stat_match",
    "pilot_injection_mode": "sparse_deep_prefix",
    "pilot_memory_path_variant": "single_level",
    "pilot_prefix_source_mode": "writer",
    "pilot_projector_token_source": "writer_slots",
    "pilot_support_encoder_mode": "structured_support_set",
    "prefix_l2": 113.57293383280437,
    "prefix_slot_norm_max": 27.703354994455974,
    "prefix_slot_norm_mean": 19.54689868291219,
    "prefix_slot_norm_std": 4.583303451538086,
    "prefix_tokens": 8.0,
    "projected_memory_effective_rank": 21.145630677541096,
    "reader_argmax_mass_mean": 0.0,
    "reader_argmax_mass_std": 0.0,
    "reader_attention_entropy_max": 0.0,
    "reader_attention_entropy_mean": 0.0,
    "reader_attention_entropy_min": 0.0,
    "reader_attention_pairwise_cosine_mean": 0.0,
    "reader_base_query_norm_mean": 0.0,
    "reader_base_query_pairwise_cosine_mean": 0.0,
    "reader_conditioned_query_norm_mean": 0.0,
    "reader_conditioned_query_pairwise_cosine_mean": 0.0,
    "reader_context_overwrite_ratio": 0.0,
    "reader_context_shift_norm_mean": 0.0,
    "reader_num_queries": 0.0,
    "reader_qk_logit_mean": 0.0,
    "reader_qk_logit_pairwise_cosine_mean": 0.0,
    "reader_qk_logit_range": 0.0,
    "reader_qk_logit_std": 0.0,
    "reader_query_entropy_by_query": [],
    "reader_query_to_slot_top1_agreement_rate": 0.0,
    "reader_query_to_slot_top2_coverage_fraction": 0.0,
    "reader_readout_centered_effective_rank": 0.0,
    "reader_readout_effective_rank": 0.0,
    "reader_readout_pairwise_cosine_mean": 0.0,
    "reader_slot_count": 8.0,
    "reader_slot_coverage_fraction": 0.0,
    "reader_value_projected_effective_rank": 0.0,
    "reader_value_projected_pairwise_cosine_mean": 0.0,
    "support_item_count": 6.0,