{
  "best_adapt_macro_f1": 0.2669476642079382,
  "best_adapt_task_margin": -2.4702031495141203,
  "best_adapt_task_score": 0.36065573770491804,
  "checkpoint_path": "/root/autodl-tmp/runs/verify/tl-poc-fever-qwen25/sl8/phase2-selected/pilot-I-real/snapshot_evals/step_0002/checkpoint.pt",
  "dominant_label_fraction": 0.9016393442622951,
  "label_recall_by_class": {
    "NOT_ENOUGH_INFO": 0.0,
    "REFUTES": 0.2,
    "SUPPORTS": 1.0
  },
  "memory_long_l2": 117.72625732421875,
  "memory_long_slot_norm_max": 41.622520446777344,
  "memory_long_slot_norm_mean": 41.62252426147461,
  "memory_long_slot_norm_std": 3.814697265625e-06,
  "memory_long_slots": 8.0,
  "memory_short_l2": 117.72625732421875,
  "memory_short_pairwise_cosine_mean": 1.000000238418579,
  "memory_short_slot_norm_max": 41.622520446777344,
  "memory_short_slot_norm_mean": 41.62252426147461,
  "memory_short_slot_norm_std": 3.814697265625e-06,
  "memory_short_slots": 8.0,
  "pilot_arm_alias": "I_real",
  "pilot_fuser_short_slots": 8.0,
  "pilot_memory_path_variant": "single_level",
  "pilot_projector_token_source": "writer_slots",
  "pilot_reader_context_mode": "prompt_summary",
  "pilot_reader_num_queries": 0.0,
  "pilot_support_encoder_mode": "structured_support_set",
  "prefix_artifact_stats": {
    "active_prefix_layers": [
      0,
      7,
      14,
      21,
      27
    ],
    "layer_hidden_l2_by_layer": {
      "0": 29.418123245239258,
      "14": 28.451549530029297,
      "21": 29.342653274536133,
      "27": 29.138948440551758,
      "7": 28.248554229736328
    },
    "layer_key_l2_by_layer": {
      "0": 3115.129638671875,
      "14": 93.59900665283203,
      "21": 59.27449035644531,
      "27": 77.26485443115234,
      "7": 149.88565063476562
    },
    "layer_slot_norm_max_by_layer": {
      "0": 10.399979591369629,
      "14": 10.059412002563477,
      "21": 10.37357234954834,
      "27": 10.3023099899292,
      "7": 9.988899230957031
    },
    "layer_slot_norm_mean_by_layer": {
      "0": 10.399978637695312,
      "14": 10.05941104888916,
      "21": 10.37357234954834,
      "27": 10.302308082580566,
      "7": 9.988899230957031
    },
    "layer_slot_norm_std_by_layer": {
      "0": 8.259061701210157e-07,
      "14": 4.76837158203125e-07,
      "21": 8.920806635615008e-07,
      "27": 7.539457556049456e-07,
      "7": 6.743495646333031e-07
    },
    "layer_value_l2_by_layer": {
      "0": 21.4199275970459,
      "14": 75.93425750732422,
      "21": 76.03605651855469,
      "27": 218.44863891601562,
      "7": 41.77891159057617
    },
    "memory_long_l2": 117.72625732421875,
    "memory_long_slot_norm_max": 41.622520446777344,
    "memory_long_slot_norm_mean": 41.62252426147461,
    "memory_long_slot_norm_std": 3.814697265625e-06,
    "memory_long_slots": 8.0,
    "memory_short_l2": 117.72625732421875,
    "memory_short_pairwise_cosine_mean": 1.000000238418579,
    "memory_short_slot_norm_max": 41.622520446777344,
    "memory_short_slot_norm_mean": 41.62252426147461,
    "memory_short_slot_norm_std": 3.814697265625e-06,
    "memory_short_slots": 8.0,
    "pilot_injection_mode": "sparse_deep_prefix",
    "pilot_memory_path_variant": "single_level",
    "pilot_projector_token_source": "writer_slots",
    "pilot_support_encoder_mode": "structured_support_set",
    "prefix_l2": 64.67626953125,
    "prefix_slot_norm_max": 10.399979591369629,
    "prefix_slot_norm_mean": 10.224834442138672,
    "prefix_slot_norm_std": 0.16842281818389893,
    "prefix_tokens": 8.0,
    "reader_attention_entropy_max": 0.0,
    "reader_attention_entropy_mean": 0.0,
    "reader_attention_entropy_min": 0.0,
    "reader_attention_pairwise_cosine_mean": 0.0,
    "reader_num_queries": 0.0,
    "reader_query_entropy_by_query": [],
    "reader_slot_count": 8.0,
    "reader_slot_coverage_fraction": 0.0,
    "support_item_count": 6.0,
    "support_item_hidden_l2": 96.0995101928711,
    "support_item_hidden_norm_max": 39.23421096801758,
    "support_item_hidden_norm_mean": 39.23246383666992,
    "support_item_hidden_norm_std": 0.0013708641054108739,
    "writer_memory_l2": 117.72625732421875,
    "writer_slot_norm_max": 41.622520446777344,
    "writer_slot_norm_mean": 41.62252426147461,
    "writer_slot_norm_std": 3.814697265625e-06
  },
  "prefix_l2": 64.67626953125,
  "prefix_slot_norm_max": 10.399979591369629,
  "prefix_slot_norm_mean": 10.224834442138672,
  "prefix_slot_norm_std": 0.16842281818389893,
  "prefix_tokens": 8,
  "prompt_variant": "answer_slot_labels",
  "reader_attention_entropy_max": 0.0,
  "reader_attention_entropy_mean": 0.0,
  "reader_attention_entropy_min": 0.0,
  "reader_attention_pairwise_cosine_mean": 0.0,
  "reader_num_queries": 0.0,
  "reader_slot_count": 8.0,
  "reader_slot_coverage_fraction": 0.0,
  "shared_injection_arm": "injected",
  "step": 2,
  "support_item_count": 6.0,
  "support_item_hidden_l2": 96.0995101928711,
  "support_item_hidden_norm_max": 39.23421096801758,
  "support_item_hidden_norm_mean": 39.23246383666992,
  "support_item_hidden_norm_std": 0.0013708641054108739,
  "support_serialization_variant": "triad_curated6",
  "support_text_block_chars": 1301,
  "task_case_dump_path": "/root/autodl-tmp/runs/verify/tl-poc-fever-qwen25/sl8/phase2-selected/pilot-I-real/snapshot_evals/step_0002/task_case_dump.jsonl",
  "task_case_dump_rows": 61,
  "training_stage": "shared_injection_snapshot_eval",
  "writer_memory_control": "real",
  "writer_memory_l2": 117.72625732421875,
  "writer_slot_norm_max": 41.622520446777344,
  "writer_slot_norm_mean": 41.62252426147461,
  "writer_slot_norm_std": 3.814697265625e-06
}