{
  "device": "cuda",
  "event_name": "train",
  "examples": 224,
  "peak_device_memory_bytes": 26547325440,
  "peak_device_memory_mib": 25317.502441,
  "peak_rss_kb": 6156420,
  "token_count": 1698233,
  "tokens_per_sec": 7510.144515,
  "wall_time_sec": 226.125209
}