{
  "best_adapt_macro_f1": 0.1518987341772152,
  "best_adapt_task_margin": -3.5183809311663516,
  "best_adapt_task_score": 0.29508196721311475,
  "checkpoint_path": "/root/autodl-tmp/runs/verify/tl-poc-fever-qwen25/tl-h4-k4/phase2-selected/pilot-I-shuffle/snapshot_evals/step_0024/checkpoint.pt",
  "dominant_label_fraction": 1.0,
  "label_recall_by_class": {
    "NOT_ENOUGH_INFO": 0.0,
    "REFUTES": 0.0,
    "SUPPORTS": 1.0
  },
  "memory_long_l2": 117.73541259765625,
  "memory_long_slot_norm_max": 41.62574768066406,
  "memory_long_slot_norm_mean": 41.62574768066406,
  "memory_long_slot_norm_std": 0.0,
  "memory_long_slots": 8.0,
  "memory_short_l2": 78.40959717797452,
  "memory_short_pairwise_cosine_mean": 0.9998703120184727,
  "memory_short_slot_norm_max": 39.204807531638224,
  "memory_short_slot_norm_mean": 39.20479883913134,
  "memory_short_slot_norm_std": 6.748602431127706e-06,
  "memory_short_slots": 4.0,
  "pilot_arm_alias": "I_shuffle",
  "pilot_fuser_short_slots": 4.0,
  "pilot_memory_path_variant": "two_level",
  "pilot_projector_token_source": "short_slots",
  "pilot_reader_context_mode": "prompt_summary",
  "pilot_reader_num_queries": 4.0,
  "pilot_support_encoder_mode": "structured_support_set",
  "prefix_artifact_stats": {
    "active_prefix_layers": [
      0.0,
      7.0,
      14.0,
      21.0,
      27.0
    ],
    "layer_hidden_l2_by_layer": {
      "0": 20.124040509833666,
      "14": 20.573664993536276,
      "21": 19.906154882712443,
      "27": 19.530528271784547,
      "7": 19.342904356659435
    },
    "layer_key_l2_by_layer": {
      "0": 2204.1804799564547,
      "14": 56.1640040288206,
      "21": 43.786013806452516,
      "27": 59.245438059822455,
      "7": 102.0003119296715
    },
    "layer_slot_norm_max_by_layer": {
      "0": 10.069469514440318,
      "14": 10.293892547732494,
      "21": 9.96049729331595,
      "27": 9.771692276000977,
      "7": 9.678178146237233
    },
    "layer_slot_norm_mean_by_layer": {
      "0": 10.062028134455446,
      "14": 10.286916764056096,
      "21": 9.953117292435444,
      "27": 9.765257897924204,
      "7": 9.671444986687332
    },
    "layer_slot_norm_std_by_layer": {
      "0": 0.004865567917462255,
      "14": 0.004640343476880769,
      "21": 0.0047932526737940115,
      "27": 0.0042910596248922775,
      "7": 0.0044987776515180945
    },
    "layer_value_l2_by_layer": {
      "0": 12.535639090616195,
      "14": 43.83424289890977,
      "21": 49.57164101522477,
      "27": 136.5114936203253,
      "7": 24.31991949237761
    },
    "memory_long_l2": 117.73541259765625,
    "memory_long_slot_norm_max": 41.62574768066406,
    "memory_long_slot_norm_mean": 41.62574768066406,
    "memory_long_slot_norm_std": 0.0,
    "memory_long_slots": 8.0,
    "memory_short_l2": 78.40959717797452,
    "memory_short_pairwise_cosine_mean": 0.9998703120184727,
    "memory_short_slot_norm_max": 39.204807531638224,
    "memory_short_slot_norm_mean": 39.20479883913134,
    "memory_short_slot_norm_std": 6.748602431127706e-06,
    "memory_short_slots": 4.0,
    "pilot_injection_mode": "sparse_deep_prefix",
    "pilot_memory_path_variant": "two_level",
    "pilot_projector_token_source": "short_slots",
    "pilot_support_encoder_mode": "structured_support_set",
    "prefix_l2": 44.49839463781138,
    "prefix_slot_norm_max": 10.293892547732494,
    "prefix_slot_norm_mean": 9.947753030745709,
    "prefix_slot_norm_std": 0.2181219756603241,
    "prefix_tokens": 4.0,
    "reader_attention_entropy_max": 2.079441547393799,
    "reader_attention_entropy_mean": 2.079441547393799,
    "reader_attention_entropy_min": 2.079441547393799,
    "reader_attention_pairwise_cosine_mean": 0.9999999990228747,
    "reader_num_queries": 4.0,
    "reader_query_entropy_by_query": [
      2.079441547393799,
      2.079441547393799,
      2.079441547393799,
      2.079441547393799
    ],
    "reader_slot_count": 8.0,
    "reader_slot_coverage_fraction": 0.3975409836065574,
    "support_item_count": 6.0,
    "support_item_hidden_l2": 96.10846710205078,
    "support_item_hidden_norm_max": 39.237632751464844,
    "support_item_hidden_norm_mean": 39.23611068725586,
    "support_item_hidden_norm_std": 0.0016100831562653184,
    "writer_memory_l2": 117.73541259765625,
    "writer_slot_norm_max": 41.62574768066406,
    "writer_slot_norm_mean": 41.62574768066406,
    "writer_slot_norm_std": 0.0
  },
  "prefix_l2": 44.49839463781138,
  "prefix_slot_norm_max": 10.293892547732494,
  "prefix_slot_norm_mean": 9.947753030745709,
  "prefix_slot_norm_std": 0.2181219756603241,
  "prefix_tokens": 4,
  "prompt_variant": "answer_slot_labels",
  "reader_attention_entropy_max": 2.079441547393799,
  "reader_attention_entropy_mean": 2.079441547393799,
  "reader_attention_entropy_min": 2.079441547393799,
  "reader_attention_pairwise_cosine_mean": 0.9999999990228747,
  "reader_num_queries": 4.0,
  "reader_slot_count": 8.0,
  "reader_slot_coverage_fraction": 0.3975409836065574,
  "shared_injection_arm": "injected",
  "step": 24,
  "support_item_count": 6.0,
  "support_item_hidden_l2": 96.10846710205078,
  "support_item_hidden_norm_max": 39.237632751464844,
  "support_item_hidden_norm_mean": 39.23611068725586,
  "support_item_hidden_norm_std": 0.0016100831562653184,
  "support_serialization_variant": "triad_curated6",
  "support_text_block_chars": 1415,
  "task_case_dump_path": "/root/autodl-tmp/runs/verify/tl-poc-fever-qwen25/tl-h4-k4/phase2-selected/pilot-I-shuffle/snapshot_evals/step_0024/task_case_dump.jsonl",
  "task_case_dump_rows": 61,
  "training_stage": "shared_injection_snapshot_eval",
  "writer_memory_control": "shuffled",
  "writer_memory_l2": 117.73541259765625,
  "writer_slot_norm_max": 41.62574768066406,
  "writer_slot_norm_mean": 41.62574768066406,
  "writer_slot_norm_std": 0.0
}