{
  "best_adapt_macro_f1": 0.1518987341772152,
  "best_adapt_task_margin": -5.6365585170808385,
  "best_adapt_task_score": 0.29508196721311475,
  "checkpoint_path": "/root/autodl-tmp/runs/verify/m5-fever-dense-teacher-qwen25/canonical-dense-teacher/phase2-selected/pilot-I-real/snapshot_evals/step_0032/checkpoint.pt",
  "dominant_label_fraction": 1.0,
  "label_recall_by_class": {
    "NOT_ENOUGH_INFO": 0.0,
    "REFUTES": 0.0,
    "SUPPORTS": 1.0
  },
  "pilot_arm_alias": "I_real",
  "pilot_support_encoder_mode": "structured_support_set",
  "prefix_artifact_stats": {
    "active_prefix_layers": [
      0,
      7,
      14,
      21,
      27
    ],
    "layer_hidden_l2_by_layer": {
      "0": 29.632537841796875,
      "14": 28.684968948364258,
      "21": 29.84161949157715,
      "27": 29.286144256591797,
      "7": 28.294677734375
    },
    "layer_key_l2_by_layer": {
      "0": 3117.063232421875,
      "14": 94.0781021118164,
      "21": 58.49135208129883,
      "27": 79.53163146972656,
      "7": 151.79554748535156
    },
    "layer_slot_norm_max_by_layer": {
      "0": 10.476662635803223,
      "14": 10.142218589782715,
      "21": 10.551839828491211,
      "27": 10.354588508605957,
      "7": 10.003087043762207
    },
    "layer_slot_norm_mean_by_layer": {
      "0": 10.476661682128906,
      "14": 10.142218589782715,
      "21": 10.551840782165527,
      "27": 10.354588508605957,
      "7": 10.003087043762207
    },
    "layer_slot_norm_std_by_layer": {
      "0": 4.76837158203125e-07,
      "14": 3.3717478231665154e-07,
      "21": 9.5367431640625e-07,
      "27": 6.743495646333031e-07,
      "7": 3.3717478231665154e-07
    },
    "layer_value_l2_by_layer": {
      "0": 21.73133087158203,
      "14": 77.30701446533203,
      "21": 78.92749786376953,
      "27": 227.49517822265625,
      "7": 42.60675048828125
    },
    "pilot_injection_mode": "sparse_deep_prefix",
    "pilot_support_encoder_mode": "structured_support_set",
    "prefix_l2": 65.19182586669922,
    "prefix_slot_norm_max": 10.551839828491211,
    "prefix_slot_norm_mean": 10.30567741394043,
    "prefix_slot_norm_std": 0.20518465340137482,
    "prefix_tokens": 8.0,
    "support_item_count": 6.0,
    "support_item_hidden_l2": 96.1033706665039,
    "support_item_hidden_norm_max": 39.235931396484375,
    "support_item_hidden_norm_mean": 39.23403549194336,
    "support_item_hidden_norm_std": 0.0014664835762232542,
    "writer_memory_l2": 117.73713684082031,
    "writer_slot_norm_max": 41.626373291015625,
    "writer_slot_norm_mean": 41.62636947631836,
    "writer_slot_norm_std": 1.3486991292666062e-06
  },
  "prefix_l2": 65.19182586669922,
  "prefix_slot_norm_max": 10.551839828491211,
  "prefix_slot_norm_mean": 10.30567741394043,
  "prefix_slot_norm_std": 0.20518465340137482,
  "prefix_tokens": 8,
  "prompt_variant": "answer_slot_labels",
  "shared_injection_arm": "injected",
  "step": 32,
  "support_item_count": 6.0,
  "support_item_hidden_l2": 96.1033706665039,
  "support_item_hidden_norm_max": 39.235931396484375,
  "support_item_hidden_norm_mean": 39.23403549194336,
  "support_item_hidden_norm_std": 0.0014664835762232542,
  "support_serialization_variant": "triad_curated6",
  "support_text_block_chars": 1301,
  "task_case_dump_path": "/root/autodl-tmp/runs/verify/m5-fever-dense-teacher-qwen25/canonical-dense-teacher/phase2-selected/pilot-I-real/snapshot_evals/step_0032/task_case_dump.jsonl",
  "task_case_dump_rows": 61,
  "training_stage": "shared_injection_snapshot_eval",
  "writer_memory_control": "real",
  "writer_memory_l2": 117.73713684082031,
  "writer_slot_norm_max": 41.626373291015625,
  "writer_slot_norm_mean": 41.62636947631836,
  "writer_slot_norm_std": 1.3486991292666062e-06
}