{
  "best_adapt_macro_f1": 0.1518987341772152,
  "best_adapt_task_margin": -5.246120874999,
  "best_adapt_task_score": 0.29508196721311475,
  "checkpoint_path": "/root/autodl-tmp/runs/verify/tl-poc-fever-qwen25/tl-h4-k8/phase2-selected/pilot-I-real/snapshot_evals/step_0032/checkpoint.pt",
  "dominant_label_fraction": 1.0,
  "label_recall_by_class": {
    "NOT_ENOUGH_INFO": 0.0,
    "REFUTES": 0.0,
    "SUPPORTS": 1.0
  },
  "memory_long_l2": 117.72461700439453,
  "memory_long_slot_norm_max": 41.621944427490234,
  "memory_long_slot_norm_mean": 41.62194061279297,
  "memory_long_slot_norm_std": 2.6973982585332124e-06,
  "memory_long_slots": 8.0,
  "memory_short_l2": 110.88751095631083,
  "memory_short_pairwise_cosine_mean": 0.9998695449750932,
  "memory_short_slot_norm_max": 39.20466588755123,
  "memory_short_slot_norm_mean": 39.20465613193199,
  "memory_short_slot_norm_std": 7.741349892341055e-06,
  "memory_short_slots": 8.0,
  "pilot_arm_alias": "I_real",
  "pilot_fuser_short_slots": 8.0,
  "pilot_memory_path_variant": "two_level",
  "pilot_projector_token_source": "short_slots",
  "pilot_reader_context_mode": "prompt_summary",
  "pilot_reader_num_queries": 4.0,
  "pilot_support_encoder_mode": "structured_support_set",
  "prefix_artifact_stats": {
    "active_prefix_layers": [
      0.0,
      7.0,
      14.0,
      21.0,
      27.0
    ],
    "layer_hidden_l2_by_layer": {
      "0": 42.24976655303455,
      "14": 41.93324361081983,
      "21": 43.20608533015017,
      "27": 43.81218156658235,
      "7": 42.45073549864722
    },
    "layer_key_l2_by_layer": {
      "0": 3116.9347944415986,
      "14": 90.51313469058178,
      "21": 55.19863209958936,
      "27": 61.690319123815314,
      "7": 142.210313640657
    },
    "layer_slot_norm_max_by_layer": {
      "0": 14.94893195980885,
      "14": 14.837498899366034,
      "21": 15.287458279093759,
      "27": 15.501915290707448,
      "7": 15.020077908625368
    },
    "layer_slot_norm_mean_by_layer": {
      "0": 14.937603059362193,
      "14": 14.825456525458664,
      "21": 15.27570414934002,
      "27": 15.489898181352459,
      "7": 15.008552176053406
    },
    "layer_slot_norm_std_by_layer": {
      "0": 0.007593401219146174,
      "14": 0.007589262261314959,
      "21": 0.007851798255301889,
      "27": 0.007964235646497519,
      "7": 0.0077075345563839695
    },
    "layer_value_l2_by_layer": {
      "0": 18.978444928028544,
      "14": 64.3710500373215,
      "21": 69.60707680123751,
      "27": 190.26716388639858,
      "7": 35.45532476706583
    },
    "memory_long_l2": 117.72461700439453,
    "memory_long_slot_norm_max": 41.621944427490234,
    "memory_long_slot_norm_mean": 41.62194061279297,
    "memory_long_slot_norm_std": 2.6973982585332124e-06,
    "memory_long_slots": 8.0,
    "memory_short_l2": 110.88751095631083,
    "memory_short_pairwise_cosine_mean": 0.9998695449750932,
    "memory_short_slot_norm_max": 39.20466588755123,
    "memory_short_slot_norm_mean": 39.20465613193199,
    "memory_short_slot_norm_std": 7.741349892341055e-06,
    "memory_short_slots": 8.0,
    "pilot_injection_mode": "sparse_deep_prefix",
    "pilot_memory_path_variant": "two_level",
    "pilot_projector_token_source": "short_slots",
    "pilot_support_encoder_mode": "structured_support_set",
    "prefix_l2": 95.5601026191086,
    "prefix_slot_norm_max": 15.501915290707448,
    "prefix_slot_norm_mean": 15.107442715128915,
    "prefix_slot_norm_std": 0.2421132697433722,
    "prefix_tokens": 8.0,
    "reader_attention_entropy_max": 2.079441547393799,
    "reader_attention_entropy_mean": 2.079441547393799,
    "reader_attention_entropy_min": 2.079441547393799,
    "reader_attention_pairwise_cosine_mean": 1.0000000039085013,
    "reader_num_queries": 4.0,
    "reader_query_entropy_by_query": [
      2.079441547393799,
      2.079441547393799,
      2.079441547393799,
      2.079441547393799
    ],
    "reader_slot_count": 8.0,
    "reader_slot_coverage_fraction": 0.5389344262295082,
    "support_item_count": 6.0,
    "support_item_hidden_l2": 96.11354064941406,
    "support_item_hidden_norm_max": 39.24015426635742,
    "support_item_hidden_norm_mean": 39.238189697265625,
    "support_item_hidden_norm_std": 0.0015084599144756794,
    "writer_memory_l2": 117.72461700439453,
    "writer_slot_norm_max": 41.621944427490234,
    "writer_slot_norm_mean": 41.62194061279297,
    "writer_slot_norm_std": 2.6973982585332124e-06
  },
  "prefix_l2": 95.5601026191086,
  "prefix_slot_norm_max": 15.501915290707448,
  "prefix_slot_norm_mean": 15.107442715128915,
  "prefix_slot_norm_std": 0.2421132697433722,
  "prefix_tokens": 8,
  "prompt_variant": "answer_slot_labels",
  "reader_attention_entropy_max": 2.079441547393799,
  "reader_attention_entropy_mean": 2.079441547393799,
  "reader_attention_entropy_min": 2.079441547393799,
  "reader_attention_pairwise_cosine_mean": 1.0000000039085013,
  "reader_num_queries": 4.0,
  "reader_slot_count": 8.0,
  "reader_slot_coverage_fraction": 0.5389344262295082,
  "shared_injection_arm": "injected",
  "step": 32,
  "support_item_count": 6.0,
  "support_item_hidden_l2": 96.11354064941406,
  "support_item_hidden_norm_max": 39.24015426635742,
  "support_item_hidden_norm_mean": 39.238189697265625,
  "support_item_hidden_norm_std": 0.0015084599144756794,
  "support_serialization_variant": "triad_curated6",
  "support_text_block_chars": 1301,
  "task_case_dump_path": "/root/autodl-tmp/runs/verify/tl-poc-fever-qwen25/tl-h4-k8/phase2-selected/pilot-I-real/snapshot_evals/step_0032/task_case_dump.jsonl",
  "task_case_dump_rows": 61,
  "training_stage": "shared_injection_snapshot_eval",
  "writer_memory_control": "real",
  "writer_memory_l2": 117.72461700439453,
  "writer_slot_norm_max": 41.621944427490234,
  "writer_slot_norm_mean": 41.62194061279297,
  "writer_slot_norm_std": 2.6973982585332124e-06
}