{
  "best_adapt_macro_f1": 0.21586575133485889,
  "best_adapt_task_margin": -2.4573294999169524,
  "best_adapt_task_score": 0.32786885245901637,
  "checkpoint_path": "/root/autodl-tmp/runs/verify/tl-poc-fever-qwen25/sl8/phase2-selected/pilot-I-shuffle/snapshot_evals/step_0002/checkpoint.pt",
  "dominant_label_fraction": 0.9508196721311475,
  "label_recall_by_class": {
    "NOT_ENOUGH_INFO": 0.0,
    "REFUTES": 0.1,
    "SUPPORTS": 1.0
  },
  "memory_long_l2": 117.72522735595703,
  "memory_long_slot_norm_max": 41.62216567993164,
  "memory_long_slot_norm_mean": 41.62216567993164,
  "memory_long_slot_norm_std": 0.0,
  "memory_long_slots": 8.0,
  "memory_short_l2": 117.72522735595703,
  "memory_short_pairwise_cosine_mean": 1.0,
  "memory_short_slot_norm_max": 41.62216567993164,
  "memory_short_slot_norm_mean": 41.62216567993164,
  "memory_short_slot_norm_std": 0.0,
  "memory_short_slots": 8.0,
  "pilot_arm_alias": "I_shuffle",
  "pilot_fuser_short_slots": 8.0,
  "pilot_memory_path_variant": "single_level",
  "pilot_projector_token_source": "writer_slots",
  "pilot_reader_context_mode": "prompt_summary",
  "pilot_reader_num_queries": 0.0,
  "pilot_support_encoder_mode": "structured_support_set",
  "prefix_artifact_stats": {
    "active_prefix_layers": [
      0,
      7,
      14,
      21,
      27
    ],
    "layer_hidden_l2_by_layer": {
      "0": 29.394277572631836,
      "14": 28.388933181762695,
      "21": 29.23807144165039,
      "27": 29.04619026184082,
      "7": 28.171329498291016
    },
    "layer_key_l2_by_layer": {
      "0": 3115.2548828125,
      "14": 93.38612365722656,
      "21": 59.352195739746094,
      "27": 77.12589263916016,
      "7": 150.1283721923828
    },
    "layer_slot_norm_max_by_layer": {
      "0": 10.391566276550293,
      "14": 10.036545753479004,
      "21": 10.337020874023438,
      "27": 10.269279479980469,
      "7": 9.958581924438477
    },
    "layer_slot_norm_mean_by_layer": {
      "0": 10.39156436920166,
      "14": 10.036544799804688,
      "21": 10.337020874023438,
      "27": 10.269279479980469,
      "7": 9.95858097076416
    },
    "layer_slot_norm_std_by_layer": {
      "0": 1.469710809942626e-06,
      "14": 7.539457556049456e-07,
      "21": 1.0662403155947686e-06,
      "27": 1.1680077705022995e-06,
      "7": 6.743495646333031e-07
    },
    "layer_value_l2_by_layer": {
      "0": 21.379642486572266,
      "14": 75.56209564208984,
      "21": 75.9075698852539,
      "27": 218.4061279296875,
      "7": 41.758628845214844
    },
    "memory_long_l2": 117.72522735595703,
    "memory_long_slot_norm_max": 41.62216567993164,
    "memory_long_slot_norm_mean": 41.62216567993164,
    "memory_long_slot_norm_std": 0.0,
    "memory_long_slots": 8.0,
    "memory_short_l2": 117.72522735595703,
    "memory_short_pairwise_cosine_mean": 1.0,
    "memory_short_slot_norm_max": 41.62216567993164,
    "memory_short_slot_norm_mean": 41.62216567993164,
    "memory_short_slot_norm_std": 0.0,
    "memory_short_slots": 8.0,
    "pilot_injection_mode": "sparse_deep_prefix",
    "pilot_memory_path_variant": "single_level",
    "pilot_projector_token_source": "writer_slots",
    "pilot_support_encoder_mode": "structured_support_set",
    "prefix_l2": 64.51058959960938,
    "prefix_slot_norm_max": 10.391566276550293,
    "prefix_slot_norm_mean": 10.19859790802002,
    "prefix_slot_norm_std": 0.17044773697853088,
    "prefix_tokens": 8.0,
    "reader_attention_entropy_max": 0.0,
    "reader_attention_entropy_mean": 0.0,
    "reader_attention_entropy_min": 0.0,
    "reader_attention_pairwise_cosine_mean": 0.0,
    "reader_num_queries": 0.0,
    "reader_query_entropy_by_query": [],
    "reader_slot_count": 8.0,
    "reader_slot_coverage_fraction": 0.0,
    "support_item_count": 6.0,
    "support_item_hidden_l2": 96.09960174560547,
    "support_item_hidden_norm_max": 39.23408126831055,
    "support_item_hidden_norm_mean": 39.23249816894531,
    "support_item_hidden_norm_std": 0.0015328351873904467,
    "writer_memory_l2": 117.72522735595703,
    "writer_slot_norm_max": 41.62216567993164,
    "writer_slot_norm_mean": 41.62216567993164,
    "writer_slot_norm_std": 0.0
  },
  "prefix_l2": 64.51058959960938,
  "prefix_slot_norm_max": 10.391566276550293,
  "prefix_slot_norm_mean": 10.19859790802002,
  "prefix_slot_norm_std": 0.17044773697853088,
  "prefix_tokens": 8,
  "prompt_variant": "answer_slot_labels",
  "reader_attention_entropy_max": 0.0,
  "reader_attention_entropy_mean": 0.0,
  "reader_attention_entropy_min": 0.0,
  "reader_attention_pairwise_cosine_mean": 0.0,
  "reader_num_queries": 0.0,
  "reader_slot_count": 8.0,
  "reader_slot_coverage_fraction": 0.0,
  "shared_injection_arm": "injected",
  "step": 2,
  "support_item_count": 6.0,
  "support_item_hidden_l2": 96.09960174560547,
  "support_item_hidden_norm_max": 39.23408126831055,
  "support_item_hidden_norm_mean": 39.23249816894531,
  "support_item_hidden_norm_std": 0.0015328351873904467,
  "support_serialization_variant": "triad_curated6",
  "support_text_block_chars": 1415,
  "task_case_dump_path": "/root/autodl-tmp/runs/verify/tl-poc-fever-qwen25/sl8/phase2-selected/pilot-I-shuffle/snapshot_evals/step_0002/task_case_dump.jsonl",
  "task_case_dump_rows": 61,
  "training_stage": "shared_injection_snapshot_eval",
  "writer_memory_control": "shuffled",
  "writer_memory_l2": 117.72522735595703,
  "writer_slot_norm_max": 41.62216567993164,
  "writer_slot_norm_mean": 41.62216567993164,
  "writer_slot_norm_std": 0.0
}