{
  "best_adapt_macro_f1": 0.1518987341772152,
  "best_adapt_task_margin": -3.399304702633717,
  "best_adapt_task_score": 0.29508196721311475,
  "checkpoint_path": "/root/autodl-tmp/runs/verify/m5-fever-writer-reasoner-alignment-qwen25/freeze-writer/phase2-selected/pilot-I-real/snapshot_evals/step_0064/checkpoint.pt",
  "dominant_label_fraction": 1.0,
  "label_recall_by_class": {
    "NOT_ENOUGH_INFO": 0.0,
    "REFUTES": 0.0,
    "SUPPORTS": 1.0
  },
  "pilot_arm_alias": "I_real",
  "pilot_support_encoder_mode": "structured_support_set",
  "prefix_artifact_stats": {
    "active_prefix_layers": [
      0,
      7,
      14,
      21,
      27
    ],
    "layer_hidden_l2_by_layer": {
      "0": 32.20414352416992,
      "14": 31.615558624267578,
      "21": 33.53813171386719,
      "27": 33.63815689086914,
      "7": 31.60861587524414
    },
    "layer_key_l2_by_layer": {
      "0": 3115.988037109375,
      "14": 96.14330291748047,
      "21": 63.663909912109375,
      "27": 88.06010437011719,
      "7": 153.03135681152344
    },
    "layer_slot_norm_max_by_layer": {
      "0": 11.384746551513672,
      "14": 11.177701950073242,
      "21": 11.85761833190918,
      "27": 11.8911771774292,
      "7": 11.175379753112793
    },
    "layer_slot_norm_mean_by_layer": {
      "0": 11.384744644165039,
      "14": 11.177700996398926,
      "21": 11.857617378234863,
      "27": 11.891175270080566,
      "7": 11.17537784576416
    },
    "layer_slot_norm_std_by_layer": {
      "0": 9.5367431640625e-07,
      "14": 6.743495646333031e-07,
      "21": 6.743495646333031e-07,
      "27": 6.743495646333031e-07,
      "7": 6.743495646333031e-07
    },
    "layer_value_l2_by_layer": {
      "0": 22.354095458984375,
      "14": 79.90974426269531,
      "21": 84.74031066894531,
      "27": 214.554931640625,
      "7": 46.96228790283203
    },
    "pilot_injection_mode": "sparse_deep_prefix",
    "pilot_support_encoder_mode": "structured_support_set",
    "prefix_l2": 72.74313354492188,
    "prefix_slot_norm_max": 11.8911771774292,
    "prefix_slot_norm_mean": 11.497322082519531,
    "prefix_slot_norm_std": 0.3173049986362457,
    "prefix_tokens": 8.0,
    "support_item_count": 6.0,
    "support_item_hidden_l2": 96.09495544433594,
    "support_item_hidden_norm_max": 39.23228073120117,
    "support_item_hidden_norm_mean": 39.2306022644043,
    "support_item_hidden_norm_std": 0.0012960467720404267,
    "writer_memory_l2": 117.73040008544922,
    "writer_slot_norm_max": 41.62397384643555,
    "writer_slot_norm_mean": 41.62397003173828,
    "writer_slot_norm_std": 3.5683226542460034e-06
  },
  "prefix_l2": 72.74313354492188,
  "prefix_slot_norm_max": 11.8911771774292,
  "prefix_slot_norm_mean": 11.497322082519531,
  "prefix_slot_norm_std": 0.3173049986362457,
  "prefix_tokens": 8,
  "prompt_variant": "answer_slot_labels",
  "shared_injection_arm": "injected",
  "step": 64,
  "support_item_count": 6.0,
  "support_item_hidden_l2": 96.09495544433594,
  "support_item_hidden_norm_max": 39.23228073120117,
  "support_item_hidden_norm_mean": 39.2306022644043,
  "support_item_hidden_norm_std": 0.0012960467720404267,
  "support_serialization_variant": "triad_curated6",
  "support_text_block_chars": 1301,
  "task_case_dump_path": "/root/autodl-tmp/runs/verify/m5-fever-writer-reasoner-alignment-qwen25/freeze-writer/phase2-selected/pilot-I-real/snapshot_evals/step_0064/task_case_dump.jsonl",
  "task_case_dump_rows": 61,
  "training_stage": "shared_injection_snapshot_eval",
  "writer_memory_control": "real",
  "writer_memory_l2": 117.73040008544922,
  "writer_slot_norm_max": 41.62397384643555,
  "writer_slot_norm_mean": 41.62397003173828,
  "writer_slot_norm_std": 3.5683226542460034e-06
}