{
  "best_adapt_macro_f1": 0.1518987341772152,
  "best_adapt_task_margin": -3.7920417941984583,
  "best_adapt_task_score": 0.29508196721311475,
  "checkpoint_path": "/root/autodl-tmp/runs/verify/m5-fever-writer-reasoner-alignment-qwen25/freeze-writer/phase2-selected/pilot-I-shuffle/snapshot_evals/step_0016/checkpoint.pt",
  "dominant_label_fraction": 1.0,
  "label_recall_by_class": {
    "NOT_ENOUGH_INFO": 0.0,
    "REFUTES": 0.0,
    "SUPPORTS": 1.0
  },
  "pilot_arm_alias": "I_shuffle",
  "pilot_support_encoder_mode": "structured_support_set",
  "prefix_artifact_stats": {
    "active_prefix_layers": [
      0,
      7,
      14,
      21,
      27
    ],
    "layer_hidden_l2_by_layer": {
      "0": 30.015541076660156,
      "14": 29.492225646972656,
      "21": 30.107513427734375,
      "27": 29.945741653442383,
      "7": 28.6438045501709
    },
    "layer_key_l2_by_layer": {
      "0": 3114.04296875,
      "14": 93.21430969238281,
      "21": 59.95821762084961,
      "27": 83.18965148925781,
      "7": 151.42483520507812
    },
    "layer_slot_norm_max_by_layer": {
      "0": 10.612824440002441,
      "14": 10.42639446258545,
      "21": 10.64487075805664,
      "27": 10.587325096130371,
      "7": 10.126912117004395
    },
    "layer_slot_norm_mean_by_layer": {
      "0": 10.612823486328125,
      "14": 10.42639446258545,
      "21": 10.64487075805664,
      "27": 10.587325096130371,
      "7": 10.126911163330078
    },
    "layer_slot_norm_std_by_layer": {
      "0": 7.539457556049456e-07,
      "14": 5.840038852511498e-07,
      "21": 8.259061701210157e-07,
      "27": 4.76837158203125e-07,
      "7": 5.840038852511498e-07
    },
    "layer_value_l2_by_layer": {
      "0": 21.481361389160156,
      "14": 73.58448028564453,
      "21": 79.40770721435547,
      "27": 220.83956909179688,
      "7": 43.280555725097656
    },
    "pilot_injection_mode": "sparse_deep_prefix",
    "pilot_support_encoder_mode": "structured_support_set",
    "prefix_l2": 66.2903823852539,
    "prefix_slot_norm_max": 10.64487075805664,
    "prefix_slot_norm_mean": 10.47966480255127,
    "prefix_slot_norm_std": 0.19177460670471191,
    "prefix_tokens": 8.0,
    "support_item_count": 6.0,
    "support_item_hidden_l2": 96.09542846679688,
    "support_item_hidden_norm_max": 39.232444763183594,
    "support_item_hidden_norm_mean": 39.23079299926758,
    "support_item_hidden_norm_std": 0.0014937815722078085,
    "writer_memory_l2": 117.73040771484375,
    "writer_slot_norm_max": 41.62397766113281,
    "writer_slot_norm_mean": 41.62397766113281,
    "writer_slot_norm_std": 0.0
  },
  "prefix_l2": 66.2903823852539,
  "prefix_slot_norm_max": 10.64487075805664,
  "prefix_slot_norm_mean": 10.47966480255127,
  "prefix_slot_norm_std": 0.19177460670471191,
  "prefix_tokens": 8,
  "prompt_variant": "answer_slot_labels",
  "shared_injection_arm": "injected",
  "step": 16,
  "support_item_count": 6.0,
  "support_item_hidden_l2": 96.09542846679688,
  "support_item_hidden_norm_max": 39.232444763183594,
  "support_item_hidden_norm_mean": 39.23079299926758,
  "support_item_hidden_norm_std": 0.0014937815722078085,
  "support_serialization_variant": "triad_curated6",
  "support_text_block_chars": 1415,
  "task_case_dump_path": "/root/autodl-tmp/runs/verify/m5-fever-writer-reasoner-alignment-qwen25/freeze-writer/phase2-selected/pilot-I-shuffle/snapshot_evals/step_0016/task_case_dump.jsonl",
  "task_case_dump_rows": 61,
  "training_stage": "shared_injection_snapshot_eval",
  "writer_memory_control": "shuffled",
  "writer_memory_l2": 117.73040771484375,
  "writer_slot_norm_max": 41.62397766113281,
  "writer_slot_norm_mean": 41.62397766113281,
  "writer_slot_norm_std": 0.0
}