{
  "best_adapt_macro_f1": 0.1977777777777778,
  "best_adapt_task_margin": -2.0723056167852683,
  "best_adapt_task_score": 0.29508196721311475,
  "checkpoint_path": "/root/autodl-tmp/runs/verify/m5-fever-dense-teacher-qwen25/canonical-dense-teacher/phase2-selected/pilot-I-shuffle/snapshot_evals/step_0012/checkpoint.pt",
  "dominant_label_fraction": 0.9344262295081968,
  "label_recall_by_class": {
    "NOT_ENOUGH_INFO": 0.0,
    "REFUTES": 0.1,
    "SUPPORTS": 0.8888888888888888
  },
  "pilot_arm_alias": "I_shuffle",
  "pilot_support_encoder_mode": "structured_support_set",
  "prefix_artifact_stats": {
    "active_prefix_layers": [
      0,
      7,
      14,
      21,
      27
    ],
    "layer_hidden_l2_by_layer": {
      "0": 29.133712768554688,
      "14": 28.26883316040039,
      "21": 29.62098503112793,
      "27": 29.231224060058594,
      "7": 28.422531127929688
    },
    "layer_key_l2_by_layer": {
      "0": 3116.011474609375,
      "14": 95.5097427368164,
      "21": 59.41069412231445,
      "27": 79.641845703125,
      "7": 150.38995361328125
    },
    "layer_slot_norm_max_by_layer": {
      "0": 10.300238609313965,
      "14": 9.994328498840332,
      "21": 10.471874237060547,
      "27": 10.333867073059082,
      "7": 10.048236846923828
    },
    "layer_slot_norm_mean_by_layer": {
      "0": 10.300238609313965,
      "14": 9.994327545166016,
      "21": 10.47187328338623,
      "27": 10.333866119384766,
      "7": 10.048234939575195
    },
    "layer_slot_norm_std_by_layer": {
      "0": 7.539457556049456e-07,
      "14": 4.76837158203125e-07,
      "21": 8.920806635615008e-07,
      "27": 4.76837158203125e-07,
      "7": 9.5367431640625e-07
    },
    "layer_value_l2_by_layer": {
      "0": 21.671953201293945,
      "14": 79.09252166748047,
      "21": 77.3075942993164,
      "27": 221.24571228027344,
      "7": 43.24566650390625
    },
    "pilot_injection_mode": "sparse_deep_prefix",
    "pilot_support_encoder_mode": "structured_support_set",
    "prefix_l2": 64.70838165283203,
    "prefix_slot_norm_max": 10.471874237060547,
    "prefix_slot_norm_mean": 10.229707717895508,
    "prefix_slot_norm_std": 0.1804460734128952,
    "prefix_tokens": 8.0,
    "support_item_count": 6.0,
    "support_item_hidden_l2": 96.09600830078125,
    "support_item_hidden_norm_max": 39.23264694213867,
    "support_item_hidden_norm_mean": 39.23103713989258,
    "support_item_hidden_norm_std": 0.0015144668286666274,
    "writer_memory_l2": 117.732421875,
    "writer_slot_norm_max": 41.62469482421875,
    "writer_slot_norm_mean": 41.62469482421875,
    "writer_slot_norm_std": 3.5683226542460034e-06
  },
  "prefix_l2": 64.70838165283203,
  "prefix_slot_norm_max": 10.471874237060547,
  "prefix_slot_norm_mean": 10.229707717895508,
  "prefix_slot_norm_std": 0.1804460734128952,
  "prefix_tokens": 8,
  "prompt_variant": "answer_slot_labels",
  "shared_injection_arm": "injected",
  "step": 12,
  "support_item_count": 6.0,
  "support_item_hidden_l2": 96.09600830078125,
  "support_item_hidden_norm_max": 39.23264694213867,
  "support_item_hidden_norm_mean": 39.23103713989258,
  "support_item_hidden_norm_std": 0.0015144668286666274,
  "support_serialization_variant": "triad_curated6",
  "support_text_block_chars": 1415,
  "task_case_dump_path": "/root/autodl-tmp/runs/verify/m5-fever-dense-teacher-qwen25/canonical-dense-teacher/phase2-selected/pilot-I-shuffle/snapshot_evals/step_0012/task_case_dump.jsonl",
  "task_case_dump_rows": 61,
  "training_stage": "shared_injection_snapshot_eval",
  "writer_memory_control": "shuffled",
  "writer_memory_l2": 117.732421875,
  "writer_slot_norm_max": 41.62469482421875,
  "writer_slot_norm_mean": 41.62469482421875,
  "writer_slot_norm_std": 3.5683226542460034e-06
}