{
  "device": "cuda",
  "event_name": "train",
  "examples": 224,
  "peak_device_memory_bytes": 26547328512,
  "peak_device_memory_mib": 25317.505371,
  "peak_rss_kb": 6158432,
  "token_count": 1709015,
  "tokens_per_sec": 7557.809458,
  "wall_time_sec": 226.125706
}