{
  "best_adapt_macro_f1": 0.1518987341772152,
  "best_adapt_task_margin": -5.129647043884778,
  "best_adapt_task_score": 0.29508196721311475,
  "checkpoint_path": "/root/autodl-tmp/runs/verify/tl-poc-fever-qwen25/tl-h1-k4/phase2-selected/pilot-I-shuffle/snapshot_evals/step_0032/checkpoint.pt",
  "dominant_label_fraction": 1.0,
  "label_recall_by_class": {
    "NOT_ENOUGH_INFO": 0.0,
    "REFUTES": 0.0,
    "SUPPORTS": 1.0
  },
  "memory_long_l2": 117.72553253173828,
  "memory_long_slot_norm_max": 41.62226104736328,
  "memory_long_slot_norm_mean": 41.622257232666016,
  "memory_long_slot_norm_std": 1.3486991292666062e-06,
  "memory_long_slots": 8.0,
  "memory_short_l2": 78.41326729196017,
  "memory_short_pairwise_cosine_mean": 0.9998843591721331,
  "memory_short_slot_norm_max": 39.206643964423506,
  "memory_short_slot_norm_mean": 39.20663358344407,
  "memory_short_slot_norm_std": 8.131676302165017e-06,
  "memory_short_slots": 4.0,
  "pilot_arm_alias": "I_shuffle",
  "pilot_fuser_short_slots": 4.0,
  "pilot_memory_path_variant": "two_level",
  "pilot_projector_token_source": "short_slots",
  "pilot_reader_context_mode": "prompt_summary",
  "pilot_reader_num_queries": 1.0,
  "pilot_support_encoder_mode": "structured_support_set",
  "prefix_artifact_stats": {
    "active_prefix_layers": [
      0.0,
      7.0,
      14.0,
      21.0,
      27.0
    ],
    "layer_hidden_l2_by_layer": {
      "0": 35.60432871834176,
      "14": 35.441536950283364,
      "21": 35.70008706264809,
      "27": 36.3634768626729,
      "7": 36.520093511362546
    },
    "layer_key_l2_by_layer": {
      "0": 2201.8738633452867,
      "14": 70.72595490002242,
      "21": 47.64735819081791,
      "27": 52.33001208696209,
      "7": 100.99341383136687
    },
    "layer_slot_norm_max_by_layer": {
      "0": 17.810598529753136,
      "14": 17.728988366048846,
      "21": 17.858505092683387,
      "27": 18.19046045522221,
      "7": 18.268630043405
    },
    "layer_slot_norm_mean_by_layer": {
      "0": 17.802367913918417,
      "14": 17.72098091000416,
      "21": 17.85020309198098,
      "27": 18.182021656974417,
      "7": 18.259947417212313
    },
    "layer_slot_norm_std_by_layer": {
      "0": 0.004869402523656361,
      "14": 0.004719811369527559,
      "21": 0.004856924549294788,
      "27": 0.0049378721684706015,
      "7": 0.005202673322169996
    },
    "layer_value_l2_by_layer": {
      "0": 13.409323504713715,
      "14": 47.73444428991099,
      "21": 52.25285408145091,
      "27": 147.9911228867828,
      "7": 25.858728096133373
    },
    "memory_long_l2": 117.72553253173828,
    "memory_long_slot_norm_max": 41.62226104736328,
    "memory_long_slot_norm_mean": 41.622257232666016,
    "memory_long_slot_norm_std": 1.3486991292666062e-06,
    "memory_long_slots": 8.0,
    "memory_short_l2": 78.41326729196017,
    "memory_short_pairwise_cosine_mean": 0.9998843591721331,
    "memory_short_slot_norm_max": 39.206643964423506,
    "memory_short_slot_norm_mean": 39.20663358344407,
    "memory_short_slot_norm_std": 8.131676302165017e-06,
    "memory_short_slots": 4.0,
    "pilot_injection_mode": "sparse_deep_prefix",
    "pilot_memory_path_variant": "two_level",
    "pilot_projector_token_source": "short_slots",
    "pilot_support_encoder_mode": "structured_support_set",
    "prefix_l2": 80.33925641169313,
    "prefix_slot_norm_max": 18.268630043405,
    "prefix_slot_norm_mean": 17.963104122974833,
    "prefix_slot_norm_std": 0.21608128826149176,
    "prefix_tokens": 4.0,
    "reader_attention_entropy_max": 2.079441547393799,
    "reader_attention_entropy_mean": 2.079441547393799,
    "reader_attention_entropy_min": 2.079441547393799,
    "reader_attention_pairwise_cosine_mean": 0.0,
    "reader_num_queries": 1.0,
    "reader_query_entropy_by_query": [
      2.079441547393799
    ],
    "reader_slot_count": 8.0,
    "reader_slot_coverage_fraction": 0.14959016393442623,
    "support_item_count": 6.0,
    "support_item_hidden_l2": 96.10916900634766,
    "support_item_hidden_norm_max": 39.23786163330078,
    "support_item_hidden_norm_mean": 39.23640060424805,
    "support_item_hidden_norm_std": 0.0016335874097421765,
    "writer_memory_l2": 117.72553253173828,
    "writer_slot_norm_max": 41.62226104736328,
    "writer_slot_norm_mean": 41.622257232666016,
    "writer_slot_norm_std": 1.3486991292666062e-06
  },
  "prefix_l2": 80.33925641169313,
  "prefix_slot_norm_max": 18.268630043405,
  "prefix_slot_norm_mean": 17.963104122974833,
  "prefix_slot_norm_std": 0.21608128826149176,
  "prefix_tokens": 4,
  "prompt_variant": "answer_slot_labels",
  "reader_attention_entropy_max": 2.079441547393799,
  "reader_attention_entropy_mean": 2.079441547393799,
  "reader_attention_entropy_min": 2.079441547393799,
  "reader_attention_pairwise_cosine_mean": 0.0,
  "reader_num_queries": 1.0,
  "reader_slot_count": 8.0,
  "reader_slot_coverage_fraction": 0.14959016393442623,
  "shared_injection_arm": "injected",
  "step": 32,
  "support_item_count": 6.0,
  "support_item_hidden_l2": 96.10916900634766,
  "support_item_hidden_norm_max": 39.23786163330078,
  "support_item_hidden_norm_mean": 39.23640060424805,
  "support_item_hidden_norm_std": 0.0016335874097421765,
  "support_serialization_variant": "triad_curated6",
  "support_text_block_chars": 1415,
  "task_case_dump_path": "/root/autodl-tmp/runs/verify/tl-poc-fever-qwen25/tl-h1-k4/phase2-selected/pilot-I-shuffle/snapshot_evals/step_0032/task_case_dump.jsonl",
  "task_case_dump_rows": 61,
  "training_stage": "shared_injection_snapshot_eval",
  "writer_memory_control": "shuffled",
  "writer_memory_l2": 117.72553253173828,
  "writer_slot_norm_max": 41.62226104736328,
  "writer_slot_norm_mean": 41.622257232666016,
  "writer_slot_norm_std": 1.3486991292666062e-06
}