{
  "best_adapt_macro_f1": 0.1518987341772152,
  "best_adapt_task_margin": -4.7526794339789715,
  "best_adapt_task_score": 0.29508196721311475,
  "checkpoint_path": "/root/autodl-tmp/runs/verify/tl-poc-fever-qwen25/tl-h4-k8/phase2-selected/pilot-I-real/snapshot_evals/step_0016/checkpoint.pt",
  "dominant_label_fraction": 1.0,
  "label_recall_by_class": {
    "NOT_ENOUGH_INFO": 0.0,
    "REFUTES": 0.0,
    "SUPPORTS": 1.0
  },
  "memory_long_l2": 117.72315216064453,
  "memory_long_slot_norm_max": 41.62143325805664,
  "memory_long_slot_norm_mean": 41.621429443359375,
  "memory_long_slot_norm_std": 1.3486991292666062e-06,
  "memory_long_slots": 8.0,
  "memory_short_l2": 110.88158116575147,
  "memory_short_pairwise_cosine_mean": 0.9998422372536581,
  "memory_short_slot_norm_max": 39.2025686170234,
  "memory_short_slot_norm_mean": 39.202559549300396,
  "memory_short_slot_norm_std": 7.2663738063086195e-06,
  "memory_short_slots": 8.0,
  "pilot_arm_alias": "I_real",
  "pilot_fuser_short_slots": 8.0,
  "pilot_memory_path_variant": "two_level",
  "pilot_projector_token_source": "short_slots",
  "pilot_reader_context_mode": "prompt_summary",
  "pilot_reader_num_queries": 4.0,
  "pilot_support_encoder_mode": "structured_support_set",
  "prefix_artifact_stats": {
    "active_prefix_layers": [
      0.0,
      7.0,
      14.0,
      21.0,
      27.0
    ],
    "layer_hidden_l2_by_layer": {
      "0": 40.51495699022637,
      "14": 40.27402965358046,
      "21": 41.42980225359807,
      "27": 42.212126184682376,
      "7": 40.714434576816245
    },
    "layer_key_l2_by_layer": {
      "0": 3117.0620997694673,
      "14": 90.04563903808594,
      "21": 54.89676897643042,
      "27": 60.66327473374664,
      "7": 142.32137361120004
    },
    "layer_slot_norm_max_by_layer": {
      "0": 14.33705530010286,
      "14": 14.252657311861633,
      "21": 14.66098786963791,
      "27": 14.93784779407939,
      "7": 14.40783477220379
    },
    "layer_slot_norm_mean_by_layer": {
      "0": 14.324230522405905,
      "14": 14.23907298729068,
      "21": 14.647707126179679,
      "27": 14.924189614467933,
      "7": 14.394756864328853
    },
    "layer_slot_norm_std_by_layer": {
      "0": 0.008604646736725431,
      "14": 0.008591063244298834,
      "21": 0.008889382659289681,
      "27": 0.00905128327183059,
      "7": 0.00871780844496899
    },
    "layer_value_l2_by_layer": {
      "0": 18.997177217827467,
      "14": 64.09125850239738,
      "21": 69.39762265564966,
      "27": 187.170771864594,
      "7": 35.245855800441056
    },
    "memory_long_l2": 117.72315216064453,
    "memory_long_slot_norm_max": 41.62143325805664,
    "memory_long_slot_norm_mean": 41.621429443359375,
    "memory_long_slot_norm_std": 1.3486991292666062e-06,
    "memory_long_slots": 8.0,
    "memory_short_l2": 110.88158116575147,
    "memory_short_pairwise_cosine_mean": 0.9998422372536581,
    "memory_short_slot_norm_max": 39.2025686170234,
    "memory_short_slot_norm_mean": 39.202559549300396,
    "memory_short_slot_norm_std": 7.2663738063086195e-06,
    "memory_short_slots": 8.0,
    "pilot_injection_mode": "sparse_deep_prefix",
    "pilot_memory_path_variant": "two_level",
    "pilot_projector_token_source": "short_slots",
    "pilot_support_encoder_mode": "structured_support_set",
    "prefix_l2": 91.75753121297868,
    "prefix_slot_norm_max": 14.93784779407939,
    "prefix_slot_norm_mean": 14.50599141980781,
    "prefix_slot_norm_std": 0.24983900419024171,
    "prefix_tokens": 8.0,
    "reader_attention_entropy_max": 2.079441547393799,
    "reader_attention_entropy_mean": 2.079441547393799,
    "reader_attention_entropy_min": 2.079441547393799,
    "reader_attention_pairwise_cosine_mean": 1.0,
    "reader_num_queries": 4.0,
    "reader_query_entropy_by_query": [
      2.079441547393799,
      2.079441547393799,
      2.079441547393799,
      2.079441547393799
    ],
    "reader_slot_count": 8.0,
    "reader_slot_coverage_fraction": 0.5881147540983607,
    "support_item_count": 6.0,
    "support_item_hidden_l2": 96.10502624511719,
    "support_item_hidden_norm_max": 39.23651123046875,
    "support_item_hidden_norm_mean": 39.23471450805664,
    "support_item_hidden_norm_std": 0.001391484634950757,
    "writer_memory_l2": 117.72315216064453,
    "writer_slot_norm_max": 41.62143325805664,
    "writer_slot_norm_mean": 41.621429443359375,
    "writer_slot_norm_std": 1.3486991292666062e-06
  },
  "prefix_l2": 91.75753121297868,
  "prefix_slot_norm_max": 14.93784779407939,
  "prefix_slot_norm_mean": 14.50599141980781,
  "prefix_slot_norm_std": 0.24983900419024171,
  "prefix_tokens": 8,
  "prompt_variant": "answer_slot_labels",
  "reader_attention_entropy_max": 2.079441547393799,
  "reader_attention_entropy_mean": 2.079441547393799,
  "reader_attention_entropy_min": 2.079441547393799,
  "reader_attention_pairwise_cosine_mean": 1.0,
  "reader_num_queries": 4.0,
  "reader_slot_count": 8.0,
  "reader_slot_coverage_fraction": 0.5881147540983607,
  "shared_injection_arm": "injected",
  "step": 16,
  "support_item_count": 6.0,
  "support_item_hidden_l2": 96.10502624511719,
  "support_item_hidden_norm_max": 39.23651123046875,
  "support_item_hidden_norm_mean": 39.23471450805664,
  "support_item_hidden_norm_std": 0.001391484634950757,
  "support_serialization_variant": "triad_curated6",
  "support_text_block_chars": 1301,
  "task_case_dump_path": "/root/autodl-tmp/runs/verify/tl-poc-fever-qwen25/tl-h4-k8/phase2-selected/pilot-I-real/snapshot_evals/step_0016/task_case_dump.jsonl",
  "task_case_dump_rows": 61,
  "training_stage": "shared_injection_snapshot_eval",
  "writer_memory_control": "real",
  "writer_memory_l2": 117.72315216064453,
  "writer_slot_norm_max": 41.62143325805664,
  "writer_slot_norm_mean": 41.621429443359375,
  "writer_slot_norm_std": 1.3486991292666062e-06
}