{
  "best_adapt_macro_f1": 0.1452991452991453,
  "best_adapt_task_margin": -1.79038354217029,
  "best_adapt_task_score": 0.2786885245901639,
  "checkpoint_path": "/root/autodl-tmp/runs/verify/tl-poc-fever-qwen25/tl-h4-k4/phase2-selected/pilot-I-shuffle/snapshot_evals/step_0000/checkpoint.pt",
  "dominant_label_fraction": 0.9836065573770492,
  "label_recall_by_class": {
    "NOT_ENOUGH_INFO": 0.0,
    "REFUTES": 0.0,
    "SUPPORTS": 0.9444444444444444
  },
  "memory_long_l2": 117.72469329833984,
  "memory_long_slot_norm_max": 41.62196731567383,
  "memory_long_slot_norm_mean": 41.62196731567383,
  "memory_long_slot_norm_std": 1.9073486328125e-06,
  "memory_long_slots": 8.0,
  "memory_short_l2": 78.3832573812516,
  "memory_short_pairwise_cosine_mean": 0.9995825065941107,
  "memory_short_slot_norm_max": 39.19163094192255,
  "memory_short_slot_norm_mean": 39.191628565553756,
  "memory_short_slot_norm_std": 2.385112558661857e-06,
  "memory_short_slots": 4.0,
  "pilot_arm_alias": "I_shuffle",
  "pilot_fuser_short_slots": 4.0,
  "pilot_memory_path_variant": "two_level",
  "pilot_projector_token_source": "short_slots",
  "pilot_reader_context_mode": "prompt_summary",
  "pilot_reader_num_queries": 4.0,
  "pilot_support_encoder_mode": "structured_support_set",
  "prefix_artifact_stats": {
    "active_prefix_layers": [
      0.0,
      7.0,
      14.0,
      21.0,
      27.0
    ],
    "layer_hidden_l2_by_layer": {
      "0": 3.8541397110360567,
      "14": 3.9146394143339065,
      "21": 3.824161889123135,
      "27": 3.8409989857282794,
      "7": 3.7698301370026637
    },
    "layer_key_l2_by_layer": {
      "0": 2204.5281842341187,
      "14": 64.0733181062292,
      "21": 42.67492244282707,
      "27": 55.44936176987945,
      "7": 105.76276685370773
    },
    "layer_slot_norm_max_by_layer": {
      "0": 1.9503428291101925,
      "14": 1.9806759474707432,
      "21": 1.936329921738046,
      "27": 1.94423258500021,
      "7": 1.9080098261598681
    },
    "layer_slot_norm_mean_by_layer": {
      "0": 1.927023150881783,
      "14": 1.9572784099422518,
      "21": 1.912046489168386,
      "27": 1.9204533549605822,
      "7": 1.8848780589025529
    },
    "layer_slot_norm_std_by_layer": {
      "0": 0.013857500597101743,
      "14": 0.013995003657507115,
      "21": 0.014400370953390832,
      "27": 0.014281660837472463,
      "7": 0.01382349671215796
    },
    "layer_value_l2_by_layer": {
      "0": 13.638540736964492,
      "14": 46.29189144197058,
      "21": 48.75229169501633,
      "27": 153.92498579181608,
      "7": 24.140541514412302
    },
    "memory_long_l2": 117.72469329833984,
    "memory_long_slot_norm_max": 41.62196731567383,
    "memory_long_slot_norm_mean": 41.62196731567383,
    "memory_long_slot_norm_std": 1.9073486328125e-06,
    "memory_long_slots": 8.0,
    "memory_short_l2": 78.3832573812516,
    "memory_short_pairwise_cosine_mean": 0.9995825065941107,
    "memory_short_slot_norm_max": 39.19163094192255,
    "memory_short_slot_norm_mean": 39.191628565553756,
    "memory_short_slot_norm_std": 2.385112558661857e-06,
    "memory_short_slots": 4.0,
    "pilot_injection_mode": "sparse_deep_prefix",
    "pilot_memory_path_variant": "two_level",
    "pilot_projector_token_source": "short_slots",
    "pilot_support_encoder_mode": "structured_support_set",
    "prefix_l2": 8.58888572161315,
    "prefix_slot_norm_max": 1.9806759474707432,
    "prefix_slot_norm_mean": 1.920335877137106,
    "prefix_slot_norm_std": 0.02749531313044126,
    "prefix_tokens": 4.0,
    "reader_attention_entropy_max": 2.079441547393799,
    "reader_attention_entropy_mean": 2.079441547393799,
    "reader_attention_entropy_min": 2.079441547393799,
    "reader_attention_pairwise_cosine_mean": 1.0,
    "reader_num_queries": 4.0,
    "reader_query_entropy_by_query": [
      2.079441547393799,
      2.079441547393799,
      2.079441547393799,
      2.079441547393799
    ],
    "reader_slot_count": 8.0,
    "reader_slot_coverage_fraction": 0.47540983606557374,
    "support_item_count": 6.0,
    "support_item_hidden_l2": 96.09864044189453,
    "support_item_hidden_norm_max": 39.23369216918945,
    "support_item_hidden_norm_mean": 39.23210906982422,
    "support_item_hidden_norm_std": 0.001507753157056868,
    "writer_memory_l2": 117.72469329833984,
    "writer_slot_norm_max": 41.62196731567383,
    "writer_slot_norm_mean": 41.62196731567383,
    "writer_slot_norm_std": 1.9073486328125e-06
  },
  "prefix_l2": 8.58888572161315,
  "prefix_slot_norm_max": 1.9806759474707432,
  "prefix_slot_norm_mean": 1.920335877137106,
  "prefix_slot_norm_std": 0.02749531313044126,
  "prefix_tokens": 4,
  "prompt_variant": "answer_slot_labels",
  "reader_attention_entropy_max": 2.079441547393799,
  "reader_attention_entropy_mean": 2.079441547393799,
  "reader_attention_entropy_min": 2.079441547393799,
  "reader_attention_pairwise_cosine_mean": 1.0,
  "reader_num_queries": 4.0,
  "reader_slot_count": 8.0,
  "reader_slot_coverage_fraction": 0.47540983606557374,
  "shared_injection_arm": "injected",
  "step": 0,
  "support_item_count": 6.0,
  "support_item_hidden_l2": 96.09864044189453,
  "support_item_hidden_norm_max": 39.23369216918945,
  "support_item_hidden_norm_mean": 39.23210906982422,
  "support_item_hidden_norm_std": 0.001507753157056868,
  "support_serialization_variant": "triad_curated6",
  "support_text_block_chars": 1415,
  "task_case_dump_path": "/root/autodl-tmp/runs/verify/tl-poc-fever-qwen25/tl-h4-k4/phase2-selected/pilot-I-shuffle/snapshot_evals/step_0000/task_case_dump.jsonl",
  "task_case_dump_rows": 61,
  "training_stage": "shared_injection_snapshot_eval",
  "writer_memory_control": "shuffled",
  "writer_memory_l2": 117.72469329833984,
  "writer_slot_norm_max": 41.62196731567383,
  "writer_slot_norm_mean": 41.62196731567383,
  "writer_slot_norm_std": 1.9073486328125e-06
}