{
  "best_adapt_macro_f1": 0.1518987341772152,
  "best_adapt_task_margin": -3.2068213634803646,
  "best_adapt_task_score": 0.29508196721311475,
  "checkpoint_path": "/root/autodl-tmp/runs/verify/tl-poc-fever-qwen25/tl-h4-k4/phase2-selected/pilot-I-shuffle/snapshot_evals/step_0012/checkpoint.pt",
  "dominant_label_fraction": 1.0,
  "label_recall_by_class": {
    "NOT_ENOUGH_INFO": 0.0,
    "REFUTES": 0.0,
    "SUPPORTS": 1.0
  },
  "memory_long_l2": 117.73518371582031,
  "memory_long_slot_norm_max": 41.625667572021484,
  "memory_long_slot_norm_mean": 41.625667572021484,
  "memory_long_slot_norm_std": 1.9073486328125e-06,
  "memory_long_slots": 8.0,
  "memory_short_l2": 78.40390202256499,
  "memory_short_pairwise_cosine_mean": 0.9998338075934864,
  "memory_short_slot_norm_max": 39.201956702060386,
  "memory_short_slot_norm_mean": 39.20195107381852,
  "memory_short_slot_norm_std": 5.05847515341884e-06,
  "memory_short_slots": 4.0,
  "pilot_arm_alias": "I_shuffle",
  "pilot_fuser_short_slots": 4.0,
  "pilot_memory_path_variant": "two_level",
  "pilot_projector_token_source": "short_slots",
  "pilot_reader_context_mode": "prompt_summary",
  "pilot_reader_num_queries": 4.0,
  "pilot_support_encoder_mode": "structured_support_set",
  "prefix_artifact_stats": {
    "active_prefix_layers": [
      0.0,
      7.0,
      14.0,
      21.0,
      27.0
    ],
    "layer_hidden_l2_by_layer": {
      "0": 18.988563381257606,
      "14": 19.361527020813988,
      "21": 18.74735353813797,
      "27": 18.441192970901238,
      "7": 18.254767714953815
    },
    "layer_key_l2_by_layer": {
      "0": 2204.912769755379,
      "14": 56.227991573146134,
      "21": 42.92008077902872,
      "27": 58.669341165511334,
      "7": 102.2584957685627
    },
    "layer_slot_norm_max_by_layer": {
      "0": 9.503147562996286,
      "14": 9.689115321049925,
      "21": 9.382421024510117,
      "27": 9.22838728545142,
      "7": 9.135352087802575
    },
    "layer_slot_norm_mean_by_layer": {
      "0": 9.494289382559355,
      "14": 9.680818041817087,
      "21": 9.373736381530762,
      "27": 9.220674499136503,
      "7": 9.127280891918746
    },
    "layer_slot_norm_std_by_layer": {
      "0": 0.0057872404023760655,
      "14": 0.0054915524545873775,
      "21": 0.00563033256435492,
      "27": 0.005157865583896637,
      "7": 0.0053816661696697845
    },
    "layer_value_l2_by_layer": {
      "0": 12.297337532043457,
      "14": 44.13027722718286,
      "21": 48.73373506889968,
      "27": 136.22688368500255,
      "7": 23.579840019101002
    },
    "memory_long_l2": 117.73518371582031,
    "memory_long_slot_norm_max": 41.625667572021484,
    "memory_long_slot_norm_mean": 41.625667572021484,
    "memory_long_slot_norm_std": 1.9073486328125e-06,
    "memory_long_slots": 8.0,
    "memory_short_l2": 78.40390202256499,
    "memory_short_pairwise_cosine_mean": 0.9998338075934864,
    "memory_short_slot_norm_max": 39.201956702060386,
    "memory_short_slot_norm_mean": 39.20195107381852,
    "memory_short_slot_norm_std": 5.05847515341884e-06,
    "memory_short_slots": 4.0,
    "pilot_injection_mode": "sparse_deep_prefix",
    "pilot_memory_path_variant": "two_level",
    "pilot_projector_token_source": "short_slots",
    "pilot_support_encoder_mode": "structured_support_set",
    "prefix_l2": 41.95497000022013,
    "prefix_slot_norm_max": 9.689115321049925,
    "prefix_slot_norm_mean": 9.37935983939249,
    "prefix_slot_norm_std": 0.19647033097314054,
    "prefix_tokens": 4.0,
    "reader_attention_entropy_max": 2.079441547393799,
    "reader_attention_entropy_mean": 2.079441547393799,
    "reader_attention_entropy_min": 2.079441547393799,
    "reader_attention_pairwise_cosine_mean": 1.0,
    "reader_num_queries": 4.0,
    "reader_query_entropy_by_query": [
      2.079441547393799,
      2.079441547393799,
      2.079441547393799,
      2.079441547393799
    ],
    "reader_slot_count": 8.0,
    "reader_slot_coverage_fraction": 0.4426229508196721,
    "support_item_count": 6.0,
    "support_item_hidden_l2": 96.10332489013672,
    "support_item_hidden_norm_max": 39.23548889160156,
    "support_item_hidden_norm_mean": 39.2340202331543,
    "support_item_hidden_norm_std": 0.0015119552845135331,
    "writer_memory_l2": 117.73518371582031,
    "writer_slot_norm_max": 41.625667572021484,
    "writer_slot_norm_mean": 41.625667572021484,
    "writer_slot_norm_std": 1.9073486328125e-06
  },
  "prefix_l2": 41.95497000022013,
  "prefix_slot_norm_max": 9.689115321049925,
  "prefix_slot_norm_mean": 9.37935983939249,
  "prefix_slot_norm_std": 0.19647033097314054,
  "prefix_tokens": 4,
  "prompt_variant": "answer_slot_labels",
  "reader_attention_entropy_max": 2.079441547393799,
  "reader_attention_entropy_mean": 2.079441547393799,
  "reader_attention_entropy_min": 2.079441547393799,
  "reader_attention_pairwise_cosine_mean": 1.0,
  "reader_num_queries": 4.0,
  "reader_slot_count": 8.0,
  "reader_slot_coverage_fraction": 0.4426229508196721,
  "shared_injection_arm": "injected",
  "step": 12,
  "support_item_count": 6.0,
  "support_item_hidden_l2": 96.10332489013672,
  "support_item_hidden_norm_max": 39.23548889160156,
  "support_item_hidden_norm_mean": 39.2340202331543,
  "support_item_hidden_norm_std": 0.0015119552845135331,
  "support_serialization_variant": "triad_curated6",
  "support_text_block_chars": 1415,
  "task_case_dump_path": "/root/autodl-tmp/runs/verify/tl-poc-fever-qwen25/tl-h4-k4/phase2-selected/pilot-I-shuffle/snapshot_evals/step_0012/task_case_dump.jsonl",
  "task_case_dump_rows": 61,
  "training_stage": "shared_injection_snapshot_eval",
  "writer_memory_control": "shuffled",
  "writer_memory_l2": 117.73518371582031,
  "writer_slot_norm_max": 41.625667572021484,
  "writer_slot_norm_mean": 41.625667572021484,
  "writer_slot_norm_std": 1.9073486328125e-06
}