{
  "best_adapt_macro_f1": 0.1518987341772152,
  "best_adapt_task_margin": -4.327091936205254,
  "best_adapt_task_score": 0.29508196721311475,
  "checkpoint_path": "/root/autodl-tmp/runs/verify/tl-poc-fever-qwen25/tl-h1-k4/phase2-selected/pilot-I-real/snapshot_evals/step_0016/checkpoint.pt",
  "dominant_label_fraction": 1.0,
  "label_recall_by_class": {
    "NOT_ENOUGH_INFO": 0.0,
    "REFUTES": 0.0,
    "SUPPORTS": 1.0
  },
  "memory_long_l2": 117.720703125,
  "memory_long_slot_norm_max": 41.62055587768555,
  "memory_long_slot_norm_mean": 41.62055206298828,
  "memory_long_slot_norm_std": 2.336015541004599e-06,
  "memory_long_slots": 8.0,
  "memory_short_l2": 78.40764030081327,
  "memory_short_pairwise_cosine_mean": 0.9998553727493912,
  "memory_short_slot_norm_max": 39.20382921812964,
  "memory_short_slot_norm_mean": 39.20382008787061,
  "memory_short_slot_norm_std": 7.355126414398403e-06,
  "memory_short_slots": 4.0,
  "pilot_arm_alias": "I_real",
  "pilot_fuser_short_slots": 4.0,
  "pilot_memory_path_variant": "two_level",
  "pilot_projector_token_source": "short_slots",
  "pilot_reader_context_mode": "prompt_summary",
  "pilot_reader_num_queries": 1.0,
  "pilot_support_encoder_mode": "structured_support_set",
  "prefix_artifact_stats": {
    "active_prefix_layers": [
      0.0,
      7.0,
      14.0,
      21.0,
      27.0
    ],
    "layer_hidden_l2_by_layer": {
      "0": 26.583846232930167,
      "14": 26.230407964987833,
      "21": 26.9868290697942,
      "27": 26.903910840143922,
      "7": 26.517793342715404
    },
    "layer_key_l2_by_layer": {
      "0": 2205.31970414959,
      "14": 61.551620358326396,
      "21": 40.00784007838515,
      "27": 43.606230063516584,
      "7": 99.55790810506852
    },
    "layer_slot_norm_max_by_layer": {
      "0": 13.30039463668573,
      "14": 13.12262203654305,
      "21": 13.50118269685839,
      "27": 13.460490414353668,
      "7": 13.267156866730236
    },
    "layer_slot_norm_mean_by_layer": {
      "0": 13.29199300046827,
      "14": 13.115127923058681,
      "21": 13.493306019267099,
      "27": 13.45206437345411,
      "7": 13.258844266172316
    },
    "layer_slot_norm_std_by_layer": {
      "0": 0.006170664158206982,
      "14": 0.005640999459829487,
      "21": 0.00592835931504359,
      "27": 0.006064728131426163,
      "7": 0.006058816217863169
    },
    "layer_value_l2_by_layer": {
      "0": 13.108926335319143,
      "14": 46.74781042630555,
      "21": 51.93225203967485,
      "27": 140.3389669949891,
      "7": 25.14913574593966
    },
    "memory_long_l2": 117.720703125,
    "memory_long_slot_norm_max": 41.62055587768555,
    "memory_long_slot_norm_mean": 41.62055206298828,
    "memory_long_slot_norm_std": 2.336015541004599e-06,
    "memory_long_slots": 8.0,
    "memory_short_l2": 78.40764030081327,
    "memory_short_pairwise_cosine_mean": 0.9998553727493912,
    "memory_short_slot_norm_max": 39.20382921812964,
    "memory_short_slot_norm_mean": 39.20382008787061,
    "memory_short_slot_norm_std": 7.355126414398403e-06,
    "memory_short_slots": 4.0,
    "pilot_injection_mode": "sparse_deep_prefix",
    "pilot_memory_path_variant": "two_level",
    "pilot_projector_token_source": "short_slots",
    "pilot_support_encoder_mode": "structured_support_set",
    "prefix_l2": 59.58214794221472,
    "prefix_slot_norm_max": 13.50118269685839,
    "prefix_slot_norm_mean": 13.322267063328477,
    "prefix_slot_norm_std": 0.13724915463416304,
    "prefix_tokens": 4.0,
    "reader_attention_entropy_max": 2.079441547393799,
    "reader_attention_entropy_mean": 2.079441547393799,
    "reader_attention_entropy_min": 2.079441547393799,
    "reader_attention_pairwise_cosine_mean": 0.0,
    "reader_num_queries": 1.0,
    "reader_query_entropy_by_query": [
      2.079441547393799
    ],
    "reader_slot_count": 8.0,
    "reader_slot_coverage_fraction": 0.2766393442622951,
    "support_item_count": 6.0,
    "support_item_hidden_l2": 96.10559844970703,
    "support_item_hidden_norm_max": 39.23680877685547,
    "support_item_hidden_norm_mean": 39.23494338989258,
    "support_item_hidden_norm_std": 0.0014615659601986408,
    "writer_memory_l2": 117.720703125,
    "writer_slot_norm_max": 41.62055587768555,
    "writer_slot_norm_mean": 41.62055206298828,
    "writer_slot_norm_std": 2.336015541004599e-06
  },
  "prefix_l2": 59.58214794221472,
  "prefix_slot_norm_max": 13.50118269685839,
  "prefix_slot_norm_mean": 13.322267063328477,
  "prefix_slot_norm_std": 0.13724915463416304,
  "prefix_tokens": 4,
  "prompt_variant": "answer_slot_labels",
  "reader_attention_entropy_max": 2.079441547393799,
  "reader_attention_entropy_mean": 2.079441547393799,
  "reader_attention_entropy_min": 2.079441547393799,
  "reader_attention_pairwise_cosine_mean": 0.0,
  "reader_num_queries": 1.0,
  "reader_slot_count": 8.0,
  "reader_slot_coverage_fraction": 0.2766393442622951,
  "shared_injection_arm": "injected",
  "step": 16,
  "support_item_count": 6.0,
  "support_item_hidden_l2": 96.10559844970703,
  "support_item_hidden_norm_max": 39.23680877685547,
  "support_item_hidden_norm_mean": 39.23494338989258,
  "support_item_hidden_norm_std": 0.0014615659601986408,
  "support_serialization_variant": "triad_curated6",
  "support_text_block_chars": 1301,
  "task_case_dump_path": "/root/autodl-tmp/runs/verify/tl-poc-fever-qwen25/tl-h1-k4/phase2-selected/pilot-I-real/snapshot_evals/step_0016/task_case_dump.jsonl",
  "task_case_dump_rows": 61,
  "training_stage": "shared_injection_snapshot_eval",
  "writer_memory_control": "real",
  "writer_memory_l2": 117.720703125,
  "writer_slot_norm_max": 41.62055587768555,
  "writer_slot_norm_mean": 41.62055206298828,
  "writer_slot_norm_std": 2.336015541004599e-06
}