{
  "best_adapt_macro_f1": 0.1518987341772152,
  "best_adapt_task_margin": -1.6809082343930104,
  "best_adapt_task_score": 0.29508196721311475,
  "checkpoint_path": "/root/autodl-tmp/runs/verify/tl-poc-fever-qwen25/tl-h1-k4/phase2-selected/pilot-I-shuffle/snapshot_evals/step_0002/checkpoint.pt",
  "dominant_label_fraction": 1.0,
  "label_recall_by_class": {
    "NOT_ENOUGH_INFO": 0.0,
    "REFUTES": 0.0,
    "SUPPORTS": 1.0
  },
  "memory_long_l2": 117.72766876220703,
  "memory_long_slot_norm_max": 41.623016357421875,
  "memory_long_slot_norm_mean": 41.623016357421875,
  "memory_long_slot_norm_std": 2.336015541004599e-06,
  "memory_long_slots": 8.0,
  "memory_short_l2": 78.387755597224,
  "memory_short_pairwise_cosine_mean": 0.9996511779847692,
  "memory_short_slot_norm_max": 39.1938826138856,
  "memory_short_slot_norm_mean": 39.193877298323834,
  "memory_short_slot_norm_std": 4.1174410167424535e-06,
  "memory_short_slots": 4.0,
  "pilot_arm_alias": "I_shuffle",
  "pilot_fuser_short_slots": 4.0,
  "pilot_memory_path_variant": "two_level",
  "pilot_projector_token_source": "short_slots",
  "pilot_reader_context_mode": "prompt_summary",
  "pilot_reader_num_queries": 1.0,
  "pilot_support_encoder_mode": "structured_support_set",
  "prefix_artifact_stats": {
    "active_prefix_layers": [
      0.0,
      7.0,
      14.0,
      21.0,
      27.0
    ],
    "layer_hidden_l2_by_layer": {
      "0": 14.774154475477875,
      "14": 15.283554546168594,
      "21": 14.908745437371927,
      "27": 15.64224033668393,
      "7": 15.550028769696345
    },
    "layer_key_l2_by_layer": {
      "0": 2201.567674980789,
      "14": 60.073949344822616,
      "21": 46.318973416187724,
      "27": 46.34621166792072,
      "7": 101.22353850818071
    },
    "layer_slot_norm_max_by_layer": {
      "0": 7.407629349192635,
      "14": 7.6606592584828865,
      "21": 7.474231039891477,
      "27": 7.840922621429944,
      "7": 7.796331569796703
    },
    "layer_slot_norm_mean_by_layer": {
      "0": 7.387120989502454,
      "14": 7.641767087529917,
      "21": 7.45440046904517,
      "27": 7.821165358433958,
      "7": 7.775028861936976
    },
    "layer_slot_norm_std_by_layer": {
      "0": 0.015038564511132045,
      "14": 0.014984954621826039,
      "21": 0.015015668296789537,
      "27": 0.015906963924892614,
      "7": 0.01568802345360889
    },
    "layer_value_l2_by_layer": {
      "0": 12.99704013886999,
      "14": 43.843530561103194,
      "21": 47.346510465027855,
      "27": 139.82864905185386,
      "7": 22.624180997004274
    },
    "memory_long_l2": 117.72766876220703,
    "memory_long_slot_norm_max": 41.623016357421875,
    "memory_long_slot_norm_mean": 41.623016357421875,
    "memory_long_slot_norm_std": 2.336015541004599e-06,
    "memory_long_slots": 8.0,
    "memory_short_l2": 78.387755597224,
    "memory_short_pairwise_cosine_mean": 0.9996511779847692,
    "memory_short_slot_norm_max": 39.1938826138856,
    "memory_short_slot_norm_mean": 39.193877298323834,
    "memory_short_slot_norm_std": 4.1174410167424535e-06,
    "memory_short_slots": 4.0,
    "pilot_injection_mode": "sparse_deep_prefix",
    "pilot_memory_path_variant": "two_level",
    "pilot_projector_token_source": "short_slots",
    "pilot_support_encoder_mode": "structured_support_set",
    "prefix_l2": 34.068019616799276,
    "prefix_slot_norm_max": 7.841383902752986,
    "prefix_slot_norm_mean": 7.615896553289695,
    "prefix_slot_norm_std": 0.1720923131606618,
    "prefix_tokens": 4.0,
    "reader_attention_entropy_max": 2.079441547393799,
    "reader_attention_entropy_mean": 2.079441547393799,
    "reader_attention_entropy_min": 2.079441547393799,
    "reader_attention_pairwise_cosine_mean": 0.0,
    "reader_num_queries": 1.0,
    "reader_query_entropy_by_query": [
      2.079441547393799
    ],
    "reader_slot_count": 8.0,
    "reader_slot_coverage_fraction": 0.2336065573770492,
    "support_item_count": 6.0,
    "support_item_hidden_l2": 96.0993881225586,
    "support_item_hidden_norm_max": 39.23396301269531,
    "support_item_hidden_norm_mean": 39.23240280151367,
    "support_item_hidden_norm_std": 0.0014677515719085932,
    "writer_memory_l2": 117.72766876220703,
    "writer_slot_norm_max": 41.623016357421875,
    "writer_slot_norm_mean": 41.623016357421875,
    "writer_slot_norm_std": 2.336015541004599e-06
  },
  "prefix_l2": 34.068019616799276,
  "prefix_slot_norm_max": 7.841383902752986,
  "prefix_slot_norm_mean": 7.615896553289695,
  "prefix_slot_norm_std": 0.1720923131606618,
  "prefix_tokens": 4,
  "prompt_variant": "answer_slot_labels",
  "reader_attention_entropy_max": 2.079441547393799,
  "reader_attention_entropy_mean": 2.079441547393799,
  "reader_attention_entropy_min": 2.079441547393799,
  "reader_attention_pairwise_cosine_mean": 0.0,
  "reader_num_queries": 1.0,
  "reader_slot_count": 8.0,
  "reader_slot_coverage_fraction": 0.2336065573770492,
  "shared_injection_arm": "injected",
  "step": 2,
  "support_item_count": 6.0,
  "support_item_hidden_l2": 96.0993881225586,
  "support_item_hidden_norm_max": 39.23396301269531,
  "support_item_hidden_norm_mean": 39.23240280151367,
  "support_item_hidden_norm_std": 0.0014677515719085932,
  "support_serialization_variant": "triad_curated6",
  "support_text_block_chars": 1415,
  "task_case_dump_path": "/root/autodl-tmp/runs/verify/tl-poc-fever-qwen25/tl-h1-k4/phase2-selected/pilot-I-shuffle/snapshot_evals/step_0002/task_case_dump.jsonl",
  "task_case_dump_rows": 61,
  "training_stage": "shared_injection_snapshot_eval",
  "writer_memory_control": "shuffled",
  "writer_memory_l2": 117.72766876220703,
  "writer_slot_norm_max": 41.623016357421875,
  "writer_slot_norm_mean": 41.623016357421875,
  "writer_slot_norm_std": 2.336015541004599e-06
}