{
  "best_adapt_macro_f1": 0.1518987341772152,
  "best_adapt_task_margin": -5.235695526248119,
  "best_adapt_task_score": 0.29508196721311475,
  "checkpoint_path": "/root/autodl-tmp/runs/verify/m5-fever-dense-teacher-qwen25/canonical-dense-teacher/phase2-selected/pilot-I-shuffle/snapshot_evals/step_0032/checkpoint.pt",
  "dominant_label_fraction": 1.0,
  "label_recall_by_class": {
    "NOT_ENOUGH_INFO": 0.0,
    "REFUTES": 0.0,
    "SUPPORTS": 1.0
  },
  "pilot_arm_alias": "I_shuffle",
  "pilot_support_encoder_mode": "structured_support_set",
  "prefix_artifact_stats": {
    "active_prefix_layers": [
      0,
      7,
      14,
      21,
      27
    ],
    "layer_hidden_l2_by_layer": {
      "0": 28.81293296813965,
      "14": 28.106918334960938,
      "21": 29.335996627807617,
      "27": 28.773963928222656,
      "7": 27.581735610961914
    },
    "layer_key_l2_by_layer": {
      "0": 3114.291748046875,
      "14": 94.27532958984375,
      "21": 57.859161376953125,
      "27": 79.68751525878906,
      "7": 152.06283569335938
    },
    "layer_slot_norm_max_by_layer": {
      "0": 10.186511039733887,
      "14": 9.938199043273926,
      "21": 10.371594429016113,
      "27": 10.173192024230957,
      "7": 9.751341819763184
    },
    "layer_slot_norm_mean_by_layer": {
      "0": 10.186509132385254,
      "14": 9.93819808959961,
      "21": 10.371593475341797,
      "27": 10.17319107055664,
      "7": 9.751341819763184
    },
    "layer_slot_norm_std_by_layer": {
      "0": 1.118282284551242e-06,
      "14": 7.539457556049456e-07,
      "21": 3.3717478231665154e-07,
      "27": 8.259061701210157e-07,
      "7": 0.0
    },
    "layer_value_l2_by_layer": {
      "0": 21.787742614746094,
      "14": 79.3582763671875,
      "21": 80.3126220703125,
      "27": 231.58285522460938,
      "7": 42.06548309326172
    },
    "pilot_injection_mode": "sparse_deep_prefix",
    "pilot_support_encoder_mode": "structured_support_set",
    "prefix_l2": 63.792484283447266,
    "prefix_slot_norm_max": 10.371594429016113,
    "prefix_slot_norm_mean": 10.08416748046875,
    "prefix_slot_norm_std": 0.215913325548172,
    "prefix_tokens": 8.0,
    "support_item_count": 6.0,
    "support_item_hidden_l2": 96.10419464111328,
    "support_item_hidden_norm_max": 39.235965728759766,
    "support_item_hidden_norm_mean": 39.234375,
    "support_item_hidden_norm_std": 0.0016263723373413086,
    "writer_memory_l2": 117.74760437011719,
    "writer_slot_norm_max": 41.63008117675781,
    "writer_slot_norm_mean": 41.63007736206055,
    "writer_slot_norm_std": 1.3486991292666062e-06
  },
  "prefix_l2": 63.792484283447266,
  "prefix_slot_norm_max": 10.371594429016113,
  "prefix_slot_norm_mean": 10.08416748046875,
  "prefix_slot_norm_std": 0.215913325548172,
  "prefix_tokens": 8,
  "prompt_variant": "answer_slot_labels",
  "shared_injection_arm": "injected",
  "step": 32,
  "support_item_count": 6.0,
  "support_item_hidden_l2": 96.10419464111328,
  "support_item_hidden_norm_max": 39.235965728759766,
  "support_item_hidden_norm_mean": 39.234375,
  "support_item_hidden_norm_std": 0.0016263723373413086,
  "support_serialization_variant": "triad_curated6",
  "support_text_block_chars": 1415,
  "task_case_dump_path": "/root/autodl-tmp/runs/verify/m5-fever-dense-teacher-qwen25/canonical-dense-teacher/phase2-selected/pilot-I-shuffle/snapshot_evals/step_0032/task_case_dump.jsonl",
  "task_case_dump_rows": 61,
  "training_stage": "shared_injection_snapshot_eval",
  "writer_memory_control": "shuffled",
  "writer_memory_l2": 117.74760437011719,
  "writer_slot_norm_max": 41.63008117675781,
  "writer_slot_norm_mean": 41.63007736206055,
  "writer_slot_norm_std": 1.3486991292666062e-06
}