{
  "device": "cuda",
  "event_name": "train",
  "examples": 2448,
  "peak_device_memory_bytes": 11377403904,
  "peak_device_memory_mib": 10850.337891,
  "peak_rss_kb": 4859928,
  "token_count": 886713,
  "tokens_per_sec": 1874.194335,
  "wall_time_sec": 473.116893
}