{
  "best_adapt_macro_f1": 0.1518987341772152,
  "best_adapt_task_margin": -4.272050669935883,
  "best_adapt_task_score": 0.29508196721311475,
  "checkpoint_path": "/root/autodl-tmp/runs/verify/tl-poc-fever-qwen25/tl-h4-k4/phase2-selected/pilot-I-real/snapshot_evals/step_0016/checkpoint.pt",
  "dominant_label_fraction": 1.0,
  "label_recall_by_class": {
    "NOT_ENOUGH_INFO": 0.0,
    "REFUTES": 0.0,
    "SUPPORTS": 1.0
  },
  "memory_long_l2": 117.71874237060547,
  "memory_long_slot_norm_max": 41.61986541748047,
  "memory_long_slot_norm_mean": 41.61986541748047,
  "memory_long_slot_norm_std": 2.336015541004599e-06,
  "memory_long_slots": 8.0,
  "memory_short_l2": 78.40705934118051,
  "memory_short_pairwise_cosine_mean": 0.9998428479569857,
  "memory_short_slot_norm_max": 39.20353486107998,
  "memory_short_slot_norm_mean": 39.20352967059026,
  "memory_short_slot_norm_std": 5.107110785159376e-06,
  "memory_short_slots": 4.0,
  "pilot_arm_alias": "I_real",
  "pilot_fuser_short_slots": 4.0,
  "pilot_memory_path_variant": "two_level",
  "pilot_projector_token_source": "short_slots",
  "pilot_reader_context_mode": "prompt_summary",
  "pilot_reader_num_queries": 4.0,
  "pilot_support_encoder_mode": "structured_support_set",
  "prefix_artifact_stats": {
    "active_prefix_layers": [
      0.0,
      7.0,
      14.0,
      21.0,
      27.0
    ],
    "layer_hidden_l2_by_layer": {
      "0": 27.170526692124664,
      "14": 26.690795179273263,
      "21": 27.843660385882266,
      "27": 27.68242657770876,
      "7": 27.561553110841846
    },
    "layer_key_l2_by_layer": {
      "0": 2202.4438916816084,
      "14": 74.10196785848649,
      "21": 46.359442976654556,
      "27": 50.589946121465964,
      "7": 102.49043861764376
    },
    "layer_slot_norm_max_by_layer": {
      "0": 13.599491181920786,
      "14": 13.36066791659496,
      "21": 13.937872339467534,
      "27": 13.857060526238113,
      "7": 13.794591575372415
    },
    "layer_slot_norm_mean_by_layer": {
      "0": 13.585253496639064,
      "14": 13.345349171122567,
      "21": 13.92172811852127,
      "27": 13.841076850891113,
      "7": 13.780994446551214
    },
    "layer_slot_norm_std_by_layer": {
      "0": 0.009149579361813967,
      "14": 0.009713851663543552,
      "21": 0.010188572444632405,
      "27": 0.010278659307810127,
      "7": 0.008719636402169212
    },
    "layer_value_l2_by_layer": {
      "0": 14.031043349719438,
      "14": 48.43636797295242,
      "21": 52.21201831004659,
      "27": 144.89848777896069,
      "7": 27.333414921995068
    },
    "memory_long_l2": 117.71874237060547,
    "memory_long_slot_norm_max": 41.61986541748047,
    "memory_long_slot_norm_mean": 41.61986541748047,
    "memory_long_slot_norm_std": 2.336015541004599e-06,
    "memory_long_slots": 8.0,
    "memory_short_l2": 78.40705934118051,
    "memory_short_pairwise_cosine_mean": 0.9998428479569857,
    "memory_short_slot_norm_max": 39.20353486107998,
    "memory_short_slot_norm_mean": 39.20352967059026,
    "memory_short_slot_norm_std": 5.107110785159376e-06,
    "memory_short_slots": 4.0,
    "pilot_injection_mode": "sparse_deep_prefix",
    "pilot_memory_path_variant": "two_level",
    "pilot_projector_token_source": "short_slots",
    "pilot_support_encoder_mode": "structured_support_set",
    "prefix_l2": 61.25238812556032,
    "prefix_slot_norm_max": 13.937872339467534,
    "prefix_slot_norm_mean": 13.694880391730637,
    "prefix_slot_norm_std": 0.20738687915880172,
    "prefix_tokens": 4.0,
    "reader_attention_entropy_max": 2.079441547393799,
    "reader_attention_entropy_mean": 2.079441547393799,
    "reader_attention_entropy_min": 2.079441547393799,
    "reader_attention_pairwise_cosine_mean": 1.0,
    "reader_num_queries": 4.0,
    "reader_query_entropy_by_query": [
      2.079441547393799,
      2.079441547393799,
      2.079441547393799,
      2.079441547393799
    ],
    "reader_slot_count": 8.0,
    "reader_slot_coverage_fraction": 0.4918032786885246,
    "support_item_count": 6.0,
    "support_item_hidden_l2": 96.10721588134766,
    "support_item_hidden_norm_max": 39.2374382019043,
    "support_item_hidden_norm_mean": 39.23561096191406,
    "support_item_hidden_norm_std": 0.0014516122173517942,
    "writer_memory_l2": 117.71874237060547,
    "writer_slot_norm_max": 41.61986541748047,
    "writer_slot_norm_mean": 41.61986541748047,
    "writer_slot_norm_std": 2.336015541004599e-06
  },
  "prefix_l2": 61.25238812556032,
  "prefix_slot_norm_max": 13.937872339467534,
  "prefix_slot_norm_mean": 13.694880391730637,
  "prefix_slot_norm_std": 0.20738687915880172,
  "prefix_tokens": 4,
  "prompt_variant": "answer_slot_labels",
  "reader_attention_entropy_max": 2.079441547393799,
  "reader_attention_entropy_mean": 2.079441547393799,
  "reader_attention_entropy_min": 2.079441547393799,
  "reader_attention_pairwise_cosine_mean": 1.0,
  "reader_num_queries": 4.0,
  "reader_slot_count": 8.0,
  "reader_slot_coverage_fraction": 0.4918032786885246,
  "shared_injection_arm": "injected",
  "step": 16,
  "support_item_count": 6.0,
  "support_item_hidden_l2": 96.10721588134766,
  "support_item_hidden_norm_max": 39.2374382019043,
  "support_item_hidden_norm_mean": 39.23561096191406,
  "support_item_hidden_norm_std": 0.0014516122173517942,
  "support_serialization_variant": "triad_curated6",
  "support_text_block_chars": 1301,
  "task_case_dump_path": "/root/autodl-tmp/runs/verify/tl-poc-fever-qwen25/tl-h4-k4/phase2-selected/pilot-I-real/snapshot_evals/step_0016/task_case_dump.jsonl",
  "task_case_dump_rows": 61,
  "training_stage": "shared_injection_snapshot_eval",
  "writer_memory_control": "real",
  "writer_memory_l2": 117.71874237060547,
  "writer_slot_norm_max": 41.61986541748047,
  "writer_slot_norm_mean": 41.61986541748047,
  "writer_slot_norm_std": 2.336015541004599e-06
}