{
  "best_adapt_macro_f1": 0.1518987341772152,
  "best_adapt_task_margin": -4.945412018260018,
  "best_adapt_task_score": 0.29508196721311475,
  "checkpoint_path": "/root/autodl-tmp/runs/verify/tl-poc-fever-qwen25/tl-h4-k8/phase2-selected/pilot-I-real/snapshot_evals/step_0024/checkpoint.pt",
  "dominant_label_fraction": 1.0,
  "label_recall_by_class": {
    "NOT_ENOUGH_INFO": 0.0,
    "REFUTES": 0.0,
    "SUPPORTS": 1.0
  },
  "memory_long_l2": 117.72386932373047,
  "memory_long_slot_norm_max": 41.62167739868164,
  "memory_long_slot_norm_mean": 41.621673583984375,
  "memory_long_slot_norm_std": 2.6973982585332124e-06,
  "memory_long_slots": 8.0,
  "memory_short_l2": 110.88559697885982,
  "memory_short_pairwise_cosine_mean": 0.9998615257075576,
  "memory_short_slot_norm_max": 39.20398937287878,
  "memory_short_slot_norm_mean": 39.20397974233158,
  "memory_short_slot_norm_std": 7.576237823711575e-06,
  "memory_short_slots": 8.0,
  "pilot_arm_alias": "I_real",
  "pilot_fuser_short_slots": 8.0,
  "pilot_memory_path_variant": "two_level",
  "pilot_projector_token_source": "short_slots",
  "pilot_reader_context_mode": "prompt_summary",
  "pilot_reader_num_queries": 4.0,
  "pilot_support_encoder_mode": "structured_support_set",
  "prefix_artifact_stats": {
    "active_prefix_layers": [
      0.0,
      7.0,
      14.0,
      21.0,
      27.0
    ],
    "layer_hidden_l2_by_layer": {
      "0": 41.73076585863458,
      "14": 41.4581850395828,
      "21": 42.679330356785506,
      "27": 43.3817979781354,
      "7": 41.93482783583344
    },
    "layer_key_l2_by_layer": {
      "0": 3116.9651439228996,
      "14": 90.36666970174821,
      "21": 55.038531819327936,
      "27": 61.18889711723953,
      "7": 142.22859266937755
    },
    "layer_slot_norm_max_by_layer": {
      "0": 14.765944981184163,
      "14": 14.670189294658723,
      "21": 15.101654287244452,
      "27": 15.350289063375504,
      "7": 14.838347513167584
    },
    "layer_slot_norm_mean_by_layer": {
      "0": 14.75412290604388,
      "14": 14.657644084242524,
      "21": 15.089397743100026,
      "27": 15.337724044674733,
      "7": 14.826305952228484
    },
    "layer_slot_norm_std_by_layer": {
      "0": 0.007896289122519924,
      "14": 0.007889526873277347,
      "21": 0.008161259761660314,
      "27": 0.008294955041015246,
      "7": 0.008009419952076479
    },
    "layer_value_l2_by_layer": {
      "0": 18.970211810752993,
      "14": 64.27264685708968,
      "21": 69.51712036132812,
      "27": 188.75784727002753,
      "7": 35.35116020577853
    },
    "memory_long_l2": 117.72386932373047,
    "memory_long_slot_norm_max": 41.62167739868164,
    "memory_long_slot_norm_mean": 41.621673583984375,
    "memory_long_slot_norm_std": 2.6973982585332124e-06,
    "memory_long_slots": 8.0,
    "memory_short_l2": 110.88559697885982,
    "memory_short_pairwise_cosine_mean": 0.9998615257075576,
    "memory_short_slot_norm_max": 39.20398937287878,
    "memory_short_slot_norm_mean": 39.20397974233158,
    "memory_short_slot_norm_std": 7.576237823711575e-06,
    "memory_short_slots": 8.0,
    "pilot_injection_mode": "sparse_deep_prefix",
    "pilot_memory_path_variant": "two_level",
    "pilot_projector_token_source": "short_slots",
    "pilot_support_encoder_mode": "structured_support_set",
    "prefix_l2": 94.45784559406218,
    "prefix_slot_norm_max": 15.350289063375504,
    "prefix_slot_norm_mean": 14.933038758449866,
    "prefix_slot_norm_std": 0.24813813532962173,
    "prefix_tokens": 8.0,
    "reader_attention_entropy_max": 2.079441547393799,
    "reader_attention_entropy_mean": 2.079441547393799,
    "reader_attention_entropy_min": 2.079441547393799,
    "reader_attention_pairwise_cosine_mean": 1.0,
    "reader_num_queries": 4.0,
    "reader_query_entropy_by_query": [
      2.079441547393799,
      2.079441547393799,
      2.079441547393799,
      2.079441547393799
    ],
    "reader_slot_count": 8.0,
    "reader_slot_coverage_fraction": 0.48155737704918034,
    "support_item_count": 6.0,
    "support_item_hidden_l2": 96.11039733886719,
    "support_item_hidden_norm_max": 39.238773345947266,
    "support_item_hidden_norm_mean": 39.23690414428711,
    "support_item_hidden_norm_std": 0.0015158442547544837,
    "writer_memory_l2": 117.72386932373047,
    "writer_slot_norm_max": 41.62167739868164,
    "writer_slot_norm_mean": 41.621673583984375,
    "writer_slot_norm_std": 2.6973982585332124e-06
  },
  "prefix_l2": 94.45784559406218,
  "prefix_slot_norm_max": 15.350289063375504,
  "prefix_slot_norm_mean": 14.933038758449866,
  "prefix_slot_norm_std": 0.24813813532962173,
  "prefix_tokens": 8,
  "prompt_variant": "answer_slot_labels",
  "reader_attention_entropy_max": 2.079441547393799,
  "reader_attention_entropy_mean": 2.079441547393799,
  "reader_attention_entropy_min": 2.079441547393799,
  "reader_attention_pairwise_cosine_mean": 1.0,
  "reader_num_queries": 4.0,
  "reader_slot_count": 8.0,
  "reader_slot_coverage_fraction": 0.48155737704918034,
  "shared_injection_arm": "injected",
  "step": 24,
  "support_item_count": 6.0,
  "support_item_hidden_l2": 96.11039733886719,
  "support_item_hidden_norm_max": 39.238773345947266,
  "support_item_hidden_norm_mean": 39.23690414428711,
  "support_item_hidden_norm_std": 0.0015158442547544837,
  "support_serialization_variant": "triad_curated6",
  "support_text_block_chars": 1301,
  "task_case_dump_path": "/root/autodl-tmp/runs/verify/tl-poc-fever-qwen25/tl-h4-k8/phase2-selected/pilot-I-real/snapshot_evals/step_0024/task_case_dump.jsonl",
  "task_case_dump_rows": 61,
  "training_stage": "shared_injection_snapshot_eval",
  "writer_memory_control": "real",
  "writer_memory_l2": 117.72386932373047,
  "writer_slot_norm_max": 41.62167739868164,
  "writer_slot_norm_mean": 41.621673583984375,
  "writer_slot_norm_std": 2.6973982585332124e-06
}