{
  "device": "cuda",
  "event_name": "train",
  "examples": 2448,
  "peak_device_memory_bytes": 11374086144,
  "peak_device_memory_mib": 10847.173828,
  "peak_rss_kb": 4862080,
  "token_count": 888568,
  "tokens_per_sec": 1991.120342,
  "wall_time_sec": 446.265342
}