{
  "best_adapt_macro_f1": 0.32155873282870756,
  "best_adapt_task_margin": -2.182546881378674,
  "best_adapt_task_score": 0.3770491803278688,
  "checkpoint_path": "/root/autodl-tmp/runs/verify/m5-fever-dense-teacher-qwen25/control-safe-hinge/phase2-selected/pilot-I-real/snapshot_evals/step_0008/checkpoint.pt",
  "dominant_label_fraction": 0.6557377049180327,
  "label_recall_by_class": {
    "NOT_ENOUGH_INFO": 0.0,
    "REFUTES": 0.6,
    "SUPPORTS": 0.6111111111111112
  },
  "pilot_arm_alias": "I_real",
  "pilot_support_encoder_mode": "structured_support_set",
  "prefix_artifact_stats": {
    "active_prefix_layers": [
      0,
      7,
      14,
      21,
      27
    ],
    "layer_hidden_l2_by_layer": {
      "0": 29.50863265991211,
      "14": 28.477859497070312,
      "21": 29.506589889526367,
      "27": 29.288089752197266,
      "7": 28.422792434692383
    },
    "layer_key_l2_by_layer": {
      "0": 3115.297119140625,
      "14": 94.401123046875,
      "21": 59.56241989135742,
      "27": 77.36692810058594,
      "7": 150.21151733398438
    },
    "layer_slot_norm_max_by_layer": {
      "0": 10.43265438079834,
      "14": 10.068918228149414,
      "21": 10.431245803833008,
      "27": 10.355091094970703,
      "7": 10.048439025878906
    },
    "layer_slot_norm_mean_by_layer": {
      "0": 10.43265438079834,
      "14": 10.068917274475098,
      "21": 10.431244850158691,
      "27": 10.355091094970703,
      "7": 10.048439025878906
    },
    "layer_slot_norm_std_by_layer": {
      "0": 0.0,
      "14": 3.3717478231665154e-07,
      "21": 8.259061701210157e-07,
      "27": 3.3717478231665154e-07,
      "7": 4.76837158203125e-07
    },
    "layer_value_l2_by_layer": {
      "0": 21.52819061279297,
      "14": 76.42021942138672,
      "21": 75.95162200927734,
      "27": 218.59596252441406,
      "7": 42.201602935791016
    },
    "pilot_injection_mode": "sparse_deep_prefix",
    "pilot_support_encoder_mode": "structured_support_set",
    "prefix_l2": 64.9450454711914,
    "prefix_slot_norm_max": 10.43265438079834,
    "prefix_slot_norm_mean": 10.2672700881958,
    "prefix_slot_norm_std": 0.17273294925689697,
    "prefix_tokens": 8.0,
    "support_item_count": 6.0,
    "support_item_hidden_l2": 96.0983657836914,
    "support_item_hidden_norm_max": 39.233707427978516,
    "support_item_hidden_norm_mean": 39.23198699951172,
    "support_item_hidden_norm_std": 0.0013412327971309423,
    "writer_memory_l2": 117.72467803955078,
    "writer_slot_norm_max": 41.62196350097656,
    "writer_slot_norm_mean": 41.62196350097656,
    "writer_slot_norm_std": 0.0
  },
  "prefix_l2": 64.9450454711914,
  "prefix_slot_norm_max": 10.43265438079834,
  "prefix_slot_norm_mean": 10.2672700881958,
  "prefix_slot_norm_std": 0.17273294925689697,
  "prefix_tokens": 8,
  "prompt_variant": "answer_slot_labels",
  "shared_injection_arm": "injected",
  "step": 8,
  "support_item_count": 6.0,
  "support_item_hidden_l2": 96.0983657836914,
  "support_item_hidden_norm_max": 39.233707427978516,
  "support_item_hidden_norm_mean": 39.23198699951172,
  "support_item_hidden_norm_std": 0.0013412327971309423,
  "support_serialization_variant": "triad_curated6",
  "support_text_block_chars": 1301,
  "task_case_dump_path": "/root/autodl-tmp/runs/verify/m5-fever-dense-teacher-qwen25/control-safe-hinge/phase2-selected/pilot-I-real/snapshot_evals/step_0008/task_case_dump.jsonl",
  "task_case_dump_rows": 61,
  "training_stage": "shared_injection_snapshot_eval",
  "writer_memory_control": "real",
  "writer_memory_l2": 117.72467803955078,
  "writer_slot_norm_max": 41.62196350097656,
  "writer_slot_norm_mean": 41.62196350097656,
  "writer_slot_norm_std": 0.0
}