{
  "best_adapt_macro_f1": 0.1518987341772152,
  "best_adapt_task_margin": -5.635284892848281,
  "best_adapt_task_score": 0.29508196721311475,
  "checkpoint_path": "/root/autodl-tmp/runs/verify/m4-fever-shared-injection-alignment-qwen25/pooled-block/phase2-selected/pilot-I-real/snapshot_evals/step_0016/checkpoint.pt",
  "dominant_label_fraction": 1.0,
  "label_recall_by_class": {
    "NOT_ENOUGH_INFO": 0.0,
    "REFUTES": 0.0,
    "SUPPORTS": 1.0
  },
  "pilot_arm_alias": "I_real",
  "pilot_support_encoder_mode": "pooled_block",
  "prefix_artifact_stats": {
    "active_prefix_layers": [
      0,
      7,
      14,
      21,
      27
    ],
    "layer_hidden_l2_by_layer": {
      "0": 19.911256790161133,
      "14": 19.482471466064453,
      "21": 19.797420501708984,
      "27": 19.776060104370117,
      "7": 20.443065643310547
    },
    "layer_key_l2_by_layer": {
      "0": 3113.94482421875,
      "14": 85.59225463867188,
      "21": 58.67500686645508,
      "27": 71.02678680419922,
      "7": 141.04222106933594
    },
    "layer_slot_norm_max_by_layer": {
      "0": 7.039575576782227,
      "14": 6.887824058532715,
      "21": 6.999683856964111,
      "27": 6.991811275482178,
      "7": 7.227911472320557
    },
    "layer_slot_norm_mean_by_layer": {
      "0": 7.03957462310791,
      "14": 6.887824058532715,
      "21": 6.999683380126953,
      "27": 6.9918107986450195,
      "7": 7.227911949157715
    },
    "layer_slot_norm_std_by_layer": {
      "0": 5.59141142275621e-07,
      "14": 2.920019426255749e-07,
      "21": 4.460403317807504e-07,
      "27": 4.76837158203125e-07,
      "7": 9.830249609876773e-07
    },
    "layer_value_l2_by_layer": {
      "0": 17.772314071655273,
      "14": 60.60057067871094,
      "21": 75.9259262084961,
      "27": 202.2737579345703,
      "7": 32.240474700927734
    },
    "pilot_injection_mode": "sparse_deep_prefix",
    "pilot_support_encoder_mode": "pooled_block",
    "prefix_l2": 44.46315002441406,
    "prefix_slot_norm_max": 7.227911472320557,
    "prefix_slot_norm_mean": 7.029360771179199,
    "prefix_slot_norm_std": 0.11122044920921326,
    "prefix_tokens": 8.0,
    "support_item_count": 0.0,
    "support_item_hidden_l2": 0.0,
    "support_item_hidden_norm_max": 0.0,
    "support_item_hidden_norm_mean": 0.0,
    "support_item_hidden_norm_std": 0.0,
    "writer_memory_l2": 117.75865936279297,
    "writer_slot_norm_max": 41.63397216796875,
    "writer_slot_norm_mean": 41.633968353271484,
    "writer_slot_norm_std": 2.336015541004599e-06
  },
  "prefix_l2": 44.46315002441406,
  "prefix_slot_norm_max": 7.227911472320557,
  "prefix_slot_norm_mean": 7.029360771179199,
  "prefix_slot_norm_std": 0.11122044920921326,
  "prefix_tokens": 8,
  "prompt_variant": "answer_slot_labels",
  "shared_injection_arm": "injected",
  "step": 16,
  "support_item_count": 0.0,
  "support_item_hidden_l2": 0.0,
  "support_item_hidden_norm_max": 0.0,
  "support_item_hidden_norm_mean": 0.0,
  "support_item_hidden_norm_std": 0.0,
  "support_serialization_variant": "triad_curated6",
  "support_text_block_chars": 1301,
  "task_case_dump_path": "/root/autodl-tmp/runs/verify/m4-fever-shared-injection-alignment-qwen25/pooled-block/phase2-selected/pilot-I-real/snapshot_evals/step_0016/task_case_dump.jsonl",
  "task_case_dump_rows": 61,
  "training_stage": "shared_injection_snapshot_eval",
  "writer_memory_control": "real",
  "writer_memory_l2": 117.75865936279297,
  "writer_slot_norm_max": 41.63397216796875,
  "writer_slot_norm_mean": 41.633968353271484,
  "writer_slot_norm_std": 2.336015541004599e-06
}