{
  "best_adapt_macro_f1": 0.1518987341772152,
  "best_adapt_task_margin": -3.963267373256996,
  "best_adapt_task_score": 0.29508196721311475,
  "checkpoint_path": "/root/autodl-tmp/runs/verify/tl-poc-fever-qwen25/tl-h4-k8/phase2-selected/pilot-I-real/snapshot_evals/step_0004/checkpoint.pt",
  "dominant_label_fraction": 1.0,
  "label_recall_by_class": {
    "NOT_ENOUGH_INFO": 0.0,
    "REFUTES": 0.0,
    "SUPPORTS": 1.0
  },
  "memory_long_l2": 117.72300720214844,
  "memory_long_slot_norm_max": 41.62136459350586,
  "memory_long_slot_norm_mean": 41.62136459350586,
  "memory_long_slot_norm_std": 0.0,
  "memory_long_slots": 8.0,
  "memory_short_l2": 110.86315029957255,
  "memory_short_pairwise_cosine_mean": 0.9997028884340505,
  "memory_short_slot_norm_max": 39.19605029997278,
  "memory_short_slot_norm_mean": 39.196041920146,
  "memory_short_slot_norm_std": 6.047690103663566e-06,
  "memory_short_slots": 8.0,
  "pilot_arm_alias": "I_real",
  "pilot_fuser_short_slots": 8.0,
  "pilot_memory_path_variant": "two_level",
  "pilot_projector_token_source": "short_slots",
  "pilot_reader_context_mode": "prompt_summary",
  "pilot_reader_num_queries": 4.0,
  "pilot_support_encoder_mode": "structured_support_set",
  "prefix_artifact_stats": {
    "active_prefix_layers": [
      0.0,
      7.0,
      14.0,
      21.0,
      27.0
    ],
    "layer_hidden_l2_by_layer": {
      "0": 30.118591652541863,
      "14": 30.00782750864498,
      "21": 30.662280223408683,
      "27": 31.49100606949603,
      "7": 30.230255814849354
    },
    "layer_key_l2_by_layer": {
      "0": 3118.6861272092724,
      "14": 87.64568779116772,
      "21": 55.049246303370744,
      "27": 57.66985996433946,
      "7": 142.71514317246735
    },
    "layer_slot_norm_max_by_layer": {
      "0": 10.667385679776551,
      "14": 10.62951292757128,
      "21": 10.86029471725714,
      "27": 11.154255194742172,
      "7": 10.70743829695905
    },
    "layer_slot_norm_mean_by_layer": {
      "0": 10.648594043293937,
      "14": 10.609422511741764,
      "21": 10.840785745714532,
      "27": 11.13381700046727,
      "7": 10.687997192632956
    },
    "layer_slot_norm_std_by_layer": {
      "0": 0.01357958760478946,
      "14": 0.013569433303152929,
      "21": 0.014012590936217153,
      "27": 0.01440042530598699,
      "7": 0.013751759148034894
    },
    "layer_value_l2_by_layer": {
      "0": 19.243537246203815,
      "14": 61.5700150161493,
      "21": 68.0547058855901,
      "27": 180.25037846799756,
      "7": 34.64360840594182
    },
    "memory_long_l2": 117.72300720214844,
    "memory_long_slot_norm_max": 41.62136459350586,
    "memory_long_slot_norm_mean": 41.62136459350586,
    "memory_long_slot_norm_std": 0.0,
    "memory_long_slots": 8.0,
    "memory_short_l2": 110.86315029957255,
    "memory_short_pairwise_cosine_mean": 0.9997028884340505,
    "memory_short_slot_norm_max": 39.19605029997278,
    "memory_short_slot_norm_mean": 39.196041920146,
    "memory_short_slot_norm_std": 6.047690103663566e-06,
    "memory_short_slots": 8.0,
    "pilot_injection_mode": "sparse_deep_prefix",
    "pilot_memory_path_variant": "two_level",
    "pilot_projector_token_source": "short_slots",
    "pilot_support_encoder_mode": "structured_support_set",
    "prefix_l2": 68.21560693959721,
    "prefix_slot_norm_max": 11.154255194742172,
    "prefix_slot_norm_mean": 10.784123170571249,
    "prefix_slot_norm_std": 0.1922158054152473,
    "prefix_tokens": 8.0,
    "reader_attention_entropy_max": 2.079441547393799,
    "reader_attention_entropy_mean": 2.079441547393799,
    "reader_attention_entropy_min": 2.079441547393799,
    "reader_attention_pairwise_cosine_mean": 1.0,
    "reader_num_queries": 4.0,
    "reader_query_entropy_by_query": [
      2.079441547393799,
      2.079441547393799,
      2.079441547393799,
      2.079441547393799
    ],
    "reader_slot_count": 8.0,
    "reader_slot_coverage_fraction": 0.4672131147540984,
    "support_item_count": 6.0,
    "support_item_hidden_l2": 96.0993423461914,
    "support_item_hidden_norm_max": 39.23414993286133,
    "support_item_hidden_norm_mean": 39.23239517211914,
    "support_item_hidden_norm_std": 0.0013709631748497486,
    "writer_memory_l2": 117.72300720214844,
    "writer_slot_norm_max": 41.62136459350586,
    "writer_slot_norm_mean": 41.62136459350586,
    "writer_slot_norm_std": 0.0
  },
  "prefix_l2": 68.21560693959721,
  "prefix_slot_norm_max": 11.154255194742172,
  "prefix_slot_norm_mean": 10.784123170571249,
  "prefix_slot_norm_std": 0.1922158054152473,
  "prefix_tokens": 8,
  "prompt_variant": "answer_slot_labels",
  "reader_attention_entropy_max": 2.079441547393799,
  "reader_attention_entropy_mean": 2.079441547393799,
  "reader_attention_entropy_min": 2.079441547393799,
  "reader_attention_pairwise_cosine_mean": 1.0,
  "reader_num_queries": 4.0,
  "reader_slot_count": 8.0,
  "reader_slot_coverage_fraction": 0.4672131147540984,
  "shared_injection_arm": "injected",
  "step": 4,
  "support_item_count": 6.0,
  "support_item_hidden_l2": 96.0993423461914,
  "support_item_hidden_norm_max": 39.23414993286133,
  "support_item_hidden_norm_mean": 39.23239517211914,
  "support_item_hidden_norm_std": 0.0013709631748497486,
  "support_serialization_variant": "triad_curated6",
  "support_text_block_chars": 1301,
  "task_case_dump_path": "/root/autodl-tmp/runs/verify/tl-poc-fever-qwen25/tl-h4-k8/phase2-selected/pilot-I-real/snapshot_evals/step_0004/task_case_dump.jsonl",
  "task_case_dump_rows": 61,
  "training_stage": "shared_injection_snapshot_eval",
  "writer_memory_control": "real",
  "writer_memory_l2": 117.72300720214844,
  "writer_slot_norm_max": 41.62136459350586,
  "writer_slot_norm_mean": 41.62136459350586,
  "writer_slot_norm_std": 0.0
}