{
  "best_adapt_macro_f1": 0.1518987341772152,
  "best_adapt_task_margin": -2.5114493682736256,
  "best_adapt_task_score": 0.29508196721311475,
  "checkpoint_path": "/root/autodl-tmp/runs/verify/tl-poc-fever-qwen25/tl-h4-k8/phase2-selected/pilot-I-shuffle/snapshot_evals/step_0002/checkpoint.pt",
  "dominant_label_fraction": 1.0,
  "label_recall_by_class": {
    "NOT_ENOUGH_INFO": 0.0,
    "REFUTES": 0.0,
    "SUPPORTS": 1.0
  },
  "memory_long_l2": 117.72407531738281,
  "memory_long_slot_norm_max": 41.621742248535156,
  "memory_long_slot_norm_mean": 41.62173843383789,
  "memory_long_slot_norm_std": 2.6973982585332124e-06,
  "memory_long_slots": 8.0,
  "memory_short_l2": 110.85704703409164,
  "memory_short_pairwise_cosine_mean": 0.9995973921212994,
  "memory_short_slot_norm_max": 39.19389230696881,
  "memory_short_slot_norm_mean": 39.19388617843878,
  "memory_short_slot_norm_std": 4.359685683502008e-06,
  "memory_short_slots": 8.0,
  "pilot_arm_alias": "I_shuffle",
  "pilot_fuser_short_slots": 8.0,
  "pilot_memory_path_variant": "two_level",
  "pilot_projector_token_source": "short_slots",
  "pilot_reader_context_mode": "prompt_summary",
  "pilot_reader_num_queries": 4.0,
  "pilot_support_encoder_mode": "structured_support_set",
  "prefix_artifact_stats": {
    "active_prefix_layers": [
      0.0,
      7.0,
      14.0,
      21.0,
      27.0
    ],
    "layer_hidden_l2_by_layer": {
      "0": 17.23605812573042,
      "14": 17.546320211691935,
      "21": 17.625208932845318,
      "27": 17.87951744579878,
      "7": 17.919121320130394
    },
    "layer_key_l2_by_layer": {
      "0": 3117.825291367828,
      "14": 79.04911441490299,
      "21": 51.23765695290487,
      "27": 59.017076148361454,
      "7": 142.05916057649205
    },
    "layer_slot_norm_max_by_layer": {
      "0": 6.110300134439937,
      "14": 6.221026725456363,
      "21": 6.248903305804143,
      "27": 6.339567575298372,
      "7": 6.3542134175535105
    },
    "layer_slot_norm_mean_by_layer": {
      "0": 6.09389087802074,
      "14": 6.203585257295702,
      "21": 6.231444999819896,
      "27": 6.321394545132996,
      "7": 6.335410798182253
    },
    "layer_slot_norm_std_by_layer": {
      "0": 0.011785056151938244,
      "14": 0.012117022724791628,
      "21": 0.01193290370226395,
      "27": 0.01228856967120874,
      "7": 0.012544671409442777
    },
    "layer_value_l2_by_layer": {
      "0": 17.924432879588643,
      "14": 64.09493962272269,
      "21": 68.41655118348169,
      "27": 190.3882308709817,
      "7": 30.37453951601122
    },
    "memory_long_l2": 117.72407531738281,
    "memory_long_slot_norm_max": 41.621742248535156,
    "memory_long_slot_norm_mean": 41.62173843383789,
    "memory_long_slot_norm_std": 2.6973982585332124e-06,
    "memory_long_slots": 8.0,
    "memory_short_l2": 110.85704703409164,
    "memory_short_pairwise_cosine_mean": 0.9995973921212994,
    "memory_short_slot_norm_max": 39.19389230696881,
    "memory_short_slot_norm_mean": 39.19388617843878,
    "memory_short_slot_norm_std": 4.359685683502008e-06,
    "memory_short_slots": 8.0,
    "pilot_injection_mode": "sparse_deep_prefix",
    "pilot_memory_path_variant": "two_level",
    "pilot_projector_token_source": "short_slots",
    "pilot_support_encoder_mode": "structured_support_set",
    "prefix_l2": 39.45115148825724,
    "prefix_slot_norm_max": 6.354885023148333,
    "prefix_slot_norm_mean": 6.237145251915103,
    "prefix_slot_norm_std": 0.0886005521064899,
    "prefix_tokens": 8.0,
    "reader_attention_entropy_max": 2.079441547393799,
    "reader_attention_entropy_mean": 2.079441547393799,
    "reader_attention_entropy_min": 2.079441547393799,
    "reader_attention_pairwise_cosine_mean": 1.0,
    "reader_num_queries": 4.0,
    "reader_query_entropy_by_query": [
      2.079441547393799,
      2.079441547393799,
      2.079441547393799,
      2.079441547393799
    ],
    "reader_slot_count": 8.0,
    "reader_slot_coverage_fraction": 0.4098360655737705,
    "support_item_count": 6.0,
    "support_item_hidden_l2": 96.09918212890625,
    "support_item_hidden_norm_max": 39.233909606933594,
    "support_item_hidden_norm_mean": 39.23232650756836,
    "support_item_hidden_norm_std": 0.0014969223411753774,
    "writer_memory_l2": 117.72407531738281,
    "writer_slot_norm_max": 41.621742248535156,
    "writer_slot_norm_mean": 41.62173843383789,
    "writer_slot_norm_std": 2.6973982585332124e-06
  },
  "prefix_l2": 39.45115148825724,
  "prefix_slot_norm_max": 6.354885023148333,
  "prefix_slot_norm_mean": 6.237145251915103,
  "prefix_slot_norm_std": 0.0886005521064899,
  "prefix_tokens": 8,
  "prompt_variant": "answer_slot_labels",
  "reader_attention_entropy_max": 2.079441547393799,
  "reader_attention_entropy_mean": 2.079441547393799,
  "reader_attention_entropy_min": 2.079441547393799,
  "reader_attention_pairwise_cosine_mean": 1.0,
  "reader_num_queries": 4.0,
  "reader_slot_count": 8.0,
  "reader_slot_coverage_fraction": 0.4098360655737705,
  "shared_injection_arm": "injected",
  "step": 2,
  "support_item_count": 6.0,
  "support_item_hidden_l2": 96.09918212890625,
  "support_item_hidden_norm_max": 39.233909606933594,
  "support_item_hidden_norm_mean": 39.23232650756836,
  "support_item_hidden_norm_std": 0.0014969223411753774,
  "support_serialization_variant": "triad_curated6",
  "support_text_block_chars": 1415,
  "task_case_dump_path": "/root/autodl-tmp/runs/verify/tl-poc-fever-qwen25/tl-h4-k8/phase2-selected/pilot-I-shuffle/snapshot_evals/step_0002/task_case_dump.jsonl",
  "task_case_dump_rows": 61,
  "training_stage": "shared_injection_snapshot_eval",
  "writer_memory_control": "shuffled",
  "writer_memory_l2": 117.72407531738281,
  "writer_slot_norm_max": 41.621742248535156,
  "writer_slot_norm_mean": 41.62173843383789,
  "writer_slot_norm_std": 2.6973982585332124e-06
}