{
  "answer_logprob_with_memory": 0.0,
  "answer_logprob_without_memory": 0.0,
  "best_adapt_exact_match": 0.3333333333333333,
  "best_adapt_macro_f1": 0.17777777777777778,
  "best_adapt_task_margin": -1.589754343032837,
  "best_adapt_task_score": 0.3333333333333333,
  "checkpoint_path": "/root/mydir/MemTOTAL/runs/review/planv6-v6-0-dryrun/snapshot_evals/step_0000/checkpoint.pt",
  "competitor_prefix_attention_mass_mean": 0.0019039208624841801,
  "delta_answer_logprob": 0.0,
  "dominant_label_fraction": 0.9166666666666666,
  "fuser_diversity_without_semantic_gain_flag": 0.0,
  "fuser_input_effective_rank": 0.0,
  "fuser_input_pairwise_cosine_mean": 0.0,
  "fuser_linear_output_singular_value_top1": 0.0,
  "fuser_linear_output_singular_value_top2": 0.0,
  "fuser_linear_output_singular_value_top3": 0.0,
  "fuser_output_effective_rank": 1.2036455869674683,
  "fuser_output_pairwise_cosine_mean": 0.9998545447985331,
  "fuser_rank_gain_over_readout": 1.2036455869674683,
  "fuser_short_query_pairwise_cosine_mean": 0.0,
  "gold_prefix_attention_mass_mean": 0.0018039225881996874,
  "label_recall_by_class": {
    "NOT_ENOUGH_INFO": 0.0,
    "REFUTES": 0.0,
    "SUPPORTS": 1.0
  },
  "memory_long_centered_effective_rank": 6.9166808525721235,
  "memory_long_centered_top1_top2_ratio": 1.0654510687119438,
  "memory_long_common_mode_energy_ratio": 0.9998726695775986,
  "memory_long_common_mode_vector_l2": 39.18914286295573,
  "memory_long_l2": 110.8506851196289,
  "memory_long_pairwise_cosine_mean": 0.9998544802268347,
  "memory_long_singular_value_top1": 110.84363492329915,
  "memory_long_singular_value_top2": 0.5835147251685461,
  "memory_long_singular_value_top3": 0.5478501071532568,
  "memory_long_slot_energy_cv": 8.319901482259392e-08,
  "memory_long_slot_energy_histogram_max": 1535.9846293131511,
  "memory_long_slot_energy_histogram_min": 1535.9843139648438,
  "memory_long_slot_norm_histogram_max": 39.19164148966471,
  "memory_long_slot_norm_histogram_min": 39.19163513183594,
  "memory_long_slot_norm_max": 39.19164148966471,
  "memory_long_slot_norm_mean": 39.19163799285889,
  "memory_long_slot_norm_std": 3.112494766810414e-06,
  "memory_long_slot_variance_cv": 6.670192116309551e-08,
  "memory_long_slots": 8.0,
  "memory_long_top1_top2_ratio": 190.2990302101133,
  "memory_short_l2": 110.8506851196289,
  "memory_short_pairwise_cosine_mean": 0.9998545447985331,
  "memory_short_slot_norm_max": 39.19164148966471,
  "memory_short_slot_norm_mean": 39.19163799285889,
  "memory_short_slot_norm_std": 3.112494766810414e-06,
  "memory_short_slots": 8.0,
  "pilot_arm_alias": "V6_probe_dryrun",
  "pilot_fuser_short_slots": 8.0,
  "pilot_memory_path_variant": "single_level",
  "pilot_projector_token_source": "writer_slots",
  "pilot_reader_context_mode": "prompt_summary",
  "pilot_reader_num_queries": 0.0,
  "pilot_support_encoder_mode": "structured_support_set",
  "prefix_artifact_stats": {
    "active_prefix_layers": [
      0.0,
      1.0,
      2.0,
      3.0
    ],
    "fuser_diversity_without_semantic_gain_flag": 0.0,
    "fuser_input_effective_rank": 0.0,
    "fuser_input_pairwise_cosine_mean": 0.0,
    "fuser_linear_output_singular_value_top1": 0.0,
    "fuser_linear_output_singular_value_top2": 0.0,
    "fuser_linear_output_singular_value_top3": 0.0,
    "fuser_output_effective_rank": 1.2036455869674683,
    "fuser_output_pairwise_cosine_mean": 0.9998545447985331,
    "fuser_rank_gain_over_readout": 1.2036455869674683,
    "fuser_short_query_pairwise_cosine_mean": 0.0,
    "layer_hidden_l2_by_layer": {
      "0": 38.50463676452637,
      "1": 49.96222114562988,
      "2": 60.77092138926188,
      "3": 72.38049761454265
    },
    "layer_key_l2_by_layer": {
      "0": 3121.4440307617188,
      "1": 443.0454584757487,
      "2": 113.63246536254883,
      "3": 93.0075117746989
    },
    "layer_slot_norm_max_by_layer": {
      "0": 14.360699892044067,
      "1": 18.816741784413654,
      "2": 23.755158583323162,
      "3": 27.721139430999756
    },
    "layer_slot_norm_mean_by_layer": {
      "0": 13.592717488606771,
      "1": 17.646526495615642,
      "2": 21.449233055114746,
      "3": 25.539505163828533
    },
    "layer_slot_norm_std_by_layer": {
      "0": 0.763115644454956,
      "1": 0.7727857530117035,
      "2": 1.2656922737757366,
      "3": 1.6397840082645416
    },
    "layer_value_l2_by_layer": {
      "0": 25.43653964996338,
      "1": 12.964001655578613,
      "2": 21.119800567626953,
      "3": 22.177979469299316
    },
    "memory_long_centered_effective_rank": 6.9166808525721235,
    "memory_long_centered_top1_top2_ratio": 1.0654510687119438,
    "memory_long_common_mode_energy_ratio": 0.9998726695775986,
    "memory_long_common_mode_vector_l2": 39.18914286295573,
    "memory_long_l2": 110.8506851196289,
    "memory_long_pairwise_cosine_mean": 0.9998544802268347,
    "memory_long_singular_value_top1": 110.84363492329915,
    "memory_long_singular_value_top2": 0.5835147251685461,
    "memory_long_singular_value_top3": 0.5478501071532568,
    "memory_long_slot_energy_cv": 8.319901482259392e-08,
    "memory_long_slot_energy_histogram_counts": [
      2.25,
      0.5,
      2.5833333333333335,
      2.6666666666666665
    ],
    "memory_long_slot_energy_histogram_max": 1535.9846293131511,
    "memory_long_slot_energy_histogram_min": 1535.9843139648438,
    "memory_long_slot_norm_histogram_counts": [
      3.0,
      0.0,
      2.5833333333333335,
      2.4166666666666665
    ],
    "memory_long_slot_norm_histogram_max": 39.19164148966471,
    "memory_long_slot_norm_histogram_min": 39.19163513183594,
    "memory_long_slot_norm_max": 39.19164148966471,
    "memory_long_slot_norm_mean": 39.19163799285889,
    "memory_long_slot_norm_std": 3.112494766810414e-06,
    "memory_long_slot_variance_cv": 6.670192116309551e-08,
    "memory_long_slots": 8.0,
    "memory_long_top1_top2_ratio": 190.2990302101133,
    "memory_short_l2": 110.8506851196289,
    "memory_short_pairwise_cosine_mean": 0.9998545447985331,
    "memory_short_slot_norm_max": 39.19164148966471,
    "memory_short_slot_norm_mean": 39.19163799285889,
    "memory_short_slot_norm_std": 3.112494766810414e-06,
    "memory_short_slots": 8.0,
    "pilot_deep_prefix_init_mode": "kv_stat_match",
    "pilot_injection_mode": "sparse_deep_prefix",
    "pilot_memory_path_variant": "single_level",
    "pilot_prefix_source_mode": "writer",
    "pilot_projector_token_source": "writer_slots",
    "pilot_support_encoder_mode": "structured_support_set",
    "prefix_l2": 113.62984720865886,
    "prefix_slot_norm_max": 27.721139430999756,
    "prefix_slot_norm_mean": 19.556995550791424,
    "prefix_slot_norm_std": 4.584319194157918,
    "prefix_tokens": 8.0,
    "projected_memory_effective_rank": 21.15491755803426,
    "reader_argmax_mass_mean": 0.0,
    "reader_argmax_mass_std": 0.0,
    "reader_attention_entropy_max": 0.0,
    "reader_attention_entropy_mean": 0.0,
    "reader_attention_entropy_min": 0.0,
    "reader_attention_pairwise_cosine_mean": 0.0,
    "reader_base_query_norm_mean": 0.0,
    "reader_base_query_pairwise_cosine_mean": 0.0,
    "reader_conditioned_query_norm_mean": 0.0,
    "reader_conditioned_query_pairwise_cosine_mean": 0.0,
    "reader_context_overwrite_ratio": 0.0,
    "reader_context_shift_norm_mean": 0.0,
    "reader_num_queries": 0.0,
    "reader_qk_logit_mean": 0.0,
    "reader_qk_logit_pairwise_cosine_mean": 0.0,
    "reader_qk_logit_range": 0.0,
    "reader_qk_logit_std": 0.0,
    "reader_query_entropy_by_query": [],
    "reader_query_to_slot_top1_agreement_rate": 0.0,
    "reader_query_to_slot_top2_coverage_fraction": 0.0,
    "reader_readout_centered_effective_rank": 0.0,
    "reader_readout_effective_rank": 0.0,
    "reader_readout_pairwise_cosine_mean": 0.0,
    "reader_slot_count": 8.0,
    "reader_slot_coverage_fraction": 0.0,
    "reader_value_projected_effective_rank": 0.0,
    "reader_value_projected_pairwise_cosine_mean": 0.0,
    "support_item_count": 6.0,