{
  "best_adapt_macro_f1": 0.34598792062122524,
  "best_adapt_task_margin": -1.7936862414000465,
  "best_adapt_task_score": 0.4098360655737705,
  "checkpoint_path": "/root/autodl-tmp/runs/verify/m5-fever-writer-objective-rewrite-qwen25/canonical/phase2-selected/pilot-I-shuffle/snapshot_evals/step_0008/checkpoint.pt",
  "dominant_label_fraction": 0.7049180327868853,
  "label_recall_by_class": {
    "NOT_ENOUGH_INFO": 0.0,
    "REFUTES": 0.55,
    "SUPPORTS": 0.7777777777777778
  },
  "pilot_arm_alias": "I_shuffle",
  "pilot_support_encoder_mode": "structured_support_set",
  "prefix_artifact_stats": {
    "active_prefix_layers": [
      0,
      7,
      14,
      21,
      27
    ],
    "layer_hidden_l2_by_layer": {
      "0": 29.47527503967285,
      "14": 28.44061851501465,
      "21": 29.777477264404297,
      "27": 29.45775604248047,
      "7": 28.717309951782227
    },
    "layer_key_l2_by_layer": {
      "0": 3115.862060546875,
      "14": 96.7529296875,
      "21": 59.8662223815918,
      "27": 79.59380340576172,
      "7": 150.46533203125
    },
    "layer_slot_norm_max_by_layer": {
      "0": 10.420187950134277,
      "14": 10.05540943145752,
      "21": 10.527837753295898,
      "27": 10.414191246032715,
      "7": 10.152384757995605
    },
    "layer_slot_norm_mean_by_layer": {
      "0": 10.420187950134277,
      "14": 10.05540943145752,
      "21": 10.527837753295898,
      "27": 10.414191246032715,
      "7": 10.152382850646973
    },
    "layer_slot_norm_std_by_layer": {
      "0": 4.76837158203125e-07,
      "14": 6.743495646333031e-07,
      "21": 8.920806635615008e-07,
      "27": 4.76837158203125e-07,
      "7": 8.259061701210157e-07
    },
    "layer_value_l2_by_layer": {
      "0": 21.737642288208008,
      "14": 78.14957427978516,
      "21": 76.26268005371094,
      "27": 220.0281524658203,
      "7": 43.176509857177734
    },
    "pilot_injection_mode": "sparse_deep_prefix",
    "pilot_support_encoder_mode": "structured_support_set",
    "prefix_l2": 65.2413101196289,
    "prefix_slot_norm_max": 10.527837753295898,
    "prefix_slot_norm_mean": 10.314001083374023,
    "prefix_slot_norm_std": 0.17890189588069916,
    "prefix_tokens": 8.0,
    "support_item_count": 6.0,
    "support_item_hidden_l2": 96.0962142944336,
    "support_item_hidden_norm_max": 39.232749938964844,
    "support_item_hidden_norm_mean": 39.23112106323242,
    "support_item_hidden_norm_std": 0.0015025356551632285,
    "writer_memory_l2": 117.72557830810547,
    "writer_slot_norm_max": 41.62228775024414,
    "writer_slot_norm_mean": 41.62228775024414,
    "writer_slot_norm_std": 1.3486991292666062e-06
  },
  "prefix_l2": 65.2413101196289,
  "prefix_slot_norm_max": 10.527837753295898,
  "prefix_slot_norm_mean": 10.314001083374023,
  "prefix_slot_norm_std": 0.17890189588069916,
  "prefix_tokens": 8,
  "prompt_variant": "answer_slot_labels",
  "shared_injection_arm": "injected",
  "step": 8,
  "support_item_count": 6.0,
  "support_item_hidden_l2": 96.0962142944336,
  "support_item_hidden_norm_max": 39.232749938964844,
  "support_item_hidden_norm_mean": 39.23112106323242,
  "support_item_hidden_norm_std": 0.0015025356551632285,
  "support_serialization_variant": "triad_curated6",
  "support_text_block_chars": 1415,
  "task_case_dump_path": "/root/autodl-tmp/runs/verify/m5-fever-writer-objective-rewrite-qwen25/canonical/phase2-selected/pilot-I-shuffle/snapshot_evals/step_0008/task_case_dump.jsonl",
  "task_case_dump_rows": 61,
  "training_stage": "shared_injection_snapshot_eval",
  "writer_memory_control": "shuffled",
  "writer_memory_l2": 117.72557830810547,
  "writer_slot_norm_max": 41.62228775024414,
  "writer_slot_norm_mean": 41.62228775024414,
  "writer_slot_norm_std": 1.3486991292666062e-06
}