{
  "best_adapt_macro_f1": 0.1518987341772152,
  "best_adapt_task_margin": -2.5718081583742234,
  "best_adapt_task_score": 0.29508196721311475,
  "checkpoint_path": "/root/autodl-tmp/runs/verify/tl-poc-fever-qwen25/tl-h4-k4/phase2-selected/pilot-I-shuffle/snapshot_evals/step_0002/checkpoint.pt",
  "dominant_label_fraction": 1.0,
  "label_recall_by_class": {
    "NOT_ENOUGH_INFO": 0.0,
    "REFUTES": 0.0,
    "SUPPORTS": 1.0
  },
  "memory_long_l2": 117.72905731201172,
  "memory_long_slot_norm_max": 41.62350845336914,
  "memory_long_slot_norm_mean": 41.623504638671875,
  "memory_long_slot_norm_std": 2.336015541004599e-06,
  "memory_long_slots": 8.0,
  "memory_short_l2": 78.38797559894499,
  "memory_short_pairwise_cosine_mean": 0.999655484176073,
  "memory_short_slot_norm_max": 39.19399117641762,
  "memory_short_slot_norm_mean": 39.19398829976066,
  "memory_short_slot_norm_std": 2.8197287997127353e-06,
  "memory_short_slots": 4.0,
  "pilot_arm_alias": "I_shuffle",
  "pilot_fuser_short_slots": 4.0,
  "pilot_memory_path_variant": "two_level",
  "pilot_projector_token_source": "short_slots",
  "pilot_reader_context_mode": "prompt_summary",
  "pilot_reader_num_queries": 4.0,
  "pilot_support_encoder_mode": "structured_support_set",
  "prefix_artifact_stats": {
    "active_prefix_layers": [
      0.0,
      7.0,
      14.0,
      21.0,
      27.0
    ],
    "layer_hidden_l2_by_layer": {
      "0": 11.473719080940622,
      "14": 11.780363223591788,
      "21": 11.360585400315582,
      "27": 11.29718098874952,
      "7": 11.06404001204694
    },
    "layer_key_l2_by_layer": {
      "0": 2205.444680135758,
      "14": 57.88299429221232,
      "21": 41.595029111768376,
      "27": 56.46626100383821,
      "7": 102.59762985979924
    },
    "layer_slot_norm_max_by_layer": {
      "0": 5.743688294144928,
      "14": 5.896964182619189,
      "21": 5.687078452501141,
      "27": 5.655059869172143,
      "7": 5.538276828703333
    },
    "layer_slot_norm_mean_by_layer": {
      "0": 5.736803336221664,
      "14": 5.890231914207583,
      "21": 5.680306450265353,
      "27": 5.648613171499283,
      "7": 5.5320026835457226
    },
    "layer_slot_norm_std_by_layer": {
      "0": 0.006583785913029655,
      "14": 0.006319789635780893,
      "21": 0.006370723186457743,
      "27": 0.005916526877000684,
      "7": 0.005796064950953253
    },
    "layer_value_l2_by_layer": {
      "0": 12.39923517821265,
      "14": 44.1385380479156,
      "21": 46.91676862122583,
      "27": 142.19495579453766,
      "7": 22.9095585619817
    },
    "memory_long_l2": 117.72905731201172,
    "memory_long_slot_norm_max": 41.62350845336914,
    "memory_long_slot_norm_mean": 41.623504638671875,
    "memory_long_slot_norm_std": 2.336015541004599e-06,
    "memory_long_slots": 8.0,
    "memory_short_l2": 78.38797559894499,
    "memory_short_pairwise_cosine_mean": 0.999655484176073,
    "memory_short_slot_norm_max": 39.19399117641762,
    "memory_short_slot_norm_mean": 39.19398829976066,
    "memory_short_slot_norm_std": 2.8197287997127353e-06,
    "memory_short_slots": 4.0,
    "pilot_injection_mode": "sparse_deep_prefix",
    "pilot_memory_path_variant": "two_level",
    "pilot_projector_token_source": "short_slots",
    "pilot_support_encoder_mode": "structured_support_set",
    "prefix_l2": 25.485816986834415,
    "prefix_slot_norm_max": 5.896964182619189,
    "prefix_slot_norm_mean": 5.697591500204117,
    "prefix_slot_norm_std": 0.11746156875227319,
    "prefix_tokens": 4.0,
    "reader_attention_entropy_max": 2.079441547393799,
    "reader_attention_entropy_mean": 2.079441547393799,
    "reader_attention_entropy_min": 2.079441547393799,
    "reader_attention_pairwise_cosine_mean": 1.0,
    "reader_num_queries": 4.0,
    "reader_query_entropy_by_query": [
      2.079441547393799,
      2.079441547393799,
      2.079441547393799,
      2.079441547393799
    ],
    "reader_slot_count": 8.0,
    "reader_slot_coverage_fraction": 0.5102459016393442,
    "support_item_count": 6.0,
    "support_item_hidden_l2": 96.09935760498047,
    "support_item_hidden_norm_max": 39.233924865722656,
    "support_item_hidden_norm_mean": 39.23239517211914,
    "support_item_hidden_norm_std": 0.001447104150429368,
    "writer_memory_l2": 117.72905731201172,
    "writer_slot_norm_max": 41.62350845336914,
    "writer_slot_norm_mean": 41.623504638671875,
    "writer_slot_norm_std": 2.336015541004599e-06
  },
  "prefix_l2": 25.485816986834415,
  "prefix_slot_norm_max": 5.896964182619189,
  "prefix_slot_norm_mean": 5.697591500204117,
  "prefix_slot_norm_std": 0.11746156875227319,
  "prefix_tokens": 4,
  "prompt_variant": "answer_slot_labels",
  "reader_attention_entropy_max": 2.079441547393799,
  "reader_attention_entropy_mean": 2.079441547393799,
  "reader_attention_entropy_min": 2.079441547393799,
  "reader_attention_pairwise_cosine_mean": 1.0,
  "reader_num_queries": 4.0,
  "reader_slot_count": 8.0,
  "reader_slot_coverage_fraction": 0.5102459016393442,
  "shared_injection_arm": "injected",
  "step": 2,
  "support_item_count": 6.0,
  "support_item_hidden_l2": 96.09935760498047,
  "support_item_hidden_norm_max": 39.233924865722656,
  "support_item_hidden_norm_mean": 39.23239517211914,
  "support_item_hidden_norm_std": 0.001447104150429368,
  "support_serialization_variant": "triad_curated6",
  "support_text_block_chars": 1415,
  "task_case_dump_path": "/root/autodl-tmp/runs/verify/tl-poc-fever-qwen25/tl-h4-k4/phase2-selected/pilot-I-shuffle/snapshot_evals/step_0002/task_case_dump.jsonl",
  "task_case_dump_rows": 61,
  "training_stage": "shared_injection_snapshot_eval",
  "writer_memory_control": "shuffled",
  "writer_memory_l2": 117.72905731201172,
  "writer_slot_norm_max": 41.62350845336914,
  "writer_slot_norm_mean": 41.623504638671875,
  "writer_slot_norm_std": 2.336015541004599e-06
}