{
  "best_adapt_macro_f1": 0.3175150992234685,
  "best_adapt_task_margin": -1.851807219083192,
  "best_adapt_task_score": 0.3770491803278688,
  "checkpoint_path": "/root/autodl-tmp/runs/verify/m5-fever-writer-objective-rewrite-qwen25/anchor-only/phase2-selected/pilot-I-real/snapshot_evals/step_0008/checkpoint.pt",
  "dominant_label_fraction": 0.7049180327868853,
  "label_recall_by_class": {
    "NOT_ENOUGH_INFO": 0.0,
    "REFUTES": 0.5,
    "SUPPORTS": 0.7222222222222222
  },
  "pilot_arm_alias": "I_real",
  "pilot_support_encoder_mode": "structured_support_set",
  "prefix_artifact_stats": {
    "active_prefix_layers": [
      0,
      7,
      14,
      21,
      27
    ],
    "layer_hidden_l2_by_layer": {
      "0": 29.46385955810547,
      "14": 28.34662437438965,
      "21": 29.794893264770508,
      "27": 29.430665969848633,
      "7": 28.777902603149414
    },
    "layer_key_l2_by_layer": {
      "0": 3116.091552734375,
      "14": 97.19818878173828,
      "21": 60.068355560302734,
      "27": 79.76321411132812,
      "7": 150.46849060058594
    },
    "layer_slot_norm_max_by_layer": {
      "0": 10.418289184570312,
      "14": 10.021902084350586,
      "21": 10.53532600402832,
      "27": 10.404520034790039,
      "7": 10.173439025878906
    },
    "layer_slot_norm_mean_by_layer": {
      "0": 10.418289184570312,
      "14": 10.021902084350586,
      "21": 10.535325050354004,
      "27": 10.404519081115723,
      "7": 10.173439025878906
    },
    "layer_slot_norm_std_by_layer": {
      "0": 8.259061701210157e-07,
      "14": 5.840038852511498e-07,
      "21": 8.259061701210157e-07,
      "27": 3.3717478231665154e-07,
      "7": 8.259061701210157e-07
    },
    "layer_value_l2_by_layer": {
      "0": 21.749317169189453,
      "14": 78.98355102539062,
      "21": 76.31421661376953,
      "27": 220.40628051757812,
      "7": 43.269920349121094
    },
    "pilot_injection_mode": "sparse_deep_prefix",
    "pilot_support_encoder_mode": "structured_support_set",
    "prefix_l2": 65.22113800048828,
    "prefix_slot_norm_max": 10.53532600402832,
    "prefix_slot_norm_mean": 10.310693740844727,
    "prefix_slot_norm_std": 0.18605336546897888,
    "prefix_tokens": 8.0,
    "support_item_count": 6.0,
    "support_item_hidden_l2": 96.09573364257812,
    "support_item_hidden_norm_max": 39.232582092285156,
    "support_item_hidden_norm_mean": 39.23091125488281,
    "support_item_hidden_norm_std": 0.0013157526263967156,
    "writer_memory_l2": 117.72591400146484,
    "writer_slot_norm_max": 41.622413635253906,
    "writer_slot_norm_mean": 41.62240982055664,
    "writer_slot_norm_std": 2.6973982585332124e-06
  },
  "prefix_l2": 65.22113800048828,
  "prefix_slot_norm_max": 10.53532600402832,
  "prefix_slot_norm_mean": 10.310693740844727,
  "prefix_slot_norm_std": 0.18605336546897888,
  "prefix_tokens": 8,
  "prompt_variant": "answer_slot_labels",
  "shared_injection_arm": "injected",
  "step": 8,
  "support_item_count": 6.0,
  "support_item_hidden_l2": 96.09573364257812,
  "support_item_hidden_norm_max": 39.232582092285156,
  "support_item_hidden_norm_mean": 39.23091125488281,
  "support_item_hidden_norm_std": 0.0013157526263967156,
  "support_serialization_variant": "triad_curated6",
  "support_text_block_chars": 1301,
  "task_case_dump_path": "/root/autodl-tmp/runs/verify/m5-fever-writer-objective-rewrite-qwen25/anchor-only/phase2-selected/pilot-I-real/snapshot_evals/step_0008/task_case_dump.jsonl",
  "task_case_dump_rows": 61,
  "training_stage": "shared_injection_snapshot_eval",
  "writer_memory_control": "real",
  "writer_memory_l2": 117.72591400146484,
  "writer_slot_norm_max": 41.622413635253906,
  "writer_slot_norm_mean": 41.62240982055664,
  "writer_slot_norm_std": 2.6973982585332124e-06
}