{
  "best_adapt_macro_f1": 0.1518987341772152,
  "best_adapt_task_margin": -4.19185941727435,
  "best_adapt_task_score": 0.29508196721311475,
  "checkpoint_path": "/root/autodl-tmp/runs/verify/tl-poc-fever-qwen25/sl8/phase2-selected/pilot-I-real/snapshot_evals/step_0016/checkpoint.pt",
  "dominant_label_fraction": 1.0,
  "label_recall_by_class": {
    "NOT_ENOUGH_INFO": 0.0,
    "REFUTES": 0.0,
    "SUPPORTS": 1.0
  },
  "memory_long_l2": 117.73746490478516,
  "memory_long_slot_norm_max": 41.6264762878418,
  "memory_long_slot_norm_mean": 41.6264762878418,
  "memory_long_slot_norm_std": 0.0,
  "memory_long_slots": 8.0,
  "memory_short_l2": 117.73746490478516,
  "memory_short_pairwise_cosine_mean": 1.0,
  "memory_short_slot_norm_max": 41.6264762878418,
  "memory_short_slot_norm_mean": 41.6264762878418,
  "memory_short_slot_norm_std": 0.0,
  "memory_short_slots": 8.0,
  "pilot_arm_alias": "I_real",
  "pilot_fuser_short_slots": 8.0,
  "pilot_memory_path_variant": "single_level",
  "pilot_projector_token_source": "writer_slots",
  "pilot_reader_context_mode": "prompt_summary",
  "pilot_reader_num_queries": 0.0,
  "pilot_support_encoder_mode": "structured_support_set",
  "prefix_artifact_stats": {
    "active_prefix_layers": [
      0,
      7,
      14,
      21,
      27
    ],
    "layer_hidden_l2_by_layer": {
      "0": 29.257827758789062,
      "14": 28.600812911987305,
      "21": 29.374435424804688,
      "27": 29.188146591186523,
      "7": 28.027658462524414
    },
    "layer_key_l2_by_layer": {
      "0": 3114.32861328125,
      "14": 94.70640563964844,
      "21": 59.25092315673828,
      "27": 80.56132507324219,
      "7": 150.9583740234375
    },
    "layer_slot_norm_max_by_layer": {
      "0": 10.344134330749512,
      "14": 10.112462997436523,
      "21": 10.386375427246094,
      "27": 10.320100784301758,
      "7": 9.910219192504883
    },
    "layer_slot_norm_mean_by_layer": {
      "0": 10.344132423400879,
      "14": 10.11246395111084,
      "21": 10.386375427246094,
      "27": 10.320099830627441,
      "7": 9.910218238830566
    },
    "layer_slot_norm_std_by_layer": {
      "0": 1.118282284551242e-06,
      "14": 1.118282284551242e-06,
      "21": 0.0,
      "27": 9.5367431640625e-07,
      "7": 7.539457556049456e-07
    },
    "layer_value_l2_by_layer": {
      "0": 21.298336029052734,
      "14": 78.5833740234375,
      "21": 78.46665954589844,
      "27": 220.3894500732422,
      "7": 42.69881820678711
    },
    "memory_long_l2": 117.73746490478516,
    "memory_long_slot_norm_max": 41.6264762878418,
    "memory_long_slot_norm_mean": 41.6264762878418,
    "memory_long_slot_norm_std": 0.0,
    "memory_long_slots": 8.0,
    "memory_short_l2": 117.73746490478516,
    "memory_short_pairwise_cosine_mean": 1.0,
    "memory_short_slot_norm_max": 41.6264762878418,
    "memory_short_slot_norm_mean": 41.6264762878418,
    "memory_short_slot_norm_std": 0.0,
    "memory_short_slots": 8.0,
    "pilot_injection_mode": "sparse_deep_prefix",
    "pilot_memory_path_variant": "single_level",
    "pilot_projector_token_source": "writer_slots",
    "pilot_support_encoder_mode": "structured_support_set",
    "prefix_l2": 64.61315155029297,
    "prefix_slot_norm_max": 10.386375427246094,
    "prefix_slot_norm_mean": 10.214658737182617,
    "prefix_slot_norm_std": 0.17916250228881836,
    "prefix_tokens": 8.0,
    "reader_attention_entropy_max": 0.0,
    "reader_attention_entropy_mean": 0.0,
    "reader_attention_entropy_min": 0.0,
    "reader_attention_pairwise_cosine_mean": 0.0,
    "reader_num_queries": 0.0,
    "reader_query_entropy_by_query": [],
    "reader_slot_count": 8.0,
    "reader_slot_coverage_fraction": 0.0,
    "support_item_count": 6.0,
    "support_item_hidden_l2": 96.10295104980469,
    "support_item_hidden_norm_max": 39.23569869995117,
    "support_item_hidden_norm_mean": 39.23386001586914,
    "support_item_hidden_norm_std": 0.0014356588944792747,
    "writer_memory_l2": 117.73746490478516,
    "writer_slot_norm_max": 41.6264762878418,
    "writer_slot_norm_mean": 41.6264762878418,
    "writer_slot_norm_std": 0.0
  },
  "prefix_l2": 64.61315155029297,
  "prefix_slot_norm_max": 10.386375427246094,
  "prefix_slot_norm_mean": 10.214658737182617,
  "prefix_slot_norm_std": 0.17916250228881836,
  "prefix_tokens": 8,
  "prompt_variant": "answer_slot_labels",
  "reader_attention_entropy_max": 0.0,
  "reader_attention_entropy_mean": 0.0,
  "reader_attention_entropy_min": 0.0,
  "reader_attention_pairwise_cosine_mean": 0.0,
  "reader_num_queries": 0.0,
  "reader_slot_count": 8.0,
  "reader_slot_coverage_fraction": 0.0,
  "shared_injection_arm": "injected",
  "step": 16,
  "support_item_count": 6.0,
  "support_item_hidden_l2": 96.10295104980469,
  "support_item_hidden_norm_max": 39.23569869995117,
  "support_item_hidden_norm_mean": 39.23386001586914,
  "support_item_hidden_norm_std": 0.0014356588944792747,
  "support_serialization_variant": "triad_curated6",
  "support_text_block_chars": 1301,
  "task_case_dump_path": "/root/autodl-tmp/runs/verify/tl-poc-fever-qwen25/sl8/phase2-selected/pilot-I-real/snapshot_evals/step_0016/task_case_dump.jsonl",
  "task_case_dump_rows": 61,
  "training_stage": "shared_injection_snapshot_eval",
  "writer_memory_control": "real",
  "writer_memory_l2": 117.73746490478516,
  "writer_slot_norm_max": 41.6264762878418,
  "writer_slot_norm_mean": 41.6264762878418,
  "writer_slot_norm_std": 0.0
}