{
  "best_adapt_macro_f1": 0.1518987341772152,
  "best_adapt_task_margin": -4.13624213171787,
  "best_adapt_task_score": 0.29508196721311475,
  "checkpoint_path": "/root/autodl-tmp/runs/verify/tl-poc-fever-qwen25/sl8/phase2-selected/pilot-I-shuffle/snapshot_evals/step_0012/checkpoint.pt",
  "dominant_label_fraction": 1.0,
  "label_recall_by_class": {
    "NOT_ENOUGH_INFO": 0.0,
    "REFUTES": 0.0,
    "SUPPORTS": 1.0
  },
  "memory_long_l2": 117.7354965209961,
  "memory_long_slot_norm_max": 41.62577819824219,
  "memory_long_slot_norm_mean": 41.62577819824219,
  "memory_long_slot_norm_std": 0.0,
  "memory_long_slots": 8.0,
  "memory_short_l2": 117.7354965209961,
  "memory_short_pairwise_cosine_mean": 1.0,
  "memory_short_slot_norm_max": 41.62577819824219,
  "memory_short_slot_norm_mean": 41.62577819824219,
  "memory_short_slot_norm_std": 0.0,
  "memory_short_slots": 8.0,
  "pilot_arm_alias": "I_shuffle",
  "pilot_fuser_short_slots": 8.0,
  "pilot_memory_path_variant": "single_level",
  "pilot_projector_token_source": "writer_slots",
  "pilot_reader_context_mode": "prompt_summary",
  "pilot_reader_num_queries": 0.0,
  "pilot_support_encoder_mode": "structured_support_set",
  "prefix_artifact_stats": {
    "active_prefix_layers": [
      0,
      7,
      14,
      21,
      27
    ],
    "layer_hidden_l2_by_layer": {
      "0": 29.322574615478516,
      "14": 28.63631820678711,
      "21": 29.474430084228516,
      "27": 29.32106590270996,
      "7": 28.235925674438477
    },
    "layer_key_l2_by_layer": {
      "0": 3115.939208984375,
      "14": 95.29058074951172,
      "21": 59.70356750488281,
      "27": 81.12504577636719,
      "7": 150.38978576660156
    },
    "layer_slot_norm_max_by_layer": {
      "0": 10.366265296936035,
      "14": 10.125152587890625,
      "21": 10.421601295471191,
      "27": 10.365952491760254,
      "7": 9.982473373413086
    },
    "layer_slot_norm_mean_by_layer": {
      "0": 10.366264343261719,
      "14": 10.125151634216309,
      "21": 10.421600341796875,
      "27": 10.365951538085938,
      "7": 9.982474327087402
    },
    "layer_slot_norm_std_by_layer": {
      "0": 7.539457556049456e-07,
      "14": 8.259061701210157e-07,
      "21": 8.920806635615008e-07,
      "27": 8.259061701210157e-07,
      "7": 1.3902072169003077e-06
    },
    "layer_value_l2_by_layer": {
      "0": 21.350536346435547,
      "14": 78.13623809814453,
      "21": 77.85148620605469,
      "27": 218.94786071777344,
      "7": 43.25764846801758
    },
    "memory_long_l2": 117.7354965209961,
    "memory_long_slot_norm_max": 41.62577819824219,
    "memory_long_slot_norm_mean": 41.62577819824219,
    "memory_long_slot_norm_std": 0.0,
    "memory_long_slots": 8.0,
    "memory_short_l2": 117.7354965209961,
    "memory_short_pairwise_cosine_mean": 1.0,
    "memory_short_slot_norm_max": 41.62577819824219,
    "memory_short_slot_norm_mean": 41.62577819824219,
    "memory_short_slot_norm_std": 0.0,
    "memory_short_slots": 8.0,
    "pilot_injection_mode": "sparse_deep_prefix",
    "pilot_memory_path_variant": "single_level",
    "pilot_projector_token_source": "writer_slots",
    "pilot_support_encoder_mode": "structured_support_set",
    "prefix_l2": 64.85003662109375,
    "prefix_slot_norm_max": 10.421601295471191,
    "prefix_slot_norm_mean": 10.252287864685059,
    "prefix_slot_norm_std": 0.1694347858428955,
    "prefix_tokens": 8.0,
    "reader_attention_entropy_max": 0.0,
    "reader_attention_entropy_mean": 0.0,
    "reader_attention_entropy_min": 0.0,
    "reader_attention_pairwise_cosine_mean": 0.0,
    "reader_num_queries": 0.0,
    "reader_query_entropy_by_query": [],
    "reader_slot_count": 8.0,
    "reader_slot_coverage_fraction": 0.0,
    "support_item_count": 6.0,
    "support_item_hidden_l2": 96.10039520263672,
    "support_item_hidden_norm_max": 39.23439025878906,
    "support_item_hidden_norm_mean": 39.23282241821289,
    "support_item_hidden_norm_std": 0.0015218044864013791,
    "writer_memory_l2": 117.7354965209961,
    "writer_slot_norm_max": 41.62577819824219,
    "writer_slot_norm_mean": 41.62577819824219,
    "writer_slot_norm_std": 0.0
  },
  "prefix_l2": 64.85003662109375,
  "prefix_slot_norm_max": 10.421601295471191,
  "prefix_slot_norm_mean": 10.252287864685059,
  "prefix_slot_norm_std": 0.1694347858428955,
  "prefix_tokens": 8,
  "prompt_variant": "answer_slot_labels",
  "reader_attention_entropy_max": 0.0,
  "reader_attention_entropy_mean": 0.0,
  "reader_attention_entropy_min": 0.0,
  "reader_attention_pairwise_cosine_mean": 0.0,
  "reader_num_queries": 0.0,
  "reader_slot_count": 8.0,
  "reader_slot_coverage_fraction": 0.0,
  "shared_injection_arm": "injected",
  "step": 12,
  "support_item_count": 6.0,
  "support_item_hidden_l2": 96.10039520263672,
  "support_item_hidden_norm_max": 39.23439025878906,
  "support_item_hidden_norm_mean": 39.23282241821289,
  "support_item_hidden_norm_std": 0.0015218044864013791,
  "support_serialization_variant": "triad_curated6",
  "support_text_block_chars": 1415,
  "task_case_dump_path": "/root/autodl-tmp/runs/verify/tl-poc-fever-qwen25/sl8/phase2-selected/pilot-I-shuffle/snapshot_evals/step_0012/task_case_dump.jsonl",
  "task_case_dump_rows": 61,
  "training_stage": "shared_injection_snapshot_eval",
  "writer_memory_control": "shuffled",
  "writer_memory_l2": 117.7354965209961,
  "writer_slot_norm_max": 41.62577819824219,
  "writer_slot_norm_mean": 41.62577819824219,
  "writer_slot_norm_std": 0.0
}