{
  "best_adapt_macro_f1": 0.1518987341772152,
  "best_adapt_task_margin": -3.858685743613321,
  "best_adapt_task_score": 0.29508196721311475,
  "checkpoint_path": "/root/autodl-tmp/runs/verify/tl-poc-fever-qwen25/tl-h4-k4/phase2-selected/pilot-I-real/snapshot_evals/step_0004/checkpoint.pt",
  "dominant_label_fraction": 1.0,
  "label_recall_by_class": {
    "NOT_ENOUGH_INFO": 0.0,
    "REFUTES": 0.0,
    "SUPPORTS": 1.0
  },
  "memory_long_l2": 117.72158813476562,
  "memory_long_slot_norm_max": 41.62086868286133,
  "memory_long_slot_norm_mean": 41.62086868286133,
  "memory_long_slot_norm_std": 3.303624680484063e-06,
  "memory_long_slots": 8.0,
  "memory_short_l2": 78.39277423796106,
  "memory_short_pairwise_cosine_mean": 0.9996948808920189,
  "memory_short_slot_norm_max": 39.1963927472224,
  "memory_short_slot_norm_mean": 39.196387056444514,
  "memory_short_slot_norm_std": 4.569060153147295e-06,
  "memory_short_slots": 4.0,
  "pilot_arm_alias": "I_real",
  "pilot_fuser_short_slots": 4.0,
  "pilot_memory_path_variant": "two_level",
  "pilot_projector_token_source": "short_slots",
  "pilot_reader_context_mode": "prompt_summary",
  "pilot_reader_num_queries": 4.0,
  "pilot_support_encoder_mode": "structured_support_set",
  "prefix_artifact_stats": {
    "active_prefix_layers": [
      0.0,
      7.0,
      14.0,
      21.0,
      27.0
    ],
    "layer_hidden_l2_by_layer": {
      "0": 17.118611695336515,
      "14": 16.700176754935843,
      "21": 17.62897972982438,
      "27": 17.500623046374713,
      "7": 17.45279740505531
    },
    "layer_key_l2_by_layer": {
      "0": 2204.8278368340166,
      "14": 71.661991807281,
      "21": 47.89508713268843,
      "27": 51.431064855856974,
      "7": 100.69220821193007
    },
    "layer_slot_norm_max_by_layer": {
      "0": 8.580402733849697,
      "14": 8.371965126913102,
      "21": 8.836720685489842,
      "27": 8.772287243702372,
      "7": 8.746371722612224
    },
    "layer_slot_norm_mean_by_layer": {
      "0": 8.559315665823515,
      "14": 8.350059008989177,
      "21": 8.814533452518651,
      "27": 8.750323764613418,
      "7": 8.726426452886862
    },
    "layer_slot_norm_std_by_layer": {
      "0": 0.013395353205135612,
      "14": 0.013774214785729275,
      "21": 0.013952442292185103,
      "27": 0.013909184984618524,
      "7": 0.012863003480874125
    },
    "layer_value_l2_by_layer": {
      "0": 12.890067976029194,
      "14": 46.07624522975234,
      "21": 50.625024826800235,
      "27": 141.7240768182473,
      "7": 26.23591945210441
    },
    "memory_long_l2": 117.72158813476562,
    "memory_long_slot_norm_max": 41.62086868286133,
    "memory_long_slot_norm_mean": 41.62086868286133,
    "memory_long_slot_norm_std": 3.303624680484063e-06,
    "memory_long_slots": 8.0,
    "memory_short_l2": 78.39277423796106,
    "memory_short_pairwise_cosine_mean": 0.9996948808920189,
    "memory_short_slot_norm_max": 39.1963927472224,
    "memory_short_slot_norm_mean": 39.196387056444514,
    "memory_short_slot_norm_std": 4.569060153147295e-06,
    "memory_short_slots": 4.0,
    "pilot_injection_mode": "sparse_deep_prefix",
    "pilot_memory_path_variant": "two_level",
    "pilot_projector_token_source": "short_slots",
    "pilot_support_encoder_mode": "structured_support_set",
    "prefix_l2": 38.64717214615619,
    "prefix_slot_norm_max": 8.836720685489842,
    "prefix_slot_norm_mean": 8.640131825306376,
    "prefix_slot_norm_std": 0.1683185408349897,
    "prefix_tokens": 4.0,
    "reader_attention_entropy_max": 2.079441547393799,
    "reader_attention_entropy_mean": 2.079441547393799,
    "reader_attention_entropy_min": 2.079441547393799,
    "reader_attention_pairwise_cosine_mean": 0.9999999990228747,
    "reader_num_queries": 4.0,
    "reader_query_entropy_by_query": [
      2.079441547393799,
      2.079441547393799,
      2.079441547393799,
      2.079441547393799
    ],
    "reader_slot_count": 8.0,
    "reader_slot_coverage_fraction": 0.47540983606557374,
    "support_item_count": 6.0,
    "support_item_hidden_l2": 96.09993743896484,
    "support_item_hidden_norm_max": 39.234371185302734,
    "support_item_hidden_norm_mean": 39.23263168334961,
    "support_item_hidden_norm_std": 0.0013863035710528493,
    "writer_memory_l2": 117.72158813476562,
    "writer_slot_norm_max": 41.62086868286133,
    "writer_slot_norm_mean": 41.62086868286133,
    "writer_slot_norm_std": 3.303624680484063e-06
  },
  "prefix_l2": 38.64717214615619,
  "prefix_slot_norm_max": 8.836720685489842,
  "prefix_slot_norm_mean": 8.640131825306376,
  "prefix_slot_norm_std": 0.1683185408349897,
  "prefix_tokens": 4,
  "prompt_variant": "answer_slot_labels",
  "reader_attention_entropy_max": 2.079441547393799,
  "reader_attention_entropy_mean": 2.079441547393799,
  "reader_attention_entropy_min": 2.079441547393799,
  "reader_attention_pairwise_cosine_mean": 0.9999999990228747,
  "reader_num_queries": 4.0,
  "reader_slot_count": 8.0,
  "reader_slot_coverage_fraction": 0.47540983606557374,
  "shared_injection_arm": "injected",
  "step": 4,
  "support_item_count": 6.0,
  "support_item_hidden_l2": 96.09993743896484,
  "support_item_hidden_norm_max": 39.234371185302734,
  "support_item_hidden_norm_mean": 39.23263168334961,
  "support_item_hidden_norm_std": 0.0013863035710528493,
  "support_serialization_variant": "triad_curated6",
  "support_text_block_chars": 1301,
  "task_case_dump_path": "/root/autodl-tmp/runs/verify/tl-poc-fever-qwen25/tl-h4-k4/phase2-selected/pilot-I-real/snapshot_evals/step_0004/task_case_dump.jsonl",
  "task_case_dump_rows": 61,
  "training_stage": "shared_injection_snapshot_eval",
  "writer_memory_control": "real",
  "writer_memory_l2": 117.72158813476562,
  "writer_slot_norm_max": 41.62086868286133,
  "writer_slot_norm_mean": 41.62086868286133,
  "writer_slot_norm_std": 3.303624680484063e-06
}