{
  "device": "cuda",
  "event_name": "train",
  "examples": 224,
  "peak_device_memory_bytes": 26969795072,
  "peak_device_memory_mib": 25720.400879,
  "peak_rss_kb": 6180084,
  "token_count": 1703843,
  "tokens_per_sec": 6027.006585,
  "wall_time_sec": 282.701367
}