{
  "best_adapt_macro_f1": 0.1518987341772152,
  "best_adapt_task_margin": -4.236395929680496,
  "best_adapt_task_score": 0.29508196721311475,
  "checkpoint_path": "/root/autodl-tmp/runs/verify/tl-poc-fever-qwen25/tl-h4-k4/phase2-selected/pilot-I-real/snapshot_evals/step_0008/checkpoint.pt",
  "dominant_label_fraction": 1.0,
  "label_recall_by_class": {
    "NOT_ENOUGH_INFO": 0.0,
    "REFUTES": 0.0,
    "SUPPORTS": 1.0
  },
  "memory_long_l2": 117.71971130371094,
  "memory_long_slot_norm_max": 41.620208740234375,
  "memory_long_slot_norm_mean": 41.620208740234375,
  "memory_long_slot_norm_std": 1.3486991292666062e-06,
  "memory_long_slots": 8.0,
  "memory_short_l2": 78.39944145327709,
  "memory_short_pairwise_cosine_mean": 0.9997795546641115,
  "memory_short_slot_norm_max": 39.199724979087954,
  "memory_short_slot_norm_mean": 39.199720163814355,
  "memory_short_slot_norm_std": 5.196077914720785e-06,
  "memory_short_slots": 4.0,
  "pilot_arm_alias": "I_real",
  "pilot_fuser_short_slots": 4.0,
  "pilot_memory_path_variant": "two_level",
  "pilot_projector_token_source": "short_slots",
  "pilot_reader_context_mode": "prompt_summary",
  "pilot_reader_num_queries": 4.0,
  "pilot_support_encoder_mode": "structured_support_set",
  "prefix_artifact_stats": {
    "active_prefix_layers": [
      0.0,
      7.0,
      14.0,
      21.0,
      27.0
    ],
    "layer_hidden_l2_by_layer": {
      "0": 22.54083858552526,
      "14": 22.160408489039686,
      "21": 23.22826007155121,
      "27": 23.077991641935753,
      "7": 22.870435964865763
    },
    "layer_key_l2_by_layer": {
      "0": 2203.4269339139346,
      "14": 74.48626108638575,
      "21": 46.946870710028975,
      "27": 51.2561586723953,
      "7": 101.60884732105693
    },
    "layer_slot_norm_max_by_layer": {
      "0": 11.289271604819376,
      "14": 11.100043203009934,
      "21": 11.634752977089803,
      "27": 11.559510559332175,
      "7": 11.453156971540608
    },
    "layer_slot_norm_mean_by_layer": {
      "0": 11.270470541031635,
      "14": 11.080225475498887,
      "21": 11.614059542046219,
      "27": 11.539054854971464,
      "7": 11.435178053183634
    },
    "layer_slot_norm_std_by_layer": {
      "0": 0.011919177259455939,
      "14": 0.012401824481174594,
      "21": 0.012940057522815759,
      "27": 0.01293920638558806,
      "7": 0.011418028795694719
    },
    "layer_value_l2_by_layer": {
      "0": 13.620934502023164,
      "14": 47.78414160306336,
      "21": 51.358637700315384,
      "27": 142.37543049796682,
      "7": 27.194118030735705
    },
    "memory_long_l2": 117.71971130371094,
    "memory_long_slot_norm_max": 41.620208740234375,
    "memory_long_slot_norm_mean": 41.620208740234375,
    "memory_long_slot_norm_std": 1.3486991292666062e-06,
    "memory_long_slots": 8.0,
    "memory_short_l2": 78.39944145327709,
    "memory_short_pairwise_cosine_mean": 0.9997795546641115,
    "memory_short_slot_norm_max": 39.199724979087954,
    "memory_short_slot_norm_mean": 39.199720163814355,
    "memory_short_slot_norm_std": 5.196077914720785e-06,
    "memory_short_slots": 4.0,
    "pilot_injection_mode": "sparse_deep_prefix",
    "pilot_memory_path_variant": "two_level",
    "pilot_projector_token_source": "short_slots",
    "pilot_support_encoder_mode": "structured_support_set",
    "prefix_l2": 50.93506509749616,
    "prefix_slot_norm_max": 11.634752977089803,
    "prefix_slot_norm_mean": 11.387797777769995,
    "prefix_slot_norm_std": 0.19264442827857908,
    "prefix_tokens": 4.0,
    "reader_attention_entropy_max": 2.079441547393799,
    "reader_attention_entropy_mean": 2.079441547393799,
    "reader_attention_entropy_min": 2.079441547393799,
    "reader_attention_pairwise_cosine_mean": 1.0,
    "reader_num_queries": 4.0,
    "reader_query_entropy_by_query": [
      2.079441547393799,
      2.079441547393799,
      2.079441547393799,
      2.079441547393799
    ],
    "reader_slot_count": 8.0,
    "reader_slot_coverage_fraction": 0.4959016393442623,
    "support_item_count": 6.0,
    "support_item_hidden_l2": 96.10149383544922,
    "support_item_hidden_norm_max": 39.2350959777832,
    "support_item_hidden_norm_mean": 39.233272552490234,
    "support_item_hidden_norm_std": 0.0014226323692128062,
    "writer_memory_l2": 117.71971130371094,
    "writer_slot_norm_max": 41.620208740234375,
    "writer_slot_norm_mean": 41.620208740234375,
    "writer_slot_norm_std": 1.3486991292666062e-06
  },
  "prefix_l2": 50.93506509749616,
  "prefix_slot_norm_max": 11.634752977089803,
  "prefix_slot_norm_mean": 11.387797777769995,
  "prefix_slot_norm_std": 0.19264442827857908,
  "prefix_tokens": 4,
  "prompt_variant": "answer_slot_labels",
  "reader_attention_entropy_max": 2.079441547393799,
  "reader_attention_entropy_mean": 2.079441547393799,
  "reader_attention_entropy_min": 2.079441547393799,
  "reader_attention_pairwise_cosine_mean": 1.0,
  "reader_num_queries": 4.0,
  "reader_slot_count": 8.0,
  "reader_slot_coverage_fraction": 0.4959016393442623,
  "shared_injection_arm": "injected",
  "step": 8,
  "support_item_count": 6.0,
  "support_item_hidden_l2": 96.10149383544922,
  "support_item_hidden_norm_max": 39.2350959777832,
  "support_item_hidden_norm_mean": 39.233272552490234,
  "support_item_hidden_norm_std": 0.0014226323692128062,
  "support_serialization_variant": "triad_curated6",
  "support_text_block_chars": 1301,
  "task_case_dump_path": "/root/autodl-tmp/runs/verify/tl-poc-fever-qwen25/tl-h4-k4/phase2-selected/pilot-I-real/snapshot_evals/step_0008/task_case_dump.jsonl",
  "task_case_dump_rows": 61,
  "training_stage": "shared_injection_snapshot_eval",
  "writer_memory_control": "real",
  "writer_memory_l2": 117.71971130371094,
  "writer_slot_norm_max": 41.620208740234375,
  "writer_slot_norm_mean": 41.620208740234375,
  "writer_slot_norm_std": 1.3486991292666062e-06
}