{
  "best_adapt_macro_f1": 0.1919191919191919,
  "best_adapt_task_margin": -2.131937277121622,
  "best_adapt_task_score": 0.29508196721311475,
  "checkpoint_path": "/root/autodl-tmp/runs/verify/m5-fever-dense-teacher-qwen25/canonical-dense-teacher/phase2-selected/pilot-I-real/snapshot_evals/step_0004/checkpoint.pt",
  "dominant_label_fraction": 0.7540983606557377,
  "label_recall_by_class": {
    "NOT_ENOUGH_INFO": 0.0,
    "REFUTES": 0.85,
    "SUPPORTS": 0.05555555555555555
  },
  "pilot_arm_alias": "I_real",
  "pilot_support_encoder_mode": "structured_support_set",
  "prefix_artifact_stats": {
    "active_prefix_layers": [
      0,
      7,
      14,
      21,
      27
    ],
    "layer_hidden_l2_by_layer": {
      "0": 29.3155574798584,
      "14": 28.268505096435547,
      "21": 29.50322914123535,
      "27": 29.200603485107422,
      "7": 28.44858169555664
    },
    "layer_key_l2_by_layer": {
      "0": 3115.586669921875,
      "14": 95.68338775634766,
      "21": 59.642913818359375,
      "27": 77.37191009521484,
      "7": 150.28756713867188
    },
    "layer_slot_norm_max_by_layer": {
      "0": 10.364684104919434,
      "14": 9.993975639343262,
      "21": 10.432013511657715,
      "27": 10.324492454528809,
      "7": 10.05766487121582
    },
    "layer_slot_norm_mean_by_layer": {
      "0": 10.364684104919434,
      "14": 9.993975639343262,
      "21": 10.432013511657715,
      "27": 10.324492454528809,
      "7": 10.057663917541504
    },
    "layer_slot_norm_std_by_layer": {
      "0": 6.743495646333031e-07,
      "14": 0.0,
      "21": 0.0,
      "27": 8.920806635615008e-07,
      "7": 6.743495646333031e-07
    },
    "layer_value_l2_by_layer": {
      "0": 21.649845123291016,
      "14": 77.02426147460938,
      "21": 75.55329895019531,
      "27": 219.38931274414062,
      "7": 42.05772018432617
    },
    "pilot_injection_mode": "sparse_deep_prefix",
    "pilot_support_encoder_mode": "structured_support_set",
    "prefix_l2": 64.73849487304688,
    "prefix_slot_norm_max": 10.432013511657715,
    "prefix_slot_norm_mean": 10.234565734863281,
    "prefix_slot_norm_std": 0.17503178119659424,
    "prefix_tokens": 8.0,
    "support_item_count": 6.0,
    "support_item_hidden_l2": 96.09756469726562,
    "support_item_hidden_norm_max": 39.233402252197266,
    "support_item_hidden_norm_mean": 39.2316780090332,
    "support_item_hidden_norm_std": 0.0013544252142310143,
    "writer_memory_l2": 117.73130798339844,
    "writer_slot_norm_max": 41.624290466308594,
    "writer_slot_norm_mean": 41.62429428100586,
    "writer_slot_norm_std": 3.814697265625e-06
  },
  "prefix_l2": 64.73849487304688,
  "prefix_slot_norm_max": 10.432013511657715,
  "prefix_slot_norm_mean": 10.234565734863281,
  "prefix_slot_norm_std": 0.17503178119659424,
  "prefix_tokens": 8,
  "prompt_variant": "answer_slot_labels",
  "shared_injection_arm": "injected",
  "step": 4,
  "support_item_count": 6.0,
  "support_item_hidden_l2": 96.09756469726562,
  "support_item_hidden_norm_max": 39.233402252197266,
  "support_item_hidden_norm_mean": 39.2316780090332,
  "support_item_hidden_norm_std": 0.0013544252142310143,
  "support_serialization_variant": "triad_curated6",
  "support_text_block_chars": 1301,
  "task_case_dump_path": "/root/autodl-tmp/runs/verify/m5-fever-dense-teacher-qwen25/canonical-dense-teacher/phase2-selected/pilot-I-real/snapshot_evals/step_0004/task_case_dump.jsonl",
  "task_case_dump_rows": 61,
  "training_stage": "shared_injection_snapshot_eval",
  "writer_memory_control": "real",
  "writer_memory_l2": 117.73130798339844,
  "writer_slot_norm_max": 41.624290466308594,
  "writer_slot_norm_mean": 41.62429428100586,
  "writer_slot_norm_std": 3.814697265625e-06
}