{
  "best_adapt_macro_f1": 0.22588522588522586,
  "best_adapt_task_margin": -2.7158208596901816,
  "best_adapt_task_score": 0.3442622950819672,
  "checkpoint_path": "/root/autodl-tmp/runs/verify/m5-fever-writer-reasoner-alignment-qwen25/freeze-writer/phase2-selected/pilot-I-shuffle/snapshot_evals/step_0000/checkpoint.pt",
  "dominant_label_fraction": 0.9508196721311475,
  "label_recall_by_class": {
    "NOT_ENOUGH_INFO": 0.0,
    "REFUTES": 0.95,
    "SUPPORTS": 0.1111111111111111
  },
  "pilot_arm_alias": "I_shuffle",
  "pilot_support_encoder_mode": "structured_support_set",
  "prefix_artifact_stats": {
    "active_prefix_layers": [
      0,
      7,
      14,
      21,
      27
    ],
    "layer_hidden_l2_by_layer": {
      "0": 29.272640228271484,
      "14": 28.289722442626953,
      "21": 29.73933219909668,
      "27": 29.31466293334961,
      "7": 28.709665298461914
    },
    "layer_key_l2_by_layer": {
      "0": 3116.882080078125,
      "14": 97.99698638916016,
      "21": 60.28038024902344,
      "27": 78.27092742919922,
      "7": 149.99070739746094
    },
    "layer_slot_norm_max_by_layer": {
      "0": 10.349553108215332,
      "14": 10.001681327819824,
      "21": 10.514361381530762,
      "27": 10.364526748657227,
      "7": 10.150083541870117
    },
    "layer_slot_norm_mean_by_layer": {
      "0": 10.349553108215332,
      "14": 10.001680374145508,
      "21": 10.514360427856445,
      "27": 10.36452579498291,
      "7": 10.150083541870117
    },
    "layer_slot_norm_std_by_layer": {
      "0": 8.920806635615008e-07,
      "14": 7.539457556049456e-07,
      "21": 5.840038852511498e-07,
      "27": 4.76837158203125e-07,
      "7": 8.259061701210157e-07
    },
    "layer_value_l2_by_layer": {
      "0": 21.728412628173828,
      "14": 78.74329376220703,
      "21": 75.60037231445312,
      "27": 220.1636505126953,
      "7": 42.510047912597656
    },
    "pilot_injection_mode": "sparse_deep_prefix",
    "pilot_support_encoder_mode": "structured_support_set",
    "prefix_l2": 65.00128936767578,
    "prefix_slot_norm_max": 10.514361381530762,
    "prefix_slot_norm_mean": 10.276040077209473,
    "prefix_slot_norm_std": 0.17953772842884064,
    "prefix_tokens": 8.0,
    "support_item_count": 6.0,
    "support_item_hidden_l2": 96.0954360961914,
    "support_item_hidden_norm_max": 39.23244094848633,
    "support_item_hidden_norm_mean": 39.23080062866211,
    "support_item_hidden_norm_std": 0.001495519420132041,
    "writer_memory_l2": 117.73040008544922,
    "writer_slot_norm_max": 41.62397766113281,
    "writer_slot_norm_mean": 41.62397766113281,
    "writer_slot_norm_std": 2.6973982585332124e-06
  },
  "prefix_l2": 65.00128936767578,
  "prefix_slot_norm_max": 10.514361381530762,
  "prefix_slot_norm_mean": 10.276040077209473,
  "prefix_slot_norm_std": 0.17953772842884064,
  "prefix_tokens": 8,
  "prompt_variant": "answer_slot_labels",
  "shared_injection_arm": "injected",
  "step": 0,
  "support_item_count": 6.0,
  "support_item_hidden_l2": 96.0954360961914,
  "support_item_hidden_norm_max": 39.23244094848633,
  "support_item_hidden_norm_mean": 39.23080062866211,
  "support_item_hidden_norm_std": 0.001495519420132041,
  "support_serialization_variant": "triad_curated6",
  "support_text_block_chars": 1415,
  "task_case_dump_path": "/root/autodl-tmp/runs/verify/m5-fever-writer-reasoner-alignment-qwen25/freeze-writer/phase2-selected/pilot-I-shuffle/snapshot_evals/step_0000/task_case_dump.jsonl",
  "task_case_dump_rows": 61,
  "training_stage": "shared_injection_snapshot_eval",
  "writer_memory_control": "shuffled",
  "writer_memory_l2": 117.73040008544922,
  "writer_slot_norm_max": 41.62397766113281,
  "writer_slot_norm_mean": 41.62397766113281,
  "writer_slot_norm_std": 2.6973982585332124e-06
}