{
  "best_adapt_macro_f1": 0.1518987341772152,
  "best_adapt_task_margin": -4.041656931892771,
  "best_adapt_task_score": 0.29508196721311475,
  "checkpoint_path": "/root/autodl-tmp/runs/verify/tl-poc-fever-qwen25/tl-h1-k4/phase2-selected/pilot-I-real/snapshot_evals/step_0008/checkpoint.pt",
  "dominant_label_fraction": 1.0,
  "label_recall_by_class": {
    "NOT_ENOUGH_INFO": 0.0,
    "REFUTES": 0.0,
    "SUPPORTS": 1.0
  },
  "memory_long_l2": 117.72206115722656,
  "memory_long_slot_norm_max": 41.62104034423828,
  "memory_long_slot_norm_mean": 41.621036529541016,
  "memory_long_slot_norm_std": 3.5683226542460034e-06,
  "memory_long_slots": 8.0,
  "memory_short_l2": 78.40068204285669,
  "memory_short_pairwise_cosine_mean": 0.9997990844679661,
  "memory_short_slot_norm_max": 39.20034858828685,
  "memory_short_slot_norm_mean": 39.20034152171651,
  "memory_short_slot_norm_std": 6.2594321296601865e-06,
  "memory_short_slots": 4.0,
  "pilot_arm_alias": "I_real",
  "pilot_fuser_short_slots": 4.0,
  "pilot_memory_path_variant": "two_level",
  "pilot_projector_token_source": "short_slots",
  "pilot_reader_context_mode": "prompt_summary",
  "pilot_reader_num_queries": 1.0,
  "pilot_support_encoder_mode": "structured_support_set",
  "prefix_artifact_stats": {
    "active_prefix_layers": [
      0.0,
      7.0,
      14.0,
      21.0,
      27.0
    ],
    "layer_hidden_l2_by_layer": {
      "0": 23.84276843461834,
      "14": 23.58295612647885,
      "21": 24.239739996487977,
      "27": 24.137232577214476,
      "7": 23.758140282552752
    },
    "layer_key_l2_by_layer": {
      "0": 2205.282930968238,
      "14": 61.140138719902666,
      "21": 39.36671391471488,
      "27": 42.61367997966829,
      "7": 99.44374497210393
    },
    "layer_slot_norm_max_by_layer": {
      "0": 11.931205624439677,
      "14": 11.800363462479389,
      "21": 12.129162147396901,
      "27": 12.078467040765481,
      "7": 11.888645750577332
    },
    "layer_slot_norm_mean_by_layer": {
      "0": 11.921428774223953,
      "14": 11.791527795009925,
      "21": 12.119905315461706,
      "27": 12.068677104887415,
      "7": 11.87905433529713
    },
    "layer_slot_norm_std_by_layer": {
      "0": 0.006976803779968473,
      "14": 0.006427257146197753,
      "21": 0.006747585713680162,
      "27": 0.00686267849638081,
      "7": 0.006811791695043689
    },
    "layer_value_l2_by_layer": {
      "0": 13.007190250959553,
      "14": 46.78978741755251,
      "21": 51.63570022583008,
      "27": 139.31490938780738,
      "7": 24.885576029292874
    },
    "memory_long_l2": 117.72206115722656,
    "memory_long_slot_norm_max": 41.62104034423828,
    "memory_long_slot_norm_mean": 41.621036529541016,
    "memory_long_slot_norm_std": 3.5683226542460034e-06,
    "memory_long_slots": 8.0,
    "memory_short_l2": 78.40068204285669,
    "memory_short_pairwise_cosine_mean": 0.9997990844679661,
    "memory_short_slot_norm_max": 39.20034858828685,
    "memory_short_slot_norm_mean": 39.20034152171651,
    "memory_short_slot_norm_std": 6.2594321296601865e-06,
    "memory_short_slots": 4.0,
    "pilot_injection_mode": "sparse_deep_prefix",
    "pilot_memory_path_variant": "two_level",
    "pilot_projector_token_source": "short_slots",
    "pilot_support_encoder_mode": "structured_support_set",
    "prefix_l2": 53.47215733762647,
    "prefix_slot_norm_max": 12.129162147396901,
    "prefix_slot_norm_mean": 11.95611867748323,
    "prefix_slot_norm_std": 0.12168449810782417,
    "prefix_tokens": 4.0,
    "reader_attention_entropy_max": 2.079441547393799,
    "reader_attention_entropy_mean": 2.079441547393799,
    "reader_attention_entropy_min": 2.079441547393799,
    "reader_attention_pairwise_cosine_mean": 0.0,
    "reader_num_queries": 1.0,
    "reader_query_entropy_by_query": [
      2.079441547393799
    ],
    "reader_slot_count": 8.0,
    "reader_slot_coverage_fraction": 0.2459016393442623,
    "support_item_count": 6.0,
    "support_item_hidden_l2": 96.10128021240234,
    "support_item_hidden_norm_max": 39.23494338989258,
    "support_item_hidden_norm_mean": 39.23318862915039,
    "support_item_hidden_norm_std": 0.0013756792759522796,
    "writer_memory_l2": 117.72206115722656,
    "writer_slot_norm_max": 41.62104034423828,
    "writer_slot_norm_mean": 41.621036529541016,
    "writer_slot_norm_std": 3.5683226542460034e-06
  },
  "prefix_l2": 53.47215733762647,
  "prefix_slot_norm_max": 12.129162147396901,
  "prefix_slot_norm_mean": 11.95611867748323,
  "prefix_slot_norm_std": 0.12168449810782417,
  "prefix_tokens": 4,
  "prompt_variant": "answer_slot_labels",
  "reader_attention_entropy_max": 2.079441547393799,
  "reader_attention_entropy_mean": 2.079441547393799,
  "reader_attention_entropy_min": 2.079441547393799,
  "reader_attention_pairwise_cosine_mean": 0.0,
  "reader_num_queries": 1.0,
  "reader_slot_count": 8.0,
  "reader_slot_coverage_fraction": 0.2459016393442623,
  "shared_injection_arm": "injected",
  "step": 8,
  "support_item_count": 6.0,
  "support_item_hidden_l2": 96.10128021240234,
  "support_item_hidden_norm_max": 39.23494338989258,
  "support_item_hidden_norm_mean": 39.23318862915039,
  "support_item_hidden_norm_std": 0.0013756792759522796,
  "support_serialization_variant": "triad_curated6",
  "support_text_block_chars": 1301,
  "task_case_dump_path": "/root/autodl-tmp/runs/verify/tl-poc-fever-qwen25/tl-h1-k4/phase2-selected/pilot-I-real/snapshot_evals/step_0008/task_case_dump.jsonl",
  "task_case_dump_rows": 61,
  "training_stage": "shared_injection_snapshot_eval",
  "writer_memory_control": "real",
  "writer_memory_l2": 117.72206115722656,
  "writer_slot_norm_max": 41.62104034423828,
  "writer_slot_norm_mean": 41.621036529541016,
  "writer_slot_norm_std": 3.5683226542460034e-06
}