{
  "best_adapt_macro_f1": 0.1518987341772152,
  "best_adapt_task_margin": -2.927617213765129,
  "best_adapt_task_score": 0.29508196721311475,
  "checkpoint_path": "/root/autodl-tmp/runs/verify/tl-poc-fever-qwen25/sl8/phase2-selected/pilot-I-real/snapshot_evals/step_0008/checkpoint.pt",
  "dominant_label_fraction": 1.0,
  "label_recall_by_class": {
    "NOT_ENOUGH_INFO": 0.0,
    "REFUTES": 0.0,
    "SUPPORTS": 1.0
  },
  "memory_long_l2": 117.73298645019531,
  "memory_long_slot_norm_max": 41.62489700317383,
  "memory_long_slot_norm_mean": 41.62489318847656,
  "memory_long_slot_norm_std": 1.3486991292666062e-06,
  "memory_long_slots": 8.0,
  "memory_short_l2": 117.73298645019531,
  "memory_short_pairwise_cosine_mean": 1.0,
  "memory_short_slot_norm_max": 41.62489700317383,
  "memory_short_slot_norm_mean": 41.62489318847656,
  "memory_short_slot_norm_std": 1.3486991292666062e-06,
  "memory_short_slots": 8.0,
  "pilot_arm_alias": "I_real",
  "pilot_fuser_short_slots": 8.0,
  "pilot_memory_path_variant": "single_level",
  "pilot_projector_token_source": "writer_slots",
  "pilot_reader_context_mode": "prompt_summary",
  "pilot_reader_num_queries": 0.0,
  "pilot_support_encoder_mode": "structured_support_set",
  "prefix_artifact_stats": {
    "active_prefix_layers": [
      0,
      7,
      14,
      21,
      27
    ],
    "layer_hidden_l2_by_layer": {
      "0": 29.358102798461914,
      "14": 28.583894729614258,
      "21": 29.424734115600586,
      "27": 29.233993530273438,
      "7": 28.227020263671875
    },
    "layer_key_l2_by_layer": {
      "0": 3115.17138671875,
      "14": 94.19442749023438,
      "21": 59.32460021972656,
      "27": 79.25203704833984,
      "7": 150.26075744628906
    },
    "layer_slot_norm_max_by_layer": {
      "0": 10.378880500793457,
      "14": 10.10716724395752,
      "21": 10.403095245361328,
      "27": 10.334329605102539,
      "7": 9.980156898498535
    },
    "layer_slot_norm_mean_by_layer": {
      "0": 10.378880500793457,
      "14": 10.10716724395752,
      "21": 10.403094291687012,
      "27": 10.334328651428223,
      "7": 9.980155944824219
    },
    "layer_slot_norm_std_by_layer": {
      "0": 4.76837158203125e-07,
      "14": 3.3717478231665154e-07,
      "21": 5.840038852511498e-07,
      "27": 4.76837158203125e-07,
      "7": 7.539457556049456e-07
    },
    "layer_value_l2_by_layer": {
      "0": 21.416540145874023,
      "14": 77.31523132324219,
      "21": 77.22393798828125,
      "27": 219.25209045410156,
      "7": 42.406280517578125
    },
    "memory_long_l2": 117.73298645019531,
    "memory_long_slot_norm_max": 41.62489700317383,
    "memory_long_slot_norm_mean": 41.62489318847656,
    "memory_long_slot_norm_std": 1.3486991292666062e-06,
    "memory_long_slots": 8.0,
    "memory_short_l2": 117.73298645019531,
    "memory_short_pairwise_cosine_mean": 1.0,
    "memory_short_slot_norm_max": 41.62489700317383,
    "memory_short_slot_norm_mean": 41.62489318847656,
    "memory_short_slot_norm_std": 1.3486991292666062e-06,
    "memory_short_slots": 8.0,
    "pilot_injection_mode": "sparse_deep_prefix",
    "pilot_memory_path_variant": "single_level",
    "pilot_projector_token_source": "writer_slots",
    "pilot_support_encoder_mode": "structured_support_set",
    "prefix_l2": 64.77671813964844,
    "prefix_slot_norm_max": 10.403095245361328,
    "prefix_slot_norm_mean": 10.240724563598633,
    "prefix_slot_norm_std": 0.16729986667633057,
    "prefix_tokens": 8.0,
    "reader_attention_entropy_max": 0.0,
    "reader_attention_entropy_mean": 0.0,
    "reader_attention_entropy_min": 0.0,
    "reader_attention_pairwise_cosine_mean": 0.0,
    "reader_num_queries": 0.0,
    "reader_query_entropy_by_query": [],
    "reader_slot_count": 8.0,
    "reader_slot_coverage_fraction": 0.0,
    "support_item_count": 6.0,
    "support_item_hidden_l2": 96.098876953125,
    "support_item_hidden_norm_max": 39.23393249511719,
    "support_item_hidden_norm_mean": 39.232200622558594,
    "support_item_hidden_norm_std": 0.0013424907810986042,
    "writer_memory_l2": 117.73298645019531,
    "writer_slot_norm_max": 41.62489700317383,
    "writer_slot_norm_mean": 41.62489318847656,
    "writer_slot_norm_std": 1.3486991292666062e-06
  },
  "prefix_l2": 64.77671813964844,
  "prefix_slot_norm_max": 10.403095245361328,
  "prefix_slot_norm_mean": 10.240724563598633,
  "prefix_slot_norm_std": 0.16729986667633057,
  "prefix_tokens": 8,
  "prompt_variant": "answer_slot_labels",
  "reader_attention_entropy_max": 0.0,
  "reader_attention_entropy_mean": 0.0,
  "reader_attention_entropy_min": 0.0,
  "reader_attention_pairwise_cosine_mean": 0.0,
  "reader_num_queries": 0.0,
  "reader_slot_count": 8.0,
  "reader_slot_coverage_fraction": 0.0,
  "shared_injection_arm": "injected",
  "step": 8,
  "support_item_count": 6.0,
  "support_item_hidden_l2": 96.098876953125,
  "support_item_hidden_norm_max": 39.23393249511719,
  "support_item_hidden_norm_mean": 39.232200622558594,
  "support_item_hidden_norm_std": 0.0013424907810986042,
  "support_serialization_variant": "triad_curated6",
  "support_text_block_chars": 1301,
  "task_case_dump_path": "/root/autodl-tmp/runs/verify/tl-poc-fever-qwen25/sl8/phase2-selected/pilot-I-real/snapshot_evals/step_0008/task_case_dump.jsonl",
  "task_case_dump_rows": 61,
  "training_stage": "shared_injection_snapshot_eval",
  "writer_memory_control": "real",
  "writer_memory_l2": 117.73298645019531,
  "writer_slot_norm_max": 41.62489700317383,
  "writer_slot_norm_mean": 41.62489318847656,
  "writer_slot_norm_std": 1.3486991292666062e-06
}