{
  "device": "cuda",
  "event_name": "train",
  "examples": 224,
  "peak_device_memory_bytes": 26682527744,
  "peak_device_memory_mib": 25446.441406,
  "peak_rss_kb": 6155180,
  "token_count": 1701489,
  "tokens_per_sec": 6641.986816,
  "wall_time_sec": 256.171692
}