{
  "best_adapt_macro_f1": 0.1518987341772152,
  "best_adapt_task_margin": -2.918596580380299,
  "best_adapt_task_score": 0.29508196721311475,
  "checkpoint_path": "/root/autodl-tmp/runs/verify/tl-poc-fever-qwen25/tl-h4-k8/phase2-selected/pilot-I-shuffle/snapshot_evals/step_0004/checkpoint.pt",
  "dominant_label_fraction": 1.0,
  "label_recall_by_class": {
    "NOT_ENOUGH_INFO": 0.0,
    "REFUTES": 0.0,
    "SUPPORTS": 1.0
  },
  "memory_long_l2": 117.72502136230469,
  "memory_long_slot_norm_max": 41.62207794189453,
  "memory_long_slot_norm_mean": 41.622074127197266,
  "memory_long_slot_norm_std": 3.5683226542460034e-06,
  "memory_long_slots": 8.0,
  "memory_short_l2": 110.86374426669762,
  "memory_short_pairwise_cosine_mean": 0.9996868176538436,
  "memory_short_slot_norm_max": 39.19626023339443,
  "memory_short_slot_norm_mean": 39.19625322936011,
  "memory_short_slot_norm_std": 4.808754209109599e-06,
  "memory_short_slots": 8.0,
  "pilot_arm_alias": "I_shuffle",
  "pilot_fuser_short_slots": 8.0,
  "pilot_memory_path_variant": "two_level",
  "pilot_projector_token_source": "short_slots",
  "pilot_reader_context_mode": "prompt_summary",
  "pilot_reader_num_queries": 4.0,
  "pilot_support_encoder_mode": "structured_support_set",
  "prefix_artifact_stats": {
    "active_prefix_layers": [
      0.0,
      7.0,
      14.0,
      21.0,
      27.0
    ],
    "layer_hidden_l2_by_layer": {
      "0": 23.617410691058048,
      "14": 24.211746184552304,
      "21": 24.247837410598503,
      "27": 24.68126003077773,
      "7": 24.59269817539903
    },
    "layer_key_l2_by_layer": {
      "0": 3116.170338114754,
      "14": 78.58741747746703,
      "21": 52.42058969716557,
      "27": 60.97478885337954,
      "7": 142.14976726594517
    },
    "layer_slot_norm_max_by_layer": {
      "0": 8.364651382946578,
      "14": 8.575557536766178,
      "21": 8.588596218922099,
      "27": 8.742218048846135,
      "7": 8.711358852073795
    },
    "layer_slot_norm_mean_by_layer": {
      "0": 8.35004951914803,
      "14": 8.56015633755043,
      "21": 8.572904227209873,
      "27": 8.726193521843582,
      "7": 8.694816120335313
    },
    "layer_slot_norm_std_by_layer": {
      "0": 0.010535554532877734,
      "14": 0.010883867923842102,
      "21": 0.010841120217667252,
      "27": 0.011041281302077849,
      "7": 0.011142796409301093
    },
    "layer_value_l2_by_layer": {
      "0": 17.974622194884255,
      "14": 65.57188327976915,
      "21": 69.72567686487417,
      "27": 191.4632803494813,
      "7": 31.42510823734471
    },
    "memory_long_l2": 117.72502136230469,
    "memory_long_slot_norm_max": 41.62207794189453,
    "memory_long_slot_norm_mean": 41.622074127197266,
    "memory_long_slot_norm_std": 3.5683226542460034e-06,
    "memory_long_slots": 8.0,
    "memory_short_l2": 110.86374426669762,
    "memory_short_pairwise_cosine_mean": 0.9996868176538436,
    "memory_short_slot_norm_max": 39.19626023339443,
    "memory_short_slot_norm_mean": 39.19625322936011,
    "memory_short_slot_norm_std": 4.808754209109599e-06,
    "memory_short_slots": 8.0,
    "pilot_injection_mode": "sparse_deep_prefix",
    "pilot_memory_path_variant": "two_level",
    "pilot_projector_token_source": "short_slots",
    "pilot_support_encoder_mode": "structured_support_set",
    "prefix_l2": 54.27641277625913,
    "prefix_slot_norm_max": 8.742222957923763,
    "prefix_slot_norm_mean": 8.58082392958344,
    "prefix_slot_norm_std": 0.13307547202852907,
    "prefix_tokens": 8.0,
    "reader_attention_entropy_max": 2.079441547393799,
    "reader_attention_entropy_mean": 2.079441547393799,
    "reader_attention_entropy_min": 2.079441547393799,
    "reader_attention_pairwise_cosine_mean": 1.0,
    "reader_num_queries": 4.0,
    "reader_query_entropy_by_query": [
      2.079441547393799,
      2.079441547393799,
      2.079441547393799,
      2.079441547393799
    ],
    "reader_slot_count": 8.0,
    "reader_slot_coverage_fraction": 0.42213114754098363,
    "support_item_count": 6.0,
    "support_item_hidden_l2": 96.09929656982422,
    "support_item_hidden_norm_max": 39.23398208618164,
    "support_item_hidden_norm_mean": 39.232364654541016,
    "support_item_hidden_norm_std": 0.0015112421242520213,
    "writer_memory_l2": 117.72502136230469,
    "writer_slot_norm_max": 41.62207794189453,
    "writer_slot_norm_mean": 41.622074127197266,
    "writer_slot_norm_std": 3.5683226542460034e-06
  },
  "prefix_l2": 54.27641277625913,
  "prefix_slot_norm_max": 8.742222957923763,
  "prefix_slot_norm_mean": 8.58082392958344,
  "prefix_slot_norm_std": 0.13307547202852907,
  "prefix_tokens": 8,
  "prompt_variant": "answer_slot_labels",
  "reader_attention_entropy_max": 2.079441547393799,
  "reader_attention_entropy_mean": 2.079441547393799,
  "reader_attention_entropy_min": 2.079441547393799,
  "reader_attention_pairwise_cosine_mean": 1.0,
  "reader_num_queries": 4.0,
  "reader_slot_count": 8.0,
  "reader_slot_coverage_fraction": 0.42213114754098363,
  "shared_injection_arm": "injected",
  "step": 4,
  "support_item_count": 6.0,
  "support_item_hidden_l2": 96.09929656982422,
  "support_item_hidden_norm_max": 39.23398208618164,
  "support_item_hidden_norm_mean": 39.232364654541016,
  "support_item_hidden_norm_std": 0.0015112421242520213,
  "support_serialization_variant": "triad_curated6",
  "support_text_block_chars": 1415,
  "task_case_dump_path": "/root/autodl-tmp/runs/verify/tl-poc-fever-qwen25/tl-h4-k8/phase2-selected/pilot-I-shuffle/snapshot_evals/step_0004/task_case_dump.jsonl",
  "task_case_dump_rows": 61,
  "training_stage": "shared_injection_snapshot_eval",
  "writer_memory_control": "shuffled",
  "writer_memory_l2": 117.72502136230469,
  "writer_slot_norm_max": 41.62207794189453,
  "writer_slot_norm_mean": 41.622074127197266,
  "writer_slot_norm_std": 3.5683226542460034e-06
}