{
  "device": "cuda",
  "event_name": "train",
  "examples": 2448,
  "peak_device_memory_bytes": 11377403904,
  "peak_device_memory_mib": 10850.337891,
  "peak_rss_kb": 4863220,
  "token_count": 888897,
  "tokens_per_sec": 1957.060275,
  "wall_time_sec": 454.200114
}