{
  "best_adapt_macro_f1": 0.1518987341772152,
  "best_adapt_task_margin": -6.922214242278552,
  "best_adapt_task_score": 0.29508196721311475,
  "checkpoint_path": "/root/autodl-tmp/runs/verify/m4-fever-shared-injection-alignment-qwen25/pooled-block/phase2-selected/pilot-I-shuffle/snapshot_evals/step_0016/checkpoint.pt",
  "dominant_label_fraction": 1.0,
  "label_recall_by_class": {
    "NOT_ENOUGH_INFO": 0.0,
    "REFUTES": 0.0,
    "SUPPORTS": 1.0
  },
  "pilot_arm_alias": "I_shuffle",
  "pilot_support_encoder_mode": "pooled_block",
  "prefix_artifact_stats": {
    "active_prefix_layers": [
      0,
      7,
      14,
      21,
      27
    ],
    "layer_hidden_l2_by_layer": {
      "0": 17.012670516967773,
      "14": 16.77524185180664,
      "21": 17.02707862854004,
      "27": 16.665159225463867,
      "7": 16.36663246154785
    },
    "layer_key_l2_by_layer": {
      "0": 3120.864990234375,
      "14": 94.18624877929688,
      "21": 54.82572937011719,
      "27": 72.9018783569336,
      "7": 151.68035888671875
    },
    "layer_slot_norm_max_by_layer": {
      "0": 6.01479434967041,
      "14": 5.930774688720703,
      "21": 6.020696640014648,
      "27": 5.891960620880127,
      "7": 5.785778522491455
    },
    "layer_slot_norm_mean_by_layer": {
      "0": 6.014793395996094,
      "14": 5.930774211883545,
      "21": 6.020696640014648,
      "27": 5.891960144042969,
      "7": 5.785778045654297
    },
    "layer_slot_norm_std_by_layer": {
      "0": 5.331201577973843e-07,
      "14": 4.129530850605079e-07,
      "21": 6.529361940010858e-07,
      "27": 4.129530850605079e-07,
      "7": 4.460403317807504e-07
    },
    "layer_value_l2_by_layer": {
      "0": 17.68633460998535,
      "14": 68.13209533691406,
      "21": 77.0296859741211,
      "27": 230.07034301757812,
      "7": 35.468910217285156
    },
    "pilot_injection_mode": "sparse_deep_prefix",
    "pilot_support_encoder_mode": "pooled_block",
    "prefix_l2": 37.50108337402344,
    "prefix_slot_norm_max": 6.020696640014648,
    "prefix_slot_norm_mean": 5.9288010597229,
    "prefix_slot_norm_std": 0.08678249269723892,
    "prefix_tokens": 8.0,
    "support_item_count": 0.0,
    "support_item_hidden_l2": 0.0,
    "support_item_hidden_norm_max": 0.0,
    "support_item_hidden_norm_mean": 0.0,
    "support_item_hidden_norm_std": 0.0,
    "writer_memory_l2": 117.77124786376953,
    "writer_slot_norm_max": 41.638423919677734,
    "writer_slot_norm_mean": 41.638423919677734,
    "writer_slot_norm_std": 3.303624680484063e-06
  },
  "prefix_l2": 37.50108337402344,
  "prefix_slot_norm_max": 6.020696640014648,
  "prefix_slot_norm_mean": 5.9288010597229,
  "prefix_slot_norm_std": 0.08678249269723892,
  "prefix_tokens": 8,
  "prompt_variant": "answer_slot_labels",
  "shared_injection_arm": "injected",
  "step": 16,
  "support_item_count": 0.0,
  "support_item_hidden_l2": 0.0,
  "support_item_hidden_norm_max": 0.0,
  "support_item_hidden_norm_mean": 0.0,
  "support_item_hidden_norm_std": 0.0,
  "support_serialization_variant": "triad_curated6",
  "support_text_block_chars": 1415,
  "task_case_dump_path": "/root/autodl-tmp/runs/verify/m4-fever-shared-injection-alignment-qwen25/pooled-block/phase2-selected/pilot-I-shuffle/snapshot_evals/step_0016/task_case_dump.jsonl",
  "task_case_dump_rows": 61,
  "training_stage": "shared_injection_snapshot_eval",
  "writer_memory_control": "shuffled",
  "writer_memory_l2": 117.77124786376953,
  "writer_slot_norm_max": 41.638423919677734,
  "writer_slot_norm_mean": 41.638423919677734,
  "writer_slot_norm_std": 3.303624680484063e-06
}