{
  "best_adapt_macro_f1": 0.1518987341772152,
  "best_adapt_task_margin": -3.711203199918153,
  "best_adapt_task_score": 0.29508196721311475,
  "checkpoint_path": "/root/autodl-tmp/runs/verify/tl-poc-fever-qwen25/sl8/phase2-selected/pilot-I-real/snapshot_evals/step_0012/checkpoint.pt",
  "dominant_label_fraction": 1.0,
  "label_recall_by_class": {
    "NOT_ENOUGH_INFO": 0.0,
    "REFUTES": 0.0,
    "SUPPORTS": 1.0
  },
  "memory_long_l2": 117.73571014404297,
  "memory_long_slot_norm_max": 41.62586212158203,
  "memory_long_slot_norm_mean": 41.625858306884766,
  "memory_long_slot_norm_std": 3.5683226542460034e-06,
  "memory_long_slots": 8.0,
  "memory_short_l2": 117.73571014404297,
  "memory_short_pairwise_cosine_mean": 1.0,
  "memory_short_slot_norm_max": 41.62586212158203,
  "memory_short_slot_norm_mean": 41.625858306884766,
  "memory_short_slot_norm_std": 3.5683226542460034e-06,
  "memory_short_slots": 8.0,
  "pilot_arm_alias": "I_real",
  "pilot_fuser_short_slots": 8.0,
  "pilot_memory_path_variant": "single_level",
  "pilot_projector_token_source": "writer_slots",
  "pilot_reader_context_mode": "prompt_summary",
  "pilot_reader_num_queries": 0.0,
  "pilot_support_encoder_mode": "structured_support_set",
  "prefix_artifact_stats": {
    "active_prefix_layers": [
      0,
      7,
      14,
      21,
      27
    ],
    "layer_hidden_l2_by_layer": {
      "0": 29.330472946166992,
      "14": 28.631145477294922,
      "21": 29.461193084716797,
      "27": 29.269962310791016,
      "7": 28.190837860107422
    },
    "layer_key_l2_by_layer": {
      "0": 3114.121337890625,
      "14": 94.54569244384766,
      "21": 59.335853576660156,
      "27": 80.14350128173828,
      "7": 150.860595703125
    },
    "layer_slot_norm_max_by_layer": {
      "0": 10.370899200439453,
      "14": 10.124430656433105,
      "21": 10.417110443115234,
      "27": 10.3488187789917,
      "7": 9.96743106842041
    },
    "layer_slot_norm_mean_by_layer": {
      "0": 10.370899200439453,
      "14": 10.124429702758789,
      "21": 10.417109489440918,
      "27": 10.3488187789917,
      "7": 9.967430114746094
    },
    "layer_slot_norm_std_by_layer": {
      "0": 7.539457556049456e-07,
      "14": 7.539457556049456e-07,
      "21": 8.920806635615008e-07,
      "27": 4.76837158203125e-07,
      "7": 4.76837158203125e-07
    },
    "layer_value_l2_by_layer": {
      "0": 21.354001998901367,
      "14": 78.19448852539062,
      "21": 77.8658676147461,
      "27": 219.7666473388672,
      "7": 42.724754333496094
    },
    "memory_long_l2": 117.73571014404297,
    "memory_long_slot_norm_max": 41.62586212158203,
    "memory_long_slot_norm_mean": 41.625858306884766,
    "memory_long_slot_norm_std": 3.5683226542460034e-06,
    "memory_long_slots": 8.0,
    "memory_short_l2": 117.73571014404297,
    "memory_short_pairwise_cosine_mean": 1.0,
    "memory_short_slot_norm_max": 41.62586212158203,
    "memory_short_slot_norm_mean": 41.625858306884766,
    "memory_short_slot_norm_std": 3.5683226542460034e-06,
    "memory_short_slots": 8.0,
    "pilot_injection_mode": "sparse_deep_prefix",
    "pilot_memory_path_variant": "single_level",
    "pilot_projector_token_source": "writer_slots",
    "pilot_support_encoder_mode": "structured_support_set",
    "prefix_l2": 64.8088607788086,
    "prefix_slot_norm_max": 10.417110443115234,
    "prefix_slot_norm_mean": 10.24573802947998,
    "prefix_slot_norm_std": 0.17194758355617523,
    "prefix_tokens": 8.0,
    "reader_attention_entropy_max": 0.0,
    "reader_attention_entropy_mean": 0.0,
    "reader_attention_entropy_min": 0.0,
    "reader_attention_pairwise_cosine_mean": 0.0,
    "reader_num_queries": 0.0,
    "reader_query_entropy_by_query": [],
    "reader_slot_count": 8.0,
    "reader_slot_coverage_fraction": 0.0,
    "support_item_count": 6.0,
    "support_item_hidden_l2": 96.09988403320312,
    "support_item_hidden_norm_max": 39.23435592651367,
    "support_item_hidden_norm_mean": 39.23260498046875,
    "support_item_hidden_norm_std": 0.0013439280446618795,
    "writer_memory_l2": 117.73571014404297,
    "writer_slot_norm_max": 41.62586212158203,
    "writer_slot_norm_mean": 41.625858306884766,
    "writer_slot_norm_std": 3.5683226542460034e-06
  },
  "prefix_l2": 64.8088607788086,
  "prefix_slot_norm_max": 10.417110443115234,
  "prefix_slot_norm_mean": 10.24573802947998,
  "prefix_slot_norm_std": 0.17194758355617523,
  "prefix_tokens": 8,
  "prompt_variant": "answer_slot_labels",
  "reader_attention_entropy_max": 0.0,
  "reader_attention_entropy_mean": 0.0,
  "reader_attention_entropy_min": 0.0,
  "reader_attention_pairwise_cosine_mean": 0.0,
  "reader_num_queries": 0.0,
  "reader_slot_count": 8.0,
  "reader_slot_coverage_fraction": 0.0,
  "shared_injection_arm": "injected",
  "step": 12,
  "support_item_count": 6.0,
  "support_item_hidden_l2": 96.09988403320312,
  "support_item_hidden_norm_max": 39.23435592651367,
  "support_item_hidden_norm_mean": 39.23260498046875,
  "support_item_hidden_norm_std": 0.0013439280446618795,
  "support_serialization_variant": "triad_curated6",
  "support_text_block_chars": 1301,
  "task_case_dump_path": "/root/autodl-tmp/runs/verify/tl-poc-fever-qwen25/sl8/phase2-selected/pilot-I-real/snapshot_evals/step_0012/task_case_dump.jsonl",
  "task_case_dump_rows": 61,
  "training_stage": "shared_injection_snapshot_eval",
  "writer_memory_control": "real",
  "writer_memory_l2": 117.73571014404297,
  "writer_slot_norm_max": 41.62586212158203,
  "writer_slot_norm_mean": 41.625858306884766,
  "writer_slot_norm_std": 3.5683226542460034e-06
}