{
  "device": "cuda",
  "event_name": "train",
  "examples": 224,
  "peak_device_memory_bytes": 26987169792,
  "peak_device_memory_mib": 25736.970703,
  "peak_rss_kb": 3984788,
  "token_count": 1705918,
  "tokens_per_sec": 5121.470453,
  "wall_time_sec": 333.091446
}