{
  "best_adapt_macro_f1": 0.1518987341772152,
  "best_adapt_task_margin": -4.204255635621117,
  "best_adapt_task_score": 0.29508196721311475,
  "checkpoint_path": "/root/autodl-tmp/runs/verify/tl-poc-fever-qwen25/tl-h1-k4/phase2-selected/pilot-I-real/snapshot_evals/step_0012/checkpoint.pt",
  "dominant_label_fraction": 1.0,
  "label_recall_by_class": {
    "NOT_ENOUGH_INFO": 0.0,
    "REFUTES": 0.0,
    "SUPPORTS": 1.0
  },
  "memory_long_l2": 117.72112274169922,
  "memory_long_slot_norm_max": 41.620704650878906,
  "memory_long_slot_norm_mean": 41.62070083618164,
  "memory_long_slot_norm_std": 2.6973982585332124e-06,
  "memory_long_slots": 8.0,
  "memory_short_l2": 78.40491848304623,
  "memory_short_pairwise_cosine_mean": 0.9998361702825203,
  "memory_short_slot_norm_max": 39.20246737120581,
  "memory_short_slot_norm_mean": 39.20245905391506,
  "memory_short_slot_norm_std": 6.772226131078406e-06,
  "memory_short_slots": 4.0,
  "pilot_arm_alias": "I_real",
  "pilot_fuser_short_slots": 4.0,
  "pilot_memory_path_variant": "two_level",
  "pilot_projector_token_source": "short_slots",
  "pilot_reader_context_mode": "prompt_summary",
  "pilot_reader_num_queries": 1.0,
  "pilot_support_encoder_mode": "structured_support_set",
  "prefix_artifact_stats": {
    "active_prefix_layers": [
      0.0,
      7.0,
      14.0,
      21.0,
      27.0
    ],
    "layer_hidden_l2_by_layer": {
      "0": 25.638863704243644,
      "14": 25.31878227484031,
      "21": 26.03898795706327,
      "27": 25.94752733824683,
      "7": 25.563842398221375
    },
    "layer_key_l2_by_layer": {
      "0": 2205.225485879867,
      "14": 61.42212983428455,
      "21": 39.752295572249615,
      "27": 43.2385018770812,
      "7": 99.51554820576652
    },
    "layer_slot_norm_max_by_layer": {
      "0": 12.828400361733358,
      "14": 12.667390823364258,
      "21": 13.027962825337394,
      "27": 12.98284288312568,
      "7": 12.79062686982702
    },
    "layer_slot_norm_mean_by_layer": {
      "0": 12.819473407307608,
      "14": 12.659393122938813,
      "21": 13.01956181448014,
      "27": 12.973895792101251,
      "7": 12.781814934777431
    },
    "layer_slot_norm_std_by_layer": {
      "0": 0.006501690408245462,
      "14": 0.005958324115051598,
      "21": 0.0062590946718195425,
      "27": 0.006389772237018972,
      "7": 0.0063742703498631224
    },
    "layer_value_l2_by_layer": {
      "0": 13.068566853882837,
      "14": 46.76214130589219,
      "21": 51.798302009457444,
      "27": 139.9462582947778,
      "7": 25.060599092577323
    },
    "memory_long_l2": 117.72112274169922,
    "memory_long_slot_norm_max": 41.620704650878906,
    "memory_long_slot_norm_mean": 41.62070083618164,
    "memory_long_slot_norm_std": 2.6973982585332124e-06,
    "memory_long_slots": 8.0,
    "memory_short_l2": 78.40491848304623,
    "memory_short_pairwise_cosine_mean": 0.9998361702825203,
    "memory_short_slot_norm_max": 39.20246737120581,
    "memory_short_slot_norm_mean": 39.20245905391506,
    "memory_short_slot_norm_std": 6.772226131078406e-06,
    "memory_short_slots": 4.0,
    "pilot_injection_mode": "sparse_deep_prefix",
    "pilot_memory_path_variant": "two_level",
    "pilot_projector_token_source": "short_slots",
    "pilot_support_encoder_mode": "structured_support_set",
    "prefix_l2": 57.473650134977746,
    "prefix_slot_norm_max": 13.027962825337394,
    "prefix_slot_norm_mean": 12.85082793626629,
    "prefix_slot_norm_std": 0.13135867700225018,
    "prefix_tokens": 4.0,
    "reader_attention_entropy_max": 2.079441547393799,
    "reader_attention_entropy_mean": 2.079441547393799,
    "reader_attention_entropy_min": 2.079441547393799,
    "reader_attention_pairwise_cosine_mean": 0.0,
    "reader_num_queries": 1.0,
    "reader_query_entropy_by_query": [
      2.079441547393799
    ],
    "reader_slot_count": 8.0,
    "reader_slot_coverage_fraction": 0.24795081967213115,
    "support_item_count": 6.0,
    "support_item_hidden_l2": 96.1036148071289,
    "support_item_hidden_norm_max": 39.23594284057617,
    "support_item_hidden_norm_mean": 39.23413848876953,
    "support_item_hidden_norm_std": 0.001416905433870852,
    "writer_memory_l2": 117.72112274169922,
    "writer_slot_norm_max": 41.620704650878906,
    "writer_slot_norm_mean": 41.62070083618164,
    "writer_slot_norm_std": 2.6973982585332124e-06
  },
  "prefix_l2": 57.473650134977746,
  "prefix_slot_norm_max": 13.027962825337394,
  "prefix_slot_norm_mean": 12.85082793626629,
  "prefix_slot_norm_std": 0.13135867700225018,
  "prefix_tokens": 4,
  "prompt_variant": "answer_slot_labels",
  "reader_attention_entropy_max": 2.079441547393799,
  "reader_attention_entropy_mean": 2.079441547393799,
  "reader_attention_entropy_min": 2.079441547393799,
  "reader_attention_pairwise_cosine_mean": 0.0,
  "reader_num_queries": 1.0,
  "reader_slot_count": 8.0,
  "reader_slot_coverage_fraction": 0.24795081967213115,
  "shared_injection_arm": "injected",
  "step": 12,
  "support_item_count": 6.0,
  "support_item_hidden_l2": 96.1036148071289,
  "support_item_hidden_norm_max": 39.23594284057617,
  "support_item_hidden_norm_mean": 39.23413848876953,
  "support_item_hidden_norm_std": 0.001416905433870852,
  "support_serialization_variant": "triad_curated6",
  "support_text_block_chars": 1301,
  "task_case_dump_path": "/root/autodl-tmp/runs/verify/tl-poc-fever-qwen25/tl-h1-k4/phase2-selected/pilot-I-real/snapshot_evals/step_0012/task_case_dump.jsonl",
  "task_case_dump_rows": 61,
  "training_stage": "shared_injection_snapshot_eval",
  "writer_memory_control": "real",
  "writer_memory_l2": 117.72112274169922,
  "writer_slot_norm_max": 41.620704650878906,
  "writer_slot_norm_mean": 41.62070083618164,
  "writer_slot_norm_std": 2.6973982585332124e-06
}