{
  "device": "cuda",
  "event_name": "train",
  "examples": 1664,
  "peak_device_memory_bytes": 24243971072,
  "peak_device_memory_mib": 23120.852539,
  "peak_rss_kb": 4884332,
  "token_count": 861169,
  "tokens_per_sec": 1288.143435,
  "wall_time_sec": 668.535022
}