{
  "device": "cuda",
  "event_name": "train",
  "examples": 224,
  "peak_device_memory_bytes": 26987194880,
  "peak_device_memory_mib": 25736.994629,
  "peak_rss_kb": 6180432,
  "token_count": 1699401,
  "tokens_per_sec": 5112.176567,
  "wall_time_sec": 332.422204
}