{
  "all_nonfever_weak_prefix_attention": false,
  "any_nonfever_route_live": false,
  "any_nonfever_stable_training": false,
  "any_nonfever_usefulness_positive": false,
  "comparison_conclusion": "fix_route_before_next_run",
  "fever": {
    "benchmark_id": "fever",
    "delta_answer_logprob": 0.0,
    "exact_match": 0.671875,
    "exact_match_delta_vs_control": 0.34375,
    "loss_steps_1_50_median": 3.6497716903686523,
    "loss_steps_451_500_median": 0.15354326367378235,
    "memory_long_common_mode_energy_ratio": 0.9999998835846782,
    "non_regressive_task": true,
    "nonzero_delta_case_count": 64,
    "prefix_attention_mass_mean": 0.00844381769481591,
    "prefix_attention_mass_mean_by_layer": {
      "0": 0.0006417669744678278,
      "1": 0.0015208883399585222,
      "2": 0.015742178681345347,
      "3": 0.015870436783491943
    },
    "prefix_attention_nontrivial_layer_count": 3,
    "projected_memory_effective_rank": 17.576383620500565,
    "projector_grad_norm_steps_1_50_median": 169.19381713867188,
    "projector_grad_norm_steps_451_500_median": 0.7419015765190125,
    "receiver_lora_grad_norm_steps_1_50_median": 90.82059478759766,
    "receiver_lora_grad_norm_steps_451_500_median": 0.25908711552619934,
    "route_live": false,
    "stable_training": false,
    "task_metric_name": "accuracy",
    "task_name": "fever_real_smoke",
    "task_score": 0.671875,
    "task_score_delta_vs_control": 0.34375,
    "usefulness_positive": false,
    "weak_prefix_attention": true,
    "writer_grad_norm_steps_1_50_median": 0.0,
    "writer_grad_norm_steps_451_500_median": 0.020699020475149155
  },
  "fix_route_before_next_run": true,
  "gsm8k": {
    "benchmark_id": "gsm8k",
    "delta_answer_logprob": 0.0,
    "exact_match": 0.0,
    "exact_match_delta_vs_control": 0.0,
    "loss_steps_1_50_median": 8.565849304199219,
    "loss_steps_451_500_median": 3.8647913932800293,
    "memory_long_common_mode_energy_ratio": 0.9999997317790985,
    "non_regressive_task": true,
    "nonzero_delta_case_count": 40,
    "prefix_attention_mass_mean": 0.012874779347384901,
    "prefix_attention_mass_mean_by_layer": {
      "0": 0.0004654386659240117,
      "1": 0.0039061676972778512,
      "2": 0.032406245404854414,
      "3": 0.014721265621483326
    },
    "prefix_attention_nontrivial_layer_count": 3,
    "projected_memory_effective_rank": 16.35549325942993,
    "projector_grad_norm_steps_1_50_median": 315.0325012207031,
    "projector_grad_norm_steps_451_500_median": 58.3205451965332,
    "receiver_lora_grad_norm_steps_1_50_median": 70.27249145507812,
    "receiver_lora_grad_norm_steps_451_500_median": 19.571847915649414,
    "route_live": false,
    "stable_training": false,
    "task_metric_name": "exact_match",
    "task_name": "gsm8k_real_smoke",
    "task_score": 0.0,
    "task_score_delta_vs_control": 0.0,
    "usefulness_positive": false,
    "weak_prefix_attention": false,
    "writer_grad_norm_steps_1_50_median": 0.0,
    "writer_grad_norm_steps_451_500_median": 1.1328377723693848
  },
  "iterate_recipe_same_architecture": false,
  "move_to_layer_expansion_comparator": false,
  "move_to_writer_usefulness_branch": false,
  "narrativeqa": {
    "benchmark_id": "narrativeqa",
    "delta_answer_logprob": 0.0,
    "exact_match": 0.0,
    "exact_match_delta_vs_control": 0.0,
    "loss_steps_1_50_median": 15.945961952209473,
    "loss_steps_451_500_median": 3.641735792160034,
    "memory_long_common_mode_energy_ratio": 0.9999996895591418,
    "non_regressive_task": true,
    "nonzero_delta_case_count": 18,
    "prefix_attention_mass_mean": 0.0025441011161338642,
    "prefix_attention_mass_mean_by_layer": {
      "0": 1.535812805286696e-05,
      "1": 0.0017067542939912528,
      "2": 0.001963278492136548,
      "3": 0.006491013550354789
    },
    "prefix_attention_nontrivial_layer_count": 3,
    "projected_memory_effective_rank": 16.736869653065998,
    "projector_grad_norm_steps_1_50_median": 188.5189666748047,
    "projector_grad_norm_steps_451_500_median": 36.62348175048828,
    "receiver_lora_grad_norm_steps_1_50_median": 130.05865478515625,
    "receiver_lora_grad_norm_steps_451_500_median": 21.66555404663086,
    "route_live": false,
    "stable_training": false,
    "task_metric_name": "f1",
    "task_name": "narrativeqa_real_smoke",
    "task_score": 0.05760344306855935,
    "task_score_delta_vs_control": -6.879240980402213e-05,
    "usefulness_positive": false,
    "weak_prefix_attention": true,
    "writer_grad_norm_steps_1_50_median": 0.0,
    "writer_grad_norm_steps_451_500_median": 0.5032622218132019
  },
  "recommended_next_step": "debug_route_or_recipe",
  "source_stub_health": {
    "delta_answer_logprob": 0.0,
    "loss_steps_1_50_median": 9.608092933893204,
    "loss_tail_50_steps_median": 7.327191561460495,
    "prefix_attention_mass_mean": 0.0028564524465764405,
    "prefix_attention_nontrivial_layer_count": 4,
    "receiver_lora_grad_norm_steps_1_4_median": 150.3683624267578,
    "route_live": true,
    "source_grad_norm_steps_1_4_median": 1.0936521291732788,
    "stable_recipe": true
  }
}
