{
  "best_adapt_macro_f1": 0.3289057558507274,
  "best_adapt_task_margin": -2.28339876894091,
  "best_adapt_task_score": 0.39344262295081966,
  "checkpoint_path": "/root/autodl-tmp/runs/verify/tl-poc-fever-qwen25/tl-h1-k4/phase2-selected/pilot-I-real/snapshot_evals/step_0000/checkpoint.pt",
  "dominant_label_fraction": 0.819672131147541,
  "label_recall_by_class": {
    "NOT_ENOUGH_INFO": 0.0,
    "REFUTES": 0.4,
    "SUPPORTS": 0.8888888888888888
  },
  "memory_long_l2": 117.72467803955078,
  "memory_long_slot_norm_max": 41.62196350097656,
  "memory_long_slot_norm_mean": 41.62196350097656,
  "memory_long_slot_norm_std": 0.0,
  "memory_long_slots": 8.0,
  "memory_short_l2": 78.38318133745037,
  "memory_short_pairwise_cosine_mean": 0.9995069963033082,
  "memory_short_slot_norm_max": 39.1915934203101,
  "memory_short_slot_norm_mean": 39.19159104394131,
  "memory_short_slot_norm_std": 2.372495395857335e-06,
  "memory_short_slots": 4.0,
  "pilot_arm_alias": "I_real",
  "pilot_fuser_short_slots": 4.0,
  "pilot_memory_path_variant": "two_level",
  "pilot_projector_token_source": "short_slots",
  "pilot_reader_context_mode": "prompt_summary",
  "pilot_reader_num_queries": 1.0,
  "pilot_support_encoder_mode": "structured_support_set",
  "prefix_artifact_stats": {
    "active_prefix_layers": [
      0.0,
      7.0,
      14.0,
      21.0,
      27.0
    ],
    "layer_hidden_l2_by_layer": {
      "0": 2.0011653352956302,
      "14": 2.0335817942853835,
      "21": 2.06674385657076,
      "27": 2.071917215331656,
      "7": 1.9970916529170801
    },
    "layer_key_l2_by_layer": {
      "0": 2203.201119845031,
      "14": 60.72789926997951,
      "21": 41.380766196329084,
      "27": 52.40590717753426,
      "7": 103.62290154128779
    },
    "layer_slot_norm_max_by_layer": {
      "0": 1.0199795570529875,
      "14": 1.0350717784928494,
      "21": 1.0516419996980761,
      "27": 1.0550390384236321,
      "7": 1.016281120112685
    },
    "layer_slot_norm_mean_by_layer": {
      "0": 1.0005093773857492,
      "14": 1.016721275986218,
      "21": 1.0332948096462937,
      "27": 1.035879177148225,
      "7": 0.9984627317209713
    },
    "layer_slot_norm_std_by_layer": {
      "0": 0.013324508321334104,
      "14": 0.012450529750986178,
      "21": 0.01277550496160984,
      "27": 0.01269371392296963,
      "7": 0.012733849208252351
    },
    "layer_value_l2_by_layer": {
      "0": 13.95484155123351,
      "14": 54.57236161779185,
      "21": 54.27417842677382,
      "27": 143.1972641241355,
      "7": 29.393470482748064
    },
    "memory_long_l2": 117.72467803955078,
    "memory_long_slot_norm_max": 41.62196350097656,
    "memory_long_slot_norm_mean": 41.62196350097656,
    "memory_long_slot_norm_std": 0.0,
    "memory_long_slots": 8.0,
    "memory_short_l2": 78.38318133745037,
    "memory_short_pairwise_cosine_mean": 0.9995069963033082,
    "memory_short_slot_norm_max": 39.1915934203101,
    "memory_short_slot_norm_mean": 39.19159104394131,
    "memory_short_slot_norm_std": 2.372495395857335e-06,
    "memory_short_slots": 4.0,
    "pilot_injection_mode": "sparse_deep_prefix",
    "pilot_memory_path_variant": "two_level",
    "pilot_projector_token_source": "short_slots",
    "pilot_support_encoder_mode": "structured_support_set",
    "prefix_l2": 4.54909378583314,
    "prefix_slot_norm_max": 1.0590503675038698,
    "prefix_slot_norm_mean": 1.0169734827807693,
    "prefix_slot_norm_std": 0.02170257126820869,
    "prefix_tokens": 4.0,
    "reader_attention_entropy_max": 2.079441547393799,
    "reader_attention_entropy_mean": 2.079441547393799,
    "reader_attention_entropy_min": 2.079441547393799,
    "reader_attention_pairwise_cosine_mean": 0.0,
    "reader_num_queries": 1.0,
    "reader_query_entropy_by_query": [
      2.079441547393799
    ],
    "reader_slot_count": 8.0,
    "reader_slot_coverage_fraction": 0.2581967213114754,
    "support_item_count": 6.0,
    "support_item_hidden_l2": 96.0983657836914,
    "support_item_hidden_norm_max": 39.233707427978516,
    "support_item_hidden_norm_mean": 39.23198699951172,
    "support_item_hidden_norm_std": 0.0013412327971309423,
    "writer_memory_l2": 117.72467803955078,
    "writer_slot_norm_max": 41.62196350097656,
    "writer_slot_norm_mean": 41.62196350097656,
    "writer_slot_norm_std": 0.0
  },
  "prefix_l2": 4.54909378583314,
  "prefix_slot_norm_max": 1.0590503675038698,
  "prefix_slot_norm_mean": 1.0169734827807693,
  "prefix_slot_norm_std": 0.02170257126820869,
  "prefix_tokens": 4,
  "prompt_variant": "answer_slot_labels",
  "reader_attention_entropy_max": 2.079441547393799,
  "reader_attention_entropy_mean": 2.079441547393799,
  "reader_attention_entropy_min": 2.079441547393799,
  "reader_attention_pairwise_cosine_mean": 0.0,
  "reader_num_queries": 1.0,
  "reader_slot_count": 8.0,
  "reader_slot_coverage_fraction": 0.2581967213114754,
  "shared_injection_arm": "injected",
  "step": 0,
  "support_item_count": 6.0,
  "support_item_hidden_l2": 96.0983657836914,
  "support_item_hidden_norm_max": 39.233707427978516,
  "support_item_hidden_norm_mean": 39.23198699951172,
  "support_item_hidden_norm_std": 0.0013412327971309423,
  "support_serialization_variant": "triad_curated6",
  "support_text_block_chars": 1301,
  "task_case_dump_path": "/root/autodl-tmp/runs/verify/tl-poc-fever-qwen25/tl-h1-k4/phase2-selected/pilot-I-real/snapshot_evals/step_0000/task_case_dump.jsonl",
  "task_case_dump_rows": 61,
  "training_stage": "shared_injection_snapshot_eval",
  "writer_memory_control": "real",
  "writer_memory_l2": 117.72467803955078,
  "writer_slot_norm_max": 41.62196350097656,
  "writer_slot_norm_mean": 41.62196350097656,
  "writer_slot_norm_std": 0.0
}