{
  "best_adapt_macro_f1": 0.1518987341772152,
  "best_adapt_task_margin": -4.8128690172414315,
  "best_adapt_task_score": 0.29508196721311475,
  "checkpoint_path": "/root/autodl-tmp/runs/verify/tl-poc-fever-qwen25/tl-h1-k4/phase2-selected/pilot-I-shuffle/snapshot_evals/step_0024/checkpoint.pt",
  "dominant_label_fraction": 1.0,
  "label_recall_by_class": {
    "NOT_ENOUGH_INFO": 0.0,
    "REFUTES": 0.0,
    "SUPPORTS": 1.0
  },
  "memory_long_l2": 117.72590637207031,
  "memory_long_slot_norm_max": 41.622398376464844,
  "memory_long_slot_norm_mean": 41.62240219116211,
  "memory_long_slot_norm_std": 5.560828867601231e-06,
  "memory_long_slots": 8.0,
  "memory_short_l2": 78.41149264476338,
  "memory_short_pairwise_cosine_mean": 0.9998761689076658,
  "memory_short_slot_norm_max": 39.205755890392865,
  "memory_short_slot_norm_mean": 39.20574588462954,
  "memory_short_slot_norm_std": 8.007941866454814e-06,
  "memory_short_slots": 4.0,
  "pilot_arm_alias": "I_shuffle",
  "pilot_fuser_short_slots": 4.0,
  "pilot_memory_path_variant": "two_level",
  "pilot_projector_token_source": "short_slots",
  "pilot_reader_context_mode": "prompt_summary",
  "pilot_reader_num_queries": 1.0,
  "pilot_support_encoder_mode": "structured_support_set",
  "prefix_artifact_stats": {
    "active_prefix_layers": [
      0.0,
      7.0,
      14.0,
      21.0,
      27.0
    ],
    "layer_hidden_l2_by_layer": {
      "0": 34.98028814597208,
      "14": 34.834083119376764,
      "21": 35.07020600115666,
      "27": 35.788605799440475,
      "7": 35.895432894347145
    },
    "layer_key_l2_by_layer": {
      "0": 2201.9057457095287,
      "14": 69.87239837646484,
      "21": 47.64118676107438,
      "27": 52.43288577970911,
      "7": 100.9657754116371
    },
    "layer_slot_norm_max_by_layer": {
      "0": 17.49883604831383,
      "14": 17.425688821761334,
      "21": 17.543910386132413,
      "27": 17.903378971287463,
      "7": 17.957171424490507
    },
    "layer_slot_norm_mean_by_layer": {
      "0": 17.490032539993035,
      "14": 17.417138115304414,
      "21": 17.5350389949611,
      "27": 17.89437731758493,
      "7": 17.947918188376505
    },
    "layer_slot_norm_std_by_layer": {
      "0": 0.005173969349717019,
      "14": 0.00501752764627826,
      "21": 0.005167326164721954,
      "27": 0.005268385870473795,
      "7": 0.005507052960026948
    },
    "layer_value_l2_by_layer": {
      "0": 13.420275703805391,
      "14": 47.66801946671283,
      "21": 52.209801595719135,
      "27": 147.53598672835554,
      "7": 25.712132907304607
    },
    "memory_long_l2": 117.72590637207031,
    "memory_long_slot_norm_max": 41.622398376464844,
    "memory_long_slot_norm_mean": 41.62240219116211,
    "memory_long_slot_norm_std": 5.560828867601231e-06,
    "memory_long_slots": 8.0,
    "memory_short_l2": 78.41149264476338,
    "memory_short_pairwise_cosine_mean": 0.9998761689076658,
    "memory_short_slot_norm_max": 39.205755890392865,
    "memory_short_slot_norm_mean": 39.20574588462954,
    "memory_short_slot_norm_std": 8.007941866454814e-06,
    "memory_short_slots": 4.0,
    "pilot_injection_mode": "sparse_deep_prefix",
    "pilot_memory_path_variant": "two_level",
    "pilot_projector_token_source": "short_slots",
    "pilot_support_encoder_mode": "structured_support_set",
    "prefix_l2": 78.97017657170531,
    "prefix_slot_norm_max": 17.957171424490507,
    "prefix_slot_norm_mean": 17.656901093780018,
    "prefix_slot_norm_std": 0.21977062865358885,
    "prefix_tokens": 4.0,
    "reader_attention_entropy_max": 2.079441547393799,
    "reader_attention_entropy_mean": 2.079441547393799,
    "reader_attention_entropy_min": 2.079441547393799,
    "reader_attention_pairwise_cosine_mean": 0.0,
    "reader_num_queries": 1.0,
    "reader_query_entropy_by_query": [
      2.079441547393799
    ],
    "reader_slot_count": 8.0,
    "reader_slot_coverage_fraction": 0.22950819672131148,
    "support_item_count": 6.0,
    "support_item_hidden_l2": 96.10598754882812,
    "support_item_hidden_norm_max": 39.236690521240234,
    "support_item_hidden_norm_mean": 39.235103607177734,
    "support_item_hidden_norm_std": 0.001575576956383884,
    "writer_memory_l2": 117.72590637207031,
    "writer_slot_norm_max": 41.622398376464844,
    "writer_slot_norm_mean": 41.62240219116211,
    "writer_slot_norm_std": 5.560828867601231e-06
  },
  "prefix_l2": 78.97017657170531,
  "prefix_slot_norm_max": 17.957171424490507,
  "prefix_slot_norm_mean": 17.656901093780018,
  "prefix_slot_norm_std": 0.21977062865358885,
  "prefix_tokens": 4,
  "prompt_variant": "answer_slot_labels",
  "reader_attention_entropy_max": 2.079441547393799,
  "reader_attention_entropy_mean": 2.079441547393799,
  "reader_attention_entropy_min": 2.079441547393799,
  "reader_attention_pairwise_cosine_mean": 0.0,
  "reader_num_queries": 1.0,
  "reader_slot_count": 8.0,
  "reader_slot_coverage_fraction": 0.22950819672131148,
  "shared_injection_arm": "injected",
  "step": 24,
  "support_item_count": 6.0,
  "support_item_hidden_l2": 96.10598754882812,
  "support_item_hidden_norm_max": 39.236690521240234,
  "support_item_hidden_norm_mean": 39.235103607177734,
  "support_item_hidden_norm_std": 0.001575576956383884,
  "support_serialization_variant": "triad_curated6",
  "support_text_block_chars": 1415,
  "task_case_dump_path": "/root/autodl-tmp/runs/verify/tl-poc-fever-qwen25/tl-h1-k4/phase2-selected/pilot-I-shuffle/snapshot_evals/step_0024/task_case_dump.jsonl",
  "task_case_dump_rows": 61,
  "training_stage": "shared_injection_snapshot_eval",
  "writer_memory_control": "shuffled",
  "writer_memory_l2": 117.72590637207031,
  "writer_slot_norm_max": 41.622398376464844,
  "writer_slot_norm_mean": 41.62240219116211,
  "writer_slot_norm_std": 5.560828867601231e-06
}