{
  "best_adapt_macro_f1": 0.1518987341772152,
  "best_adapt_task_margin": -1.2886502781852347,
  "best_adapt_task_score": 0.29508196721311475,
  "checkpoint_path": "/root/autodl-tmp/runs/verify/m4-fever-shared-injection-alignment-qwen25/freeze-writer/phase2-selected/pilot-I-real/snapshot_evals/step_0000/checkpoint.pt",
  "dominant_label_fraction": 1.0,
  "label_recall_by_class": {
    "NOT_ENOUGH_INFO": 0.0,
    "REFUTES": 0.0,
    "SUPPORTS": 1.0
  },
  "pilot_arm_alias": "I_real",
  "pilot_support_encoder_mode": "structured_support_set",
  "prefix_artifact_stats": {
    "active_prefix_layers": [
      0,
      7,
      14,
      21,
      27
    ],
    "layer_hidden_l2_by_layer": {
      "0": 2.97861909866333,
      "14": 2.856929302215576,
      "21": 2.9057765007019043,
      "27": 2.932231903076172,
      "7": 2.9209985733032227
    },
    "layer_key_l2_by_layer": {
      "0": 3118.905029296875,
      "14": 88.58773040771484,
      "21": 64.01422882080078,
      "27": 64.33171844482422,
      "7": 144.81805419921875
    },
    "layer_slot_norm_max_by_layer": {
      "0": 1.053093433380127,
      "14": 1.0100481510162354,
      "21": 1.027250051498413,
      "27": 1.0368098020553589,
      "7": 1.0327540636062622
    },
    "layer_slot_norm_mean_by_layer": {
      "0": 1.0530933141708374,
      "14": 1.0100480318069458,
      "21": 1.027250051498413,
      "27": 1.0368098020553589,
      "7": 1.0327539443969727
    },
    "layer_slot_norm_std_by_layer": {
      "0": 5.960464477539063e-08,
      "14": 5.960464477539063e-08,
      "21": 9.42432194506182e-08,
      "27": 1.2644053981603065e-07,
      "7": 7.300048565639372e-08
    },
    "layer_value_l2_by_layer": {
      "0": 18.05699348449707,
      "14": 58.19755172729492,
      "21": 73.86639404296875,
      "27": 212.2222137451172,
      "7": 33.3218994140625
    },
    "pilot_injection_mode": "sparse_deep_prefix",
    "pilot_support_encoder_mode": "structured_support_set",
    "prefix_l2": 6.527487754821777,
    "prefix_slot_norm_max": 1.053093433380127,
    "prefix_slot_norm_mean": 1.031990885734558,
    "prefix_slot_norm_std": 0.013950489461421967,
    "prefix_tokens": 8.0,
    "support_item_count": 6.0,
    "support_item_hidden_l2": 95.99951934814453,
    "support_item_hidden_norm_max": 39.19164276123047,
    "support_item_hidden_norm_mean": 39.1916389465332,
    "support_item_hidden_norm_std": 3.814697265625e-06,
    "writer_memory_l2": 111.12970733642578,
    "writer_slot_norm_max": 39.290279388427734,
    "writer_slot_norm_mean": 39.290279388427734,
    "writer_slot_norm_std": 0.0
  },
  "prefix_l2": 6.527487754821777,
  "prefix_slot_norm_max": 1.053093433380127,
  "prefix_slot_norm_mean": 1.031990885734558,
  "prefix_slot_norm_std": 0.013950489461421967,
  "prefix_tokens": 8,
  "prompt_variant": "answer_slot_labels",
  "shared_injection_arm": "injected",
  "step": 0,
  "support_item_count": 6.0,
  "support_item_hidden_l2": 95.99951934814453,
  "support_item_hidden_norm_max": 39.19164276123047,
  "support_item_hidden_norm_mean": 39.1916389465332,
  "support_item_hidden_norm_std": 3.814697265625e-06,
  "support_serialization_variant": "triad_curated6",
  "support_text_block_chars": 1301,
  "task_case_dump_path": "/root/autodl-tmp/runs/verify/m4-fever-shared-injection-alignment-qwen25/freeze-writer/phase2-selected/pilot-I-real/snapshot_evals/step_0000/task_case_dump.jsonl",
  "task_case_dump_rows": 61,
  "training_stage": "shared_injection_snapshot_eval",
  "writer_memory_control": "real",
  "writer_memory_l2": 111.12970733642578,
  "writer_slot_norm_max": 39.290279388427734,
  "writer_slot_norm_mean": 39.290279388427734,
  "writer_slot_norm_std": 0.0
}