{
  "best_adapt_macro_f1": 0.1518987341772152,
  "best_adapt_task_margin": -5.164577859346984,
  "best_adapt_task_score": 0.29508196721311475,
  "checkpoint_path": "/root/autodl-tmp/runs/verify/m5-fever-writer-objective-rewrite-qwen25/canonical/phase2-selected/pilot-I-real/snapshot_evals/step_0024/checkpoint.pt",
  "dominant_label_fraction": 1.0,
  "label_recall_by_class": {
    "NOT_ENOUGH_INFO": 0.0,
    "REFUTES": 0.0,
    "SUPPORTS": 1.0
  },
  "pilot_arm_alias": "I_real",
  "pilot_support_encoder_mode": "structured_support_set",
  "prefix_artifact_stats": {
    "active_prefix_layers": [
      0,
      7,
      14,
      21,
      27
    ],
    "layer_hidden_l2_by_layer": {
      "0": 28.80170249938965,
      "14": 27.98809242248535,
      "21": 29.372215270996094,
      "27": 28.84206771850586,
      "7": 27.903432846069336
    },
    "layer_key_l2_by_layer": {
      "0": 3114.755615234375,
      "14": 97.23419189453125,
      "21": 58.65553283691406,
      "27": 81.9718017578125,
      "7": 151.99270629882812
    },
    "layer_slot_norm_max_by_layer": {
      "0": 10.182738304138184,
      "14": 9.895379066467285,
      "21": 10.383241653442383,
      "27": 10.19621467590332,
      "7": 9.863903999328613
    },
    "layer_slot_norm_mean_by_layer": {
      "0": 10.182738304138184,
      "14": 9.895379066467285,
      "21": 10.383240699768066,
      "27": 10.196213722229004,
      "7": 9.863903045654297
    },
    "layer_slot_norm_std_by_layer": {
      "0": 6.743495646333031e-07,
      "14": 3.3717478231665154e-07,
      "21": 8.920806635615008e-07,
      "27": 7.539457556049456e-07,
      "7": 8.259061701210157e-07
    },
    "layer_value_l2_by_layer": {
      "0": 22.000146865844727,
      "14": 80.36943817138672,
      "21": 78.21260070800781,
      "27": 229.56369018554688,
      "7": 42.985782623291016
    },
    "pilot_injection_mode": "sparse_deep_prefix",
    "pilot_support_encoder_mode": "structured_support_set",
    "prefix_l2": 63.917327880859375,
    "prefix_slot_norm_max": 10.383241653442383,
    "prefix_slot_norm_mean": 10.10429573059082,
    "prefix_slot_norm_std": 0.19689993560314178,
    "prefix_tokens": 8.0,
    "support_item_count": 6.0,
    "support_item_hidden_l2": 96.10408782958984,
    "support_item_hidden_norm_max": 39.23617172241211,
    "support_item_hidden_norm_mean": 39.23432922363281,
    "support_item_hidden_norm_std": 0.0014550024643540382,
    "writer_memory_l2": 117.7472915649414,
    "writer_slot_norm_max": 41.62996292114258,
    "writer_slot_norm_mean": 41.62996292114258,
    "writer_slot_norm_std": 1.9073486328125e-06
  },
  "prefix_l2": 63.917327880859375,
  "prefix_slot_norm_max": 10.383241653442383,
  "prefix_slot_norm_mean": 10.10429573059082,
  "prefix_slot_norm_std": 0.19689993560314178,
  "prefix_tokens": 8,
  "prompt_variant": "answer_slot_labels",
  "shared_injection_arm": "injected",
  "step": 24,
  "support_item_count": 6.0,
  "support_item_hidden_l2": 96.10408782958984,
  "support_item_hidden_norm_max": 39.23617172241211,
  "support_item_hidden_norm_mean": 39.23432922363281,
  "support_item_hidden_norm_std": 0.0014550024643540382,
  "support_serialization_variant": "triad_curated6",
  "support_text_block_chars": 1301,
  "task_case_dump_path": "/root/autodl-tmp/runs/verify/m5-fever-writer-objective-rewrite-qwen25/canonical/phase2-selected/pilot-I-real/snapshot_evals/step_0024/task_case_dump.jsonl",
  "task_case_dump_rows": 61,
  "training_stage": "shared_injection_snapshot_eval",
  "writer_memory_control": "real",
  "writer_memory_l2": 117.7472915649414,
  "writer_slot_norm_max": 41.62996292114258,
  "writer_slot_norm_mean": 41.62996292114258,
  "writer_slot_norm_std": 1.9073486328125e-06
}