{
  "device": "cuda",
  "event_name": "train",
  "examples": 2448,
  "peak_device_memory_bytes": 13601775104,
  "peak_device_memory_mib": 12971.663574,
  "peak_rss_kb": 4865432,
  "token_count": 891538,
  "tokens_per_sec": 1205.870113,
  "wall_time_sec": 739.331699
}