{
  "best_adapt_macro_f1": 0.15384615384615383,
  "best_adapt_task_margin": -2.4036978815422683,
  "best_adapt_task_score": 0.29508196721311475,
  "checkpoint_path": "/root/autodl-tmp/runs/verify/tl-poc-fever-qwen25/tl-h4-k8/phase2-selected/pilot-I-real/snapshot_evals/step_0000/checkpoint.pt",
  "dominant_label_fraction": 0.9836065573770492,
  "label_recall_by_class": {
    "NOT_ENOUGH_INFO": 0.0,
    "REFUTES": 0.0,
    "SUPPORTS": 1.0
  },
  "memory_long_l2": 117.72467803955078,
  "memory_long_slot_norm_max": 41.62196350097656,
  "memory_long_slot_norm_mean": 41.62196350097656,
  "memory_long_slot_norm_std": 0.0,
  "memory_long_slots": 8.0,
  "memory_short_l2": 110.8506248349049,
  "memory_short_pairwise_cosine_mean": 0.9995584654026344,
  "memory_short_slot_norm_max": 39.19161887247054,
  "memory_short_slot_norm_mean": 39.191615495525426,
  "memory_short_slot_norm_std": 3.2258833415221115e-06,
  "memory_short_slots": 8.0,
  "pilot_arm_alias": "I_real",
  "pilot_fuser_short_slots": 8.0,
  "pilot_memory_path_variant": "two_level",
  "pilot_projector_token_source": "short_slots",
  "pilot_reader_context_mode": "prompt_summary",
  "pilot_reader_num_queries": 4.0,
  "pilot_support_encoder_mode": "structured_support_set",
  "prefix_artifact_stats": {
    "active_prefix_layers": [
      0.0,
      7.0,
      14.0,
      21.0,
      27.0
    ],
    "layer_hidden_l2_by_layer": {
      "0": 7.588100785114726,
      "14": 7.651606090733262,
      "21": 7.784068084153973,
      "27": 7.81651095874974,
      "7": 7.9507341384887695
    },
    "layer_key_l2_by_layer": {
      "0": 3116.9556704661886,
      "14": 79.97690319624104,
      "21": 63.559946028912655,
      "27": 65.37046388719902,
      "7": 146.69095223848936
    },
    "layer_slot_norm_max_by_layer": {
      "0": 2.7156825065612793,
      "14": 2.740901114510708,
      "21": 2.785653833483086,
      "27": 2.798480186306062,
      "7": 2.8465615725908124
    },
    "layer_slot_norm_mean_by_layer": {
      "0": 2.682728802571531,
      "14": 2.7051852140270296,
      "21": 2.752014355581315,
      "27": 2.7634948902442806,
      "7": 2.810941391303891
    },
    "layer_slot_norm_std_by_layer": {
      "0": 0.0196768584981805,
      "14": 0.02016331261542977,
      "21": 0.020215663295544563,
      "27": 0.02008472309737909,
      "7": 0.020475612953305244
    },
    "layer_value_l2_by_layer": {
      "0": 17.40868390192751,
      "14": 58.922930482958186,
      "21": 66.57995555439933,
      "27": 195.2491942859087,
      "7": 32.23663301936916
    },
    "memory_long_l2": 117.72467803955078,
    "memory_long_slot_norm_max": 41.62196350097656,
    "memory_long_slot_norm_mean": 41.62196350097656,
    "memory_long_slot_norm_std": 0.0,
    "memory_long_slots": 8.0,
    "memory_short_l2": 110.8506248349049,
    "memory_short_pairwise_cosine_mean": 0.9995584654026344,
    "memory_short_slot_norm_max": 39.19161887247054,
    "memory_short_slot_norm_mean": 39.191615495525426,
    "memory_short_slot_norm_std": 3.2258833415221115e-06,
    "memory_short_slots": 8.0,
    "pilot_injection_mode": "sparse_deep_prefix",
    "pilot_memory_path_variant": "two_level",
    "pilot_projector_token_source": "short_slots",
    "pilot_support_encoder_mode": "structured_support_set",
    "prefix_l2": 17.350335355664864,
    "prefix_slot_norm_max": 2.8465615725908124,
    "prefix_slot_norm_mean": 2.742872926055408,
    "prefix_slot_norm_std": 0.04997000660075516,
    "prefix_tokens": 8.0,
    "reader_attention_entropy_max": 2.079441547393799,
    "reader_attention_entropy_mean": 2.079441547393799,
    "reader_attention_entropy_min": 2.079441547393799,
    "reader_attention_pairwise_cosine_mean": 1.0,
    "reader_num_queries": 4.0,
    "reader_query_entropy_by_query": [
      2.079441547393799,
      2.079441547393799,
      2.079441547393799,
      2.079441547393799
    ],
    "reader_slot_count": 8.0,
    "reader_slot_coverage_fraction": 0.5163934426229508,
    "support_item_count": 6.0,
    "support_item_hidden_l2": 96.0983657836914,
    "support_item_hidden_norm_max": 39.233707427978516,
    "support_item_hidden_norm_mean": 39.23198699951172,
    "support_item_hidden_norm_std": 0.0013412327971309423,
    "writer_memory_l2": 117.72467803955078,
    "writer_slot_norm_max": 41.62196350097656,
    "writer_slot_norm_mean": 41.62196350097656,
    "writer_slot_norm_std": 0.0
  },
  "prefix_l2": 17.350335355664864,
  "prefix_slot_norm_max": 2.8465615725908124,
  "prefix_slot_norm_mean": 2.742872926055408,
  "prefix_slot_norm_std": 0.04997000660075516,
  "prefix_tokens": 8,
  "prompt_variant": "answer_slot_labels",
  "reader_attention_entropy_max": 2.079441547393799,
  "reader_attention_entropy_mean": 2.079441547393799,
  "reader_attention_entropy_min": 2.079441547393799,
  "reader_attention_pairwise_cosine_mean": 1.0,
  "reader_num_queries": 4.0,
  "reader_slot_count": 8.0,
  "reader_slot_coverage_fraction": 0.5163934426229508,
  "shared_injection_arm": "injected",
  "step": 0,
  "support_item_count": 6.0,
  "support_item_hidden_l2": 96.0983657836914,
  "support_item_hidden_norm_max": 39.233707427978516,
  "support_item_hidden_norm_mean": 39.23198699951172,
  "support_item_hidden_norm_std": 0.0013412327971309423,
  "support_serialization_variant": "triad_curated6",
  "support_text_block_chars": 1301,
  "task_case_dump_path": "/root/autodl-tmp/runs/verify/tl-poc-fever-qwen25/tl-h4-k8/phase2-selected/pilot-I-real/snapshot_evals/step_0000/task_case_dump.jsonl",
  "task_case_dump_rows": 61,
  "training_stage": "shared_injection_snapshot_eval",
  "writer_memory_control": "real",
  "writer_memory_l2": 117.72467803955078,
  "writer_slot_norm_max": 41.62196350097656,
  "writer_slot_norm_mean": 41.62196350097656,
  "writer_slot_norm_std": 0.0
}