{
  "device": "cuda",
  "event_name": "train",
  "examples": 224,
  "peak_device_memory_bytes": 26547325440,
  "peak_device_memory_mib": 25317.502441,
  "peak_rss_kb": 3985308,
  "token_count": 1705514,
  "tokens_per_sec": 7659.153768,
  "wall_time_sec": 222.676558
}