{
  "best_adapt_macro_f1": 0.1518987341772152,
  "best_adapt_task_margin": -3.7398625358206328,
  "best_adapt_task_score": 0.29508196721311475,
  "checkpoint_path": "/root/autodl-tmp/runs/verify/m5-fever-writer-objective-rewrite-qwen25/anchor-only/phase2-selected/pilot-I-real/snapshot_evals/step_0024/checkpoint.pt",
  "dominant_label_fraction": 1.0,
  "label_recall_by_class": {
    "NOT_ENOUGH_INFO": 0.0,
    "REFUTES": 0.0,
    "SUPPORTS": 1.0
  },
  "pilot_arm_alias": "I_real",
  "pilot_support_encoder_mode": "structured_support_set",
  "prefix_artifact_stats": {
    "active_prefix_layers": [
      0,
      7,
      14,
      21,
      27
    ],
    "layer_hidden_l2_by_layer": {
      "0": 29.305604934692383,
      "14": 28.351266860961914,
      "21": 29.649574279785156,
      "27": 29.128124237060547,
      "7": 28.18453025817871
    },
    "layer_key_l2_by_layer": {
      "0": 3114.061767578125,
      "14": 96.27464294433594,
      "21": 58.92699432373047,
      "27": 81.66397857666016,
      "7": 151.4623260498047
    },
    "layer_slot_norm_max_by_layer": {
      "0": 10.360956192016602,
      "14": 10.022826194763184,
      "21": 10.482536315917969,
      "27": 10.299038887023926,
      "7": 9.965792655944824
    },
    "layer_slot_norm_mean_by_layer": {
      "0": 10.360955238342285,
      "14": 10.022826194763184,
      "21": 10.482536315917969,
      "27": 10.299038887023926,
      "7": 9.965792655944824
    },
    "layer_slot_norm_std_by_layer": {
      "0": 9.5367431640625e-07,
      "14": 4.76837158203125e-07,
      "21": 0.0,
      "27": 5.840038852511498e-07,
      "7": 0.0
    },
    "layer_value_l2_by_layer": {
      "0": 21.71659278869629,
      "14": 80.04621124267578,
      "21": 79.04780578613281,
      "27": 228.31427001953125,
      "7": 43.36341094970703
    },
    "pilot_injection_mode": "sparse_deep_prefix",
    "pilot_support_encoder_mode": "structured_support_set",
    "prefix_l2": 64.68861389160156,
    "prefix_slot_norm_max": 10.482536315917969,
    "prefix_slot_norm_mean": 10.22623062133789,
    "prefix_slot_norm_std": 0.1991712749004364,
    "prefix_tokens": 8.0,
    "support_item_count": 6.0,
    "support_item_hidden_l2": 96.10002899169922,
    "support_item_hidden_norm_max": 39.234413146972656,
    "support_item_hidden_norm_mean": 39.23267364501953,
    "support_item_hidden_norm_std": 0.0013606612337753177,
    "writer_memory_l2": 117.73834228515625,
    "writer_slot_norm_max": 41.626773834228516,
    "writer_slot_norm_mean": 41.62677001953125,
    "writer_slot_norm_std": 1.9073486328125e-06
  },
  "prefix_l2": 64.68861389160156,
  "prefix_slot_norm_max": 10.482536315917969,
  "prefix_slot_norm_mean": 10.22623062133789,
  "prefix_slot_norm_std": 0.1991712749004364,
  "prefix_tokens": 8,
  "prompt_variant": "answer_slot_labels",
  "shared_injection_arm": "injected",
  "step": 24,
  "support_item_count": 6.0,
  "support_item_hidden_l2": 96.10002899169922,
  "support_item_hidden_norm_max": 39.234413146972656,
  "support_item_hidden_norm_mean": 39.23267364501953,
  "support_item_hidden_norm_std": 0.0013606612337753177,
  "support_serialization_variant": "triad_curated6",
  "support_text_block_chars": 1301,
  "task_case_dump_path": "/root/autodl-tmp/runs/verify/m5-fever-writer-objective-rewrite-qwen25/anchor-only/phase2-selected/pilot-I-real/snapshot_evals/step_0024/task_case_dump.jsonl",
  "task_case_dump_rows": 61,
  "training_stage": "shared_injection_snapshot_eval",
  "writer_memory_control": "real",
  "writer_memory_l2": 117.73834228515625,
  "writer_slot_norm_max": 41.626773834228516,
  "writer_slot_norm_mean": 41.62677001953125,
  "writer_slot_norm_std": 1.9073486328125e-06
}