{
  "best_adapt_macro_f1": 0.1518987341772152,
  "best_adapt_task_margin": -6.520427039412201,
  "best_adapt_task_score": 0.29508196721311475,
  "checkpoint_path": "/root/autodl-tmp/runs/verify/m5-fever-writer-reasoner-alignment-qwen25/canonical/phase2-selected/pilot-I-real/snapshot_evals/step_0048/checkpoint.pt",
  "dominant_label_fraction": 1.0,
  "label_recall_by_class": {
    "NOT_ENOUGH_INFO": 0.0,
    "REFUTES": 0.0,
    "SUPPORTS": 1.0
  },
  "pilot_arm_alias": "I_real",
  "pilot_support_encoder_mode": "structured_support_set",
  "prefix_artifact_stats": {
    "active_prefix_layers": [
      0,
      7,
      14,
      21,
      27
    ],
    "layer_hidden_l2_by_layer": {
      "0": 31.798608779907227,
      "14": 31.491575241088867,
      "21": 32.25925827026367,
      "27": 31.84568977355957,
      "7": 29.95502471923828
    },
    "layer_key_l2_by_layer": {
      "0": 3115.609375,
      "14": 95.82630920410156,
      "21": 63.48683547973633,
      "27": 83.18632507324219,
      "7": 151.17588806152344
    },
    "layer_slot_norm_max_by_layer": {
      "0": 11.243181228637695,
      "14": 11.134079933166504,
      "21": 11.406476974487305,
      "27": 11.257857322692871,
      "7": 10.589923858642578
    },
    "layer_slot_norm_mean_by_layer": {
      "0": 11.243180274963379,
      "14": 11.134078979492188,
      "21": 11.406477928161621,
      "27": 11.257857322692871,
      "7": 10.589922904968262
    },
    "layer_slot_norm_std_by_layer": {
      "0": 6.743495646333031e-07,
      "14": 6.743495646333031e-07,
      "21": 9.5367431640625e-07,
      "27": 0.0,
      "7": 3.3717478231665154e-07
    },
    "layer_value_l2_by_layer": {
      "0": 21.442529678344727,
      "14": 72.06001281738281,
      "21": 83.28271484375,
      "27": 227.7837677001953,
      "7": 44.402931213378906
    },
    "pilot_injection_mode": "sparse_deep_prefix",
    "pilot_support_encoder_mode": "structured_support_set",
    "prefix_l2": 70.39141845703125,
    "prefix_slot_norm_max": 11.406476974487305,
    "prefix_slot_norm_mean": 11.126304626464844,
    "prefix_slot_norm_std": 0.2818610966205597,
    "prefix_tokens": 8.0,
    "support_item_count": 6.0,
    "support_item_hidden_l2": 96.12194061279297,
    "support_item_hidden_norm_max": 39.24409484863281,
    "support_item_hidden_norm_mean": 39.24162673950195,
    "support_item_hidden_norm_std": 0.001902128104120493,
    "writer_memory_l2": 117.74253845214844,
    "writer_slot_norm_max": 41.628273010253906,
    "writer_slot_norm_mean": 41.62826919555664,
    "writer_slot_norm_std": 3.814697265625e-06
  },
  "prefix_l2": 70.39141845703125,
  "prefix_slot_norm_max": 11.406476974487305,
  "prefix_slot_norm_mean": 11.126304626464844,
  "prefix_slot_norm_std": 0.2818610966205597,
  "prefix_tokens": 8,
  "prompt_variant": "answer_slot_labels",
  "shared_injection_arm": "injected",
  "step": 48,
  "support_item_count": 6.0,
  "support_item_hidden_l2": 96.12194061279297,
  "support_item_hidden_norm_max": 39.24409484863281,
  "support_item_hidden_norm_mean": 39.24162673950195,
  "support_item_hidden_norm_std": 0.001902128104120493,
  "support_serialization_variant": "triad_curated6",
  "support_text_block_chars": 1301,
  "task_case_dump_path": "/root/autodl-tmp/runs/verify/m5-fever-writer-reasoner-alignment-qwen25/canonical/phase2-selected/pilot-I-real/snapshot_evals/step_0048/task_case_dump.jsonl",
  "task_case_dump_rows": 61,
  "training_stage": "shared_injection_snapshot_eval",
  "writer_memory_control": "real",
  "writer_memory_l2": 117.74253845214844,
  "writer_slot_norm_max": 41.628273010253906,
  "writer_slot_norm_mean": 41.62826919555664,
  "writer_slot_norm_std": 3.814697265625e-06
}