{
  "device": "cuda",
  "event_name": "train",
  "examples": 2464,
  "peak_device_memory_bytes": 10920753152,
  "peak_device_memory_mib": 10414.841797,
  "peak_rss_kb": 4864772,
  "token_count": 1268078,
  "tokens_per_sec": 674.400656,
  "wall_time_sec": 1880.303627
}