{
  "best_adapt_macro_f1": 0.1518987341772152,
  "best_adapt_task_margin": -5.095576067439845,
  "best_adapt_task_score": 0.29508196721311475,
  "checkpoint_path": "/root/autodl-tmp/runs/verify/tl-poc-fever-qwen25/tl-h4-k8/phase2-selected/pilot-I-shuffle/snapshot_evals/step_0024/checkpoint.pt",
  "dominant_label_fraction": 1.0,
  "label_recall_by_class": {
    "NOT_ENOUGH_INFO": 0.0,
    "REFUTES": 0.0,
    "SUPPORTS": 1.0
  },
  "memory_long_l2": 117.72651672363281,
  "memory_long_slot_norm_max": 41.62260055541992,
  "memory_long_slot_norm_mean": 41.62260055541992,
  "memory_long_slot_norm_std": 0.0,
  "memory_long_slots": 8.0,
  "memory_short_l2": 110.88567489874167,
  "memory_short_pairwise_cosine_mean": 0.9998542725062761,
  "memory_short_slot_norm_max": 39.20401888988057,
  "memory_short_slot_norm_mean": 39.204007633396834,
  "memory_short_slot_norm_std": 7.341998976609502e-06,
  "memory_short_slots": 8.0,
  "pilot_arm_alias": "I_shuffle",
  "pilot_fuser_short_slots": 8.0,
  "pilot_memory_path_variant": "two_level",
  "pilot_projector_token_source": "short_slots",
  "pilot_reader_context_mode": "prompt_summary",
  "pilot_reader_num_queries": 4.0,
  "pilot_support_encoder_mode": "structured_support_set",
  "prefix_artifact_stats": {
    "active_prefix_layers": [
      0.0,
      7.0,
      14.0,
      21.0,
      27.0
    ],
    "layer_hidden_l2_by_layer": {
      "0": 33.59295535478436,
      "14": 34.424213909711995,
      "21": 34.66686842871494,
      "27": 35.431617611744365,
      "7": 34.9154953878434
    },
    "layer_key_l2_by_layer": {
      "0": 3116.3750680391904,
      "14": 82.44479857898149,
      "21": 53.77927673840132,
      "27": 61.58356901075019,
      "7": 140.460461225666
    },
    "layer_slot_norm_max_by_layer": {
      "0": 11.883809605582815,
      "14": 12.178429869354748,
      "21": 12.264261448969606,
      "27": 12.534178233537517,
      "7": 12.35295799130299
    },
    "layer_slot_norm_mean_by_layer": {
      "0": 11.876926891139297,
      "14": 12.170942838074732,
      "21": 12.25670093786521,
      "27": 12.526912595404953,
      "7": 12.344623565673828
    },
    "layer_slot_norm_std_by_layer": {
      "0": 0.0066640153374583995,
      "14": 0.006947351283714419,
      "21": 0.0068596851721894544,
      "27": 0.00696495987597059,
      "7": 0.007110424454278144
    },
    "layer_value_l2_by_layer": {
      "0": 18.1542525682293,
      "14": 67.15137143994941,
      "21": 72.19752852643123,
      "27": 193.7162160404393,
      "7": 32.20815377157243
    },
    "memory_long_l2": 117.72651672363281,
    "memory_long_slot_norm_max": 41.62260055541992,
    "memory_long_slot_norm_mean": 41.62260055541992,
    "memory_long_slot_norm_std": 0.0,
    "memory_long_slots": 8.0,
    "memory_short_l2": 110.88567489874167,
    "memory_short_pairwise_cosine_mean": 0.9998542725062761,
    "memory_short_slot_norm_max": 39.20401888988057,
    "memory_short_slot_norm_mean": 39.204007633396834,
    "memory_short_slot_norm_std": 7.341998976609502e-06,
    "memory_short_slots": 8.0,
    "pilot_injection_mode": "sparse_deep_prefix",
    "pilot_memory_path_variant": "two_level",
    "pilot_projector_token_source": "short_slots",
    "pilot_support_encoder_mode": "structured_support_set",
    "prefix_l2": 77.39423032666816,
    "prefix_slot_norm_max": 12.534178233537517,
    "prefix_slot_norm_mean": 12.235221456308834,
    "prefix_slot_norm_std": 0.21464876390871454,
    "prefix_tokens": 8.0,
    "reader_attention_entropy_max": 2.079441547393799,
    "reader_attention_entropy_mean": 2.079441547393799,
    "reader_attention_entropy_min": 2.079441547393799,
    "reader_attention_pairwise_cosine_mean": 1.0,
    "reader_num_queries": 4.0,
    "reader_query_entropy_by_query": [
      2.079441547393799,
      2.079441547393799,
      2.079441547393799,
      2.079441547393799
    ],
    "reader_slot_count": 8.0,
    "reader_slot_coverage_fraction": 0.4385245901639344,
    "support_item_count": 6.0,
    "support_item_hidden_l2": 96.10588073730469,
    "support_item_hidden_norm_max": 39.236671447753906,
    "support_item_hidden_norm_mean": 39.23506546020508,
    "support_item_hidden_norm_std": 0.0016001263866201043,
    "writer_memory_l2": 117.72651672363281,
    "writer_slot_norm_max": 41.62260055541992,
    "writer_slot_norm_mean": 41.62260055541992,
    "writer_slot_norm_std": 0.0
  },
  "prefix_l2": 77.39423032666816,
  "prefix_slot_norm_max": 12.534178233537517,
  "prefix_slot_norm_mean": 12.235221456308834,
  "prefix_slot_norm_std": 0.21464876390871454,
  "prefix_tokens": 8,
  "prompt_variant": "answer_slot_labels",
  "reader_attention_entropy_max": 2.079441547393799,
  "reader_attention_entropy_mean": 2.079441547393799,
  "reader_attention_entropy_min": 2.079441547393799,
  "reader_attention_pairwise_cosine_mean": 1.0,
  "reader_num_queries": 4.0,
  "reader_slot_count": 8.0,
  "reader_slot_coverage_fraction": 0.4385245901639344,
  "shared_injection_arm": "injected",
  "step": 24,
  "support_item_count": 6.0,
  "support_item_hidden_l2": 96.10588073730469,
  "support_item_hidden_norm_max": 39.236671447753906,
  "support_item_hidden_norm_mean": 39.23506546020508,
  "support_item_hidden_norm_std": 0.0016001263866201043,
  "support_serialization_variant": "triad_curated6",
  "support_text_block_chars": 1415,
  "task_case_dump_path": "/root/autodl-tmp/runs/verify/tl-poc-fever-qwen25/tl-h4-k8/phase2-selected/pilot-I-shuffle/snapshot_evals/step_0024/task_case_dump.jsonl",
  "task_case_dump_rows": 61,
  "training_stage": "shared_injection_snapshot_eval",
  "writer_memory_control": "shuffled",
  "writer_memory_l2": 117.72651672363281,
  "writer_slot_norm_max": 41.62260055541992,
  "writer_slot_norm_mean": 41.62260055541992,
  "writer_slot_norm_std": 0.0
}