{
  "best_adapt_macro_f1": 0.1518987341772152,
  "best_adapt_task_margin": -4.218444894571773,
  "best_adapt_task_score": 0.29508196721311475,
  "checkpoint_path": "/root/autodl-tmp/runs/verify/tl-poc-fever-qwen25/tl-h4-k8/phase2-selected/pilot-I-real/snapshot_evals/step_0008/checkpoint.pt",
  "dominant_label_fraction": 1.0,
  "label_recall_by_class": {
    "NOT_ENOUGH_INFO": 0.0,
    "REFUTES": 0.0,
    "SUPPORTS": 1.0
  },
  "memory_long_l2": 117.7226791381836,
  "memory_long_slot_norm_max": 41.62125015258789,
  "memory_long_slot_norm_mean": 41.62125015258789,
  "memory_long_slot_norm_std": 0.0,
  "memory_long_slots": 8.0,
  "memory_short_l2": 110.87237536320922,
  "memory_short_pairwise_cosine_mean": 0.9997843103330644,
  "memory_short_slot_norm_max": 39.199312991783266,
  "memory_short_slot_norm_mean": 39.199304424348426,
  "memory_short_slot_norm_std": 6.581244059682339e-06,
  "memory_short_slots": 8.0,
  "pilot_arm_alias": "I_real",
  "pilot_fuser_short_slots": 8.0,
  "pilot_memory_path_variant": "two_level",
  "pilot_projector_token_source": "short_slots",
  "pilot_reader_context_mode": "prompt_summary",
  "pilot_reader_num_queries": 4.0,
  "pilot_support_encoder_mode": "structured_support_set",
  "prefix_artifact_stats": {
    "active_prefix_layers": [
      0.0,
      7.0,
      14.0,
      21.0,
      27.0
    ],
    "layer_hidden_l2_by_layer": {
      "0": 36.66465409075627,
      "14": 36.480663924920755,
      "21": 37.4442979781354,
      "27": 38.314929149189936,
      "7": 36.83582443487449
    },
    "layer_key_l2_by_layer": {
      "0": 3117.2557433081456,
      "14": 89.1391152553871,
      "21": 54.7874671435747,
      "27": 59.49311334578717,
      "7": 142.49389323250193
    },
    "layer_slot_norm_max_by_layer": {
      "0": 12.978593966999991,
      "14": 12.914427256975017,
      "21": 13.254612031530161,
      "27": 13.562946772966228,
      "7": 13.039337517785244
    },
    "layer_slot_norm_mean_by_layer": {
      "0": 12.96304066454778,
      "14": 12.897987350088652,
      "21": 13.238536053016537,
      "27": 13.54631808546723,
      "7": 13.023462186094191
    },
    "layer_slot_norm_std_by_layer": {
      "0": 0.010690013435287554,
      "14": 0.01065405305536067,
      "21": 0.011028654461146379,
      "27": 0.011262359723570894,
      "7": 0.010797971401546822
    },
    "layer_value_l2_by_layer": {
      "0": 19.09717212739538,
      "14": 63.30478292996766,
      "21": 68.99827650726819,
      "27": 184.05944323930584,
      "7": 35.023094177246094
    },
    "memory_long_l2": 117.7226791381836,
    "memory_long_slot_norm_max": 41.62125015258789,
    "memory_long_slot_norm_mean": 41.62125015258789,
    "memory_long_slot_norm_std": 0.0,
    "memory_long_slots": 8.0,
    "memory_short_l2": 110.87237536320922,
    "memory_short_pairwise_cosine_mean": 0.9997843103330644,
    "memory_short_slot_norm_max": 39.199312991783266,
    "memory_short_slot_norm_mean": 39.199304424348426,
    "memory_short_slot_norm_std": 6.581244059682339e-06,
    "memory_short_slots": 8.0,
    "pilot_injection_mode": "sparse_deep_prefix",
    "pilot_memory_path_variant": "two_level",
    "pilot_projector_token_source": "short_slots",
    "pilot_support_encoder_mode": "structured_support_set",
    "prefix_l2": 83.07928529332895,
    "prefix_slot_norm_max": 13.562946772966228,
    "prefix_slot_norm_mean": 13.13386890536449,
    "prefix_slot_norm_std": 0.23612854495400287,
    "prefix_tokens": 8.0,
    "reader_attention_entropy_max": 2.079441547393799,
    "reader_attention_entropy_mean": 2.079441547393799,
    "reader_attention_entropy_min": 2.079441547393799,
    "reader_attention_pairwise_cosine_mean": 0.9999999970686241,
    "reader_num_queries": 4.0,
    "reader_query_entropy_by_query": [
      2.079441547393799,
      2.079441547393799,
      2.079441547393799,
      2.079441547393799
    ],
    "reader_slot_count": 8.0,
    "reader_slot_coverage_fraction": 0.46311475409836067,
    "support_item_count": 6.0,
    "support_item_hidden_l2": 96.10047912597656,
    "support_item_hidden_norm_max": 39.234588623046875,
    "support_item_hidden_norm_mean": 39.23285675048828,
    "support_item_hidden_norm_std": 0.0013502214569598436,
    "writer_memory_l2": 117.7226791381836,
    "writer_slot_norm_max": 41.62125015258789,
    "writer_slot_norm_mean": 41.62125015258789,
    "writer_slot_norm_std": 0.0
  },
  "prefix_l2": 83.07928529332895,
  "prefix_slot_norm_max": 13.562946772966228,
  "prefix_slot_norm_mean": 13.13386890536449,
  "prefix_slot_norm_std": 0.23612854495400287,
  "prefix_tokens": 8,
  "prompt_variant": "answer_slot_labels",
  "reader_attention_entropy_max": 2.079441547393799,
  "reader_attention_entropy_mean": 2.079441547393799,
  "reader_attention_entropy_min": 2.079441547393799,
  "reader_attention_pairwise_cosine_mean": 0.9999999970686241,
  "reader_num_queries": 4.0,
  "reader_slot_count": 8.0,
  "reader_slot_coverage_fraction": 0.46311475409836067,
  "shared_injection_arm": "injected",
  "step": 8,
  "support_item_count": 6.0,
  "support_item_hidden_l2": 96.10047912597656,
  "support_item_hidden_norm_max": 39.234588623046875,
  "support_item_hidden_norm_mean": 39.23285675048828,
  "support_item_hidden_norm_std": 0.0013502214569598436,
  "support_serialization_variant": "triad_curated6",
  "support_text_block_chars": 1301,
  "task_case_dump_path": "/root/autodl-tmp/runs/verify/tl-poc-fever-qwen25/tl-h4-k8/phase2-selected/pilot-I-real/snapshot_evals/step_0008/task_case_dump.jsonl",
  "task_case_dump_rows": 61,
  "training_stage": "shared_injection_snapshot_eval",
  "writer_memory_control": "real",
  "writer_memory_l2": 117.7226791381836,
  "writer_slot_norm_max": 41.62125015258789,
  "writer_slot_norm_mean": 41.62125015258789,
  "writer_slot_norm_std": 0.0
}