{
  "device": "cuda",
  "event_name": "eval",
  "examples": 100,
  "peak_device_memory_bytes": 10797073408,
  "peak_device_memory_mib": 10296.891602,
  "peak_rss_kb": 4885256,
  "token_count": 1344316,
  "tokens_per_sec": 4228.625142,
  "wall_time_sec": 317.908529
}