{
  "device": "cuda",
  "event_name": "eval",
  "examples": 100,
  "peak_device_memory_bytes": 37787946496,
  "peak_device_memory_mib": 36037.394043,
  "peak_rss_kb": 4978596,
  "token_count": 28200161,
  "tokens_per_sec": 14307.043477,
  "wall_time_sec": 1971.068379
}