{
  "best_adapt_macro_f1": 0.1518987341772152,
  "best_adapt_task_margin": -2.52630949802086,
  "best_adapt_task_score": 0.29508196721311475,
  "checkpoint_path": "/root/autodl-tmp/runs/verify/m5-fever-dense-teacher-qwen25/canonical-dense-teacher/phase2-selected/pilot-I-shuffle/snapshot_evals/step_0016/checkpoint.pt",
  "dominant_label_fraction": 1.0,
  "label_recall_by_class": {
    "NOT_ENOUGH_INFO": 0.0,
    "REFUTES": 0.0,
    "SUPPORTS": 1.0
  },
  "pilot_arm_alias": "I_shuffle",
  "pilot_support_encoder_mode": "structured_support_set",
  "prefix_artifact_stats": {
    "active_prefix_layers": [
      0,
      7,
      14,
      21,
      27
    ],
    "layer_hidden_l2_by_layer": {
      "0": 29.005338668823242,
      "14": 28.189531326293945,
      "21": 29.438186645507812,
      "27": 29.031314849853516,
      "7": 28.140233993530273
    },
    "layer_key_l2_by_layer": {
      "0": 3114.141357421875,
      "14": 94.69624328613281,
      "21": 58.766990661621094,
      "27": 79.5665512084961,
      "7": 151.0313720703125
    },
    "layer_slot_norm_max_by_layer": {
      "0": 10.255236625671387,
      "14": 9.965588569641113,
      "21": 10.407541275024414,
      "27": 10.26443099975586,
      "7": 9.94846248626709
    },
    "layer_slot_norm_mean_by_layer": {
      "0": 10.255234718322754,
      "14": 9.965588569641113,
      "21": 10.407540321350098,
      "27": 10.26443099975586,
      "7": 9.94846248626709
    },
    "layer_slot_norm_std_by_layer": {
      "0": 1.0115243185282452e-06,
      "14": 8.920806635615008e-07,
      "21": 6.743495646333031e-07,
      "27": 1.0662403155947686e-06,
      "7": 3.3717478231665154e-07
    },
    "layer_value_l2_by_layer": {
      "0": 21.68303108215332,
      "14": 78.74087524414062,
      "21": 77.9676284790039,
      "27": 223.17123413085938,
      "7": 42.9940071105957
    },
    "pilot_injection_mode": "sparse_deep_prefix",
    "pilot_support_encoder_mode": "structured_support_set",
    "prefix_l2": 64.31985473632812,
    "prefix_slot_norm_max": 10.407541275024414,
    "prefix_slot_norm_mean": 10.168251037597656,
    "prefix_slot_norm_std": 0.18080690503120422,
    "prefix_tokens": 8.0,
    "support_item_count": 6.0,
    "support_item_hidden_l2": 96.09611511230469,
    "support_item_hidden_norm_max": 39.23270797729492,
    "support_item_hidden_norm_mean": 39.23107147216797,
    "support_item_hidden_norm_std": 0.0015047204215079546,
    "writer_memory_l2": 117.73475646972656,
    "writer_slot_norm_max": 41.62553787231445,
    "writer_slot_norm_mean": 41.62553405761719,
    "writer_slot_norm_std": 3.303624680484063e-06
  },
  "prefix_l2": 64.31985473632812,
  "prefix_slot_norm_max": 10.407541275024414,
  "prefix_slot_norm_mean": 10.168251037597656,
  "prefix_slot_norm_std": 0.18080690503120422,
  "prefix_tokens": 8,
  "prompt_variant": "answer_slot_labels",
  "shared_injection_arm": "injected",
  "step": 16,
  "support_item_count": 6.0,
  "support_item_hidden_l2": 96.09611511230469,
  "support_item_hidden_norm_max": 39.23270797729492,
  "support_item_hidden_norm_mean": 39.23107147216797,
  "support_item_hidden_norm_std": 0.0015047204215079546,
  "support_serialization_variant": "triad_curated6",
  "support_text_block_chars": 1415,
  "task_case_dump_path": "/root/autodl-tmp/runs/verify/m5-fever-dense-teacher-qwen25/canonical-dense-teacher/phase2-selected/pilot-I-shuffle/snapshot_evals/step_0016/task_case_dump.jsonl",
  "task_case_dump_rows": 61,
  "training_stage": "shared_injection_snapshot_eval",
  "writer_memory_control": "shuffled",
  "writer_memory_l2": 117.73475646972656,
  "writer_slot_norm_max": 41.62553787231445,
  "writer_slot_norm_mean": 41.62553405761719,
  "writer_slot_norm_std": 3.303624680484063e-06
}