{
  "best_adapt_macro_f1": 0.1518987341772152,
  "best_adapt_task_margin": -4.630920003672115,
  "best_adapt_task_score": 0.29508196721311475,
  "checkpoint_path": "/root/autodl-tmp/runs/verify/tl-poc-fever-qwen25/tl-h4-k8/phase2-selected/pilot-I-shuffle/snapshot_evals/step_0016/checkpoint.pt",
  "dominant_label_fraction": 1.0,
  "label_recall_by_class": {
    "NOT_ENOUGH_INFO": 0.0,
    "REFUTES": 0.0,
    "SUPPORTS": 1.0
  },
  "memory_long_l2": 117.7265396118164,
  "memory_long_slot_norm_max": 41.62261199951172,
  "memory_long_slot_norm_mean": 41.62261199951172,
  "memory_long_slot_norm_std": 3.0157830224197824e-06,
  "memory_long_slots": 8.0,
  "memory_short_l2": 110.88167009197298,
  "memory_short_pairwise_cosine_mean": 0.9998345013524665,
  "memory_short_slot_norm_max": 39.2026014484343,
  "memory_short_slot_norm_mean": 39.202591192526896,
  "memory_short_slot_norm_std": 7.0764398530076e-06,
  "memory_short_slots": 8.0,
  "pilot_arm_alias": "I_shuffle",
  "pilot_fuser_short_slots": 8.0,
  "pilot_memory_path_variant": "two_level",
  "pilot_projector_token_source": "short_slots",
  "pilot_reader_context_mode": "prompt_summary",
  "pilot_reader_num_queries": 4.0,
  "pilot_support_encoder_mode": "structured_support_set",
  "prefix_artifact_stats": {
    "active_prefix_layers": [
      0.0,
      7.0,
      14.0,
      21.0,
      27.0
    ],
    "layer_hidden_l2_by_layer": {
      "0": 32.31683840517138,
      "14": 33.131854448162144,
      "21": 33.33355625340196,
      "27": 34.045331173255796,
      "7": 33.64769469714555
    },
    "layer_key_l2_by_layer": {
      "0": 3115.91552734375,
      "14": 81.94257379750736,
      "21": 53.39883560430808,
      "27": 61.480954842489275,
      "7": 141.00446432144915
    },
    "layer_slot_norm_max_by_layer": {
      "0": 11.433791754675694,
      "14": 11.72257809560807,
      "21": 11.793951988220215,
      "27": 12.045424523900767,
      "7": 11.905858508876113
    },
    "layer_slot_norm_mean_by_layer": {
      "0": 11.42577027492836,
      "14": 11.713894453205047,
      "21": 11.785157188040312,
      "27": 12.036886074503915,
      "7": 11.896272471693695
    },
    "layer_slot_norm_std_by_layer": {
      "0": 0.007214238164854832,
      "14": 0.007508293351494387,
      "21": 0.007427804477390696,
      "27": 0.007535134663530549,
      "7": 0.007694371830916307
    },
    "layer_value_l2_by_layer": {
      "0": 18.11603105263632,
      "14": 66.94668341464684,
      "21": 71.55040340736264,
      "27": 193.26483779657082,
      "7": 31.977792020703927
    },
    "memory_long_l2": 117.7265396118164,
    "memory_long_slot_norm_max": 41.62261199951172,
    "memory_long_slot_norm_mean": 41.62261199951172,
    "memory_long_slot_norm_std": 3.0157830224197824e-06,
    "memory_long_slots": 8.0,
    "memory_short_l2": 110.88167009197298,
    "memory_short_pairwise_cosine_mean": 0.9998345013524665,
    "memory_short_slot_norm_max": 39.2026014484343,
    "memory_short_slot_norm_mean": 39.202591192526896,
    "memory_short_slot_norm_std": 7.0764398530076e-06,
    "memory_short_slots": 8.0,
    "pilot_injection_mode": "sparse_deep_prefix",
    "pilot_memory_path_variant": "two_level",
    "pilot_projector_token_source": "short_slots",
    "pilot_support_encoder_mode": "structured_support_set",
    "prefix_l2": 74.4613507380251,
    "prefix_slot_norm_max": 12.045424523900767,
    "prefix_slot_norm_mean": 11.771596111235072,
    "prefix_slot_norm_std": 0.20465320739589754,
    "prefix_tokens": 8.0,
    "reader_attention_entropy_max": 2.079441547393799,
    "reader_attention_entropy_mean": 2.079441547393799,
    "reader_attention_entropy_min": 2.079441547393799,
    "reader_attention_pairwise_cosine_mean": 1.0,
    "reader_num_queries": 4.0,
    "reader_query_entropy_by_query": [
      2.079441547393799,
      2.079441547393799,
      2.079441547393799,
      2.079441547393799
    ],
    "reader_slot_count": 8.0,
    "reader_slot_coverage_fraction": 0.3729508196721312,
    "support_item_count": 6.0,
    "support_item_hidden_l2": 96.1043701171875,
    "support_item_hidden_norm_max": 39.23600387573242,
    "support_item_hidden_norm_mean": 39.23444747924805,
    "support_item_hidden_norm_std": 0.0015438295667991042,
    "writer_memory_l2": 117.7265396118164,
    "writer_slot_norm_max": 41.62261199951172,
    "writer_slot_norm_mean": 41.62261199951172,
    "writer_slot_norm_std": 3.0157830224197824e-06
  },
  "prefix_l2": 74.4613507380251,
  "prefix_slot_norm_max": 12.045424523900767,
  "prefix_slot_norm_mean": 11.771596111235072,
  "prefix_slot_norm_std": 0.20465320739589754,
  "prefix_tokens": 8,
  "prompt_variant": "answer_slot_labels",
  "reader_attention_entropy_max": 2.079441547393799,
  "reader_attention_entropy_mean": 2.079441547393799,
  "reader_attention_entropy_min": 2.079441547393799,
  "reader_attention_pairwise_cosine_mean": 1.0,
  "reader_num_queries": 4.0,
  "reader_slot_count": 8.0,
  "reader_slot_coverage_fraction": 0.3729508196721312,
  "shared_injection_arm": "injected",
  "step": 16,
  "support_item_count": 6.0,
  "support_item_hidden_l2": 96.1043701171875,
  "support_item_hidden_norm_max": 39.23600387573242,
  "support_item_hidden_norm_mean": 39.23444747924805,
  "support_item_hidden_norm_std": 0.0015438295667991042,
  "support_serialization_variant": "triad_curated6",
  "support_text_block_chars": 1415,
  "task_case_dump_path": "/root/autodl-tmp/runs/verify/tl-poc-fever-qwen25/tl-h4-k8/phase2-selected/pilot-I-shuffle/snapshot_evals/step_0016/task_case_dump.jsonl",
  "task_case_dump_rows": 61,
  "training_stage": "shared_injection_snapshot_eval",
  "writer_memory_control": "shuffled",
  "writer_memory_l2": 117.7265396118164,
  "writer_slot_norm_max": 41.62261199951172,
  "writer_slot_norm_mean": 41.62261199951172,
  "writer_slot_norm_std": 3.0157830224197824e-06
}