{
  "best_adapt_macro_f1": 0.1646090534979424,
  "best_adapt_task_margin": -6.167406957657611,
  "best_adapt_task_score": 0.32786885245901637,
  "checkpoint_path": "/root/autodl-tmp/runs/verify/m4-fever-anti-shortcut-recovery-qwen25/run-a/phase2-selected/pilot-I-real/snapshot_evals/step_0080/checkpoint.pt",
  "dominant_label_fraction": 1.0,
  "label_recall_by_class": {
    "NOT_ENOUGH_INFO": 0.0,
    "REFUTES": 1.0,
    "SUPPORTS": 0.0
  },
  "pilot_arm_alias": "I_real",
  "prefix_artifact_stats": {
    "active_prefix_layers": [
      0,
      7,
      14,
      21,
      27
    ],
    "layer_hidden_l2_by_layer": {
      "0": 90.85404968261719,
      "14": 81.83045959472656,
      "21": 91.28362274169922,
      "27": 86.91094970703125,
      "7": 77.60615539550781
    },
    "layer_key_l2_by_layer": {
      "0": 3111.49658203125,
      "14": 124.8912124633789,
      "21": 74.1612548828125,
      "27": 106.00814056396484,
      "7": 141.2075958251953
    },
    "layer_slot_norm_max_by_layer": {
      "0": 32.12468719482422,
      "14": 28.931446075439453,
      "21": 32.27700424194336,
      "27": 30.72982406616211,
      "7": 27.43808937072754
    },
    "layer_slot_norm_mean_by_layer": {
      "0": 32.124691009521484,
      "14": 28.93144416809082,
      "21": 32.277000427246094,
      "27": 30.72982406616211,
      "7": 27.438091278076172
    },
    "layer_slot_norm_std_by_layer": {
      "0": 3.814697265625e-06,
      "14": 1.1680077705022995e-06,
      "21": 2.6973982585332124e-06,
      "27": 2.7804144338006154e-06,
      "7": 2.236564569102484e-06
    },
    "layer_value_l2_by_layer": {
      "0": 27.3431453704834,
      "14": 92.39984893798828,
      "21": 141.4871063232422,
      "27": 253.64559936523438,
      "7": 47.906036376953125
    },
    "pilot_injection_mode": "sparse_deep_prefix",
    "prefix_l2": 191.99998474121094,
    "prefix_slot_norm_max": 32.27700424194336,
    "prefix_slot_norm_mean": 30.300207138061523,
    "prefix_slot_norm_std": 1.8700928688049316,
    "prefix_tokens": 8.0,
    "writer_memory_l2": 117.77035522460938,
    "writer_slot_norm_max": 41.63811111450195,
    "writer_slot_norm_mean": 41.63811111450195,
    "writer_slot_norm_std": 0.0
  },
  "prefix_l2": 191.99998474121094,
  "prefix_slot_norm_max": 32.27700424194336,
  "prefix_slot_norm_mean": 30.300207138061523,
  "prefix_slot_norm_std": 1.8700928688049316,
  "prefix_tokens": 8,
  "prompt_variant": "answer_slot_labels",
  "shared_injection_arm": "injected",
  "step": 80,
  "support_serialization_variant": "triad_curated6",
  "support_text_block_chars": 1301,
  "task_case_dump_path": "/root/autodl-tmp/runs/verify/m4-fever-anti-shortcut-recovery-qwen25/run-a/phase2-selected/pilot-I-real/snapshot_evals/step_0080/task_case_dump.jsonl",
  "task_case_dump_rows": 61,
  "training_stage": "shared_injection_snapshot_eval",
  "writer_memory_control": "real",
  "writer_memory_l2": 117.77035522460938,
  "writer_slot_norm_max": 41.63811111450195,
  "writer_slot_norm_mean": 41.63811111450195,
  "writer_slot_norm_std": 0.0
}