{
  "answer_logprob_with_memory": 0.0,
  "answer_logprob_without_memory": 0.0,
  "best_adapt_exact_match": 0.3333333333333333,
  "best_adapt_macro_f1": 0.16666666666666666,
  "best_adapt_task_margin": -1.7226688861846924,
  "best_adapt_task_score": 0.3333333333333333,
  "checkpoint_path": "/root/mydir/MemTOTAL/runs/review/planv6-v6-0-dryrun/snapshot_evals/step_0002/checkpoint.pt",
  "competitor_prefix_attention_mass_mean": 0.002799786873462532,
  "delta_answer_logprob": 0.0,
  "dominant_label_fraction": 1.0,
  "fuser_diversity_without_semantic_gain_flag": 0.0,
  "fuser_input_effective_rank": 0.0,
  "fuser_input_pairwise_cosine_mean": 0.0,
  "fuser_linear_output_singular_value_top1": 0.0,
  "fuser_linear_output_singular_value_top2": 0.0,
  "fuser_linear_output_singular_value_top3": 0.0,
  "fuser_output_effective_rank": 1.1799468298753102,
  "fuser_output_pairwise_cosine_mean": 0.9998806615670522,
  "fuser_rank_gain_over_readout": 1.1799468298753102,
  "fuser_short_query_pairwise_cosine_mean": 0.0,
  "gold_prefix_attention_mass_mean": 0.002542492307838984,
  "label_recall_by_class": {
    "NOT_ENOUGH_INFO": 0.0,
    "REFUTES": 0.0,
    "SUPPORTS": 1.0
  },
  "memory_long_centered_effective_rank": 6.696878393491109,
  "memory_long_centered_top1_top2_ratio": 1.1829271704456261,
  "memory_long_common_mode_energy_ratio": 0.9998955428600311,
  "memory_long_common_mode_vector_l2": 39.193014780680336,
  "memory_long_l2": 110.86037508646648,
  "memory_long_pairwise_cosine_mean": 0.9998805820941925,
  "memory_long_singular_value_top1": 110.85459009806316,
  "memory_long_singular_value_top2": 0.645947203040123,
  "memory_long_singular_value_top3": 0.5460269053777059,
  "memory_long_slot_energy_cv": 2.1432456894579654e-07,
  "memory_long_slot_energy_histogram_max": 1536.253438313802,
  "memory_long_slot_energy_histogram_min": 1536.2524108886719,
  "memory_long_slot_norm_histogram_max": 39.195069313049316,
  "memory_long_slot_norm_histogram_min": 39.195055643717446,
  "memory_long_slot_norm_max": 39.195069313049316,
  "memory_long_slot_norm_mean": 39.19506231943766,
  "memory_long_slot_norm_std": 4.758271757054899e-06,
  "memory_long_slot_variance_cv": 2.1482963828954266e-07,
  "memory_long_slots": 8.0,
  "memory_long_top1_top2_ratio": 171.9668137805567,
  "memory_short_l2": 110.86037508646648,
  "memory_short_pairwise_cosine_mean": 0.9998806615670522,
  "memory_short_slot_norm_max": 39.195069313049316,
  "memory_short_slot_norm_mean": 39.19506231943766,
  "memory_short_slot_norm_std": 4.758271757054899e-06,
  "memory_short_slots": 8.0,
  "pilot_arm_alias": "V6_probe_dryrun",
  "pilot_fuser_short_slots": 8.0,
  "pilot_memory_path_variant": "single_level",
  "pilot_projector_token_source": "writer_slots",
  "pilot_reader_context_mode": "prompt_summary",
  "pilot_reader_num_queries": 0.0,
  "pilot_support_encoder_mode": "structured_support_set",
  "prefix_artifact_stats": {
    "active_prefix_layers": [
      0.0,
      1.0,
      2.0,
      3.0
    ],
    "fuser_diversity_without_semantic_gain_flag": 0.0,
    "fuser_input_effective_rank": 0.0,
    "fuser_input_pairwise_cosine_mean": 0.0,
    "fuser_linear_output_singular_value_top1": 0.0,
    "fuser_linear_output_singular_value_top2": 0.0,
    "fuser_linear_output_singular_value_top3": 0.0,
    "fuser_output_effective_rank": 1.1799468298753102,
    "fuser_output_pairwise_cosine_mean": 0.9998806615670522,
    "fuser_rank_gain_over_readout": 1.1799468298753102,
    "fuser_short_query_pairwise_cosine_mean": 0.0,
    "layer_hidden_l2_by_layer": {
      "0": 45.99826844533285,
      "1": 55.606761614481606,
      "2": 65.92239634195964,
      "3": 76.09744071960449
    },
    "layer_key_l2_by_layer": {
      "0": 3122.0231323242188,
      "1": 441.9759979248047,
      "2": 109.68575859069824,
      "3": 87.16115252176921
    },
    "layer_slot_norm_max_by_layer": {
      "0": 16.999447186787922,
      "1": 20.73680241902669,
      "2": 25.26246436436971,
      "3": 29.036786397298176
    },
    "layer_slot_norm_mean_by_layer": {
      "0": 16.251800219217937,
      "1": 19.64603614807129,
      "2": 23.279980341593426,
      "3": 26.862559636433918
    },
    "layer_slot_norm_std_by_layer": {
      "0": 0.5891757359107336,
      "1": 0.7573367456595103,
      "2": 1.1212920347849529,
      "3": 1.4987371166547139
    },
    "layer_value_l2_by_layer": {
      "0": 24.35638888676961,
      "1": 13.318827867507935,
      "2": 22.087357997894287,
      "3": 23.05964930852254
    },
    "memory_long_centered_effective_rank": 6.696878393491109,
    "memory_long_centered_top1_top2_ratio": 1.1829271704456261,
    "memory_long_common_mode_energy_ratio": 0.9998955428600311,
    "memory_long_common_mode_vector_l2": 39.193014780680336,
    "memory_long_l2": 110.86037508646648,
    "memory_long_pairwise_cosine_mean": 0.9998805820941925,
    "memory_long_singular_value_top1": 110.85459009806316,
    "memory_long_singular_value_top2": 0.645947203040123,
    "memory_long_singular_value_top3": 0.5460269053777059,
    "memory_long_slot_energy_cv": 2.1432456894579654e-07,
    "memory_long_slot_energy_histogram_counts": [
      2.1666666666666665,
      2.5833333333333335,
      1.6666666666666667,
      1.5833333333333333
    ],
    "memory_long_slot_energy_histogram_max": 1536.253438313802,
    "memory_long_slot_energy_histogram_min": 1536.2524108886719,
    "memory_long_slot_norm_histogram_counts": [
      1.6666666666666667,
      2.5,
      1.9166666666666667,
      1.9166666666666667
    ],
    "memory_long_slot_norm_histogram_max": 39.195069313049316,
    "memory_long_slot_norm_histogram_min": 39.195055643717446,
    "memory_long_slot_norm_max": 39.195069313049316,
    "memory_long_slot_norm_mean": 39.19506231943766,
    "memory_long_slot_norm_std": 4.758271757054899e-06,
    "memory_long_slot_variance_cv": 2.1482963828954266e-07,
    "memory_long_slots": 8.0,
    "memory_long_top1_top2_ratio": 171.9668137805567,
    "memory_short_l2": 110.86037508646648,
    "memory_short_pairwise_cosine_mean": 0.9998806615670522,
    "memory_short_slot_norm_max": 39.195069313049316,
    "memory_short_slot_norm_mean": 39.19506231943766,
    "memory_short_slot_norm_std": 4.758271757054899e-06,
    "memory_short_slots": 8.0,
    "pilot_deep_prefix_init_mode": "kv_stat_match",
    "pilot_injection_mode": "sparse_deep_prefix",
    "pilot_memory_path_variant": "single_level",
    "pilot_prefix_source_mode": "writer",
    "pilot_projector_token_source": "writer_slots",
    "pilot_support_encoder_mode": "structured_support_set",
    "prefix_l2": 123.87303479512532,
    "prefix_slot_norm_max": 29.036786397298176,
    "prefix_slot_norm_mean": 21.51009448369344,
    "prefix_slot_norm_std": 4.102742433547974,
    "prefix_tokens": 8.0,
    "projected_memory_effective_rank": 21.21126143137614,
    "reader_argmax_mass_mean": 0.0,
    "reader_argmax_mass_std": 0.0,
    "reader_attention_entropy_max": 0.0,
    "reader_attention_entropy_mean": 0.0,
    "reader_attention_entropy_min": 0.0,
    "reader_attention_pairwise_cosine_mean": 0.0,
    "reader_base_query_norm_mean": 0.0,
    "reader_base_query_pairwise_cosine_mean": 0.0,
    "reader_conditioned_query_norm_mean": 0.0,
    "reader_conditioned_query_pairwise_cosine_mean": 0.0,
    "reader_context_overwrite_ratio": 0.0,
    "reader_context_shift_norm_mean": 0.0,
    "reader_num_queries": 0.0,
    "reader_qk_logit_mean": 0.0,
    "reader_qk_logit_pairwise_cosine_mean": 0.0,
    "reader_qk_logit_range": 0.0,
    "reader_qk_logit_std": 0.0,
    "reader_query_entropy_by_query": [],
    "reader_query_to_slot_top1_agreement_rate": 0.0,
    "reader_query_to_slot_top2_coverage_fraction": 0.0,
    "reader_readout_centered_effective_rank": 0.0,
    "reader_readout_effective_rank": 0.0,
    "reader_readout_pairwise_cosine_mean": 0.0,
    "reader_slot_count": 8.0,
    "reader_slot_coverage_fraction": 0.0,
    "reader_value_projected_effective_rank": 0.0,
    "reader_value_projected_pairwise_cosine_mean": 0.0,