{
  "best_adapt_macro_f1": 0.1518987341772152,
  "best_adapt_task_margin": -5.601347422990643,
  "best_adapt_task_score": 0.29508196721311475,
  "checkpoint_path": "/root/autodl-tmp/runs/verify/tl-poc-fever-qwen25/sl8/phase2-selected/pilot-I-shuffle/snapshot_evals/step_0024/checkpoint.pt",
  "dominant_label_fraction": 1.0,
  "label_recall_by_class": {
    "NOT_ENOUGH_INFO": 0.0,
    "REFUTES": 0.0,
    "SUPPORTS": 1.0
  },
  "memory_long_l2": 117.7383041381836,
  "memory_long_slot_norm_max": 41.626773834228516,
  "memory_long_slot_norm_mean": 41.626773834228516,
  "memory_long_slot_norm_std": 0.0,
  "memory_long_slots": 8.0,
  "memory_short_l2": 117.7383041381836,
  "memory_short_pairwise_cosine_mean": 1.0,
  "memory_short_slot_norm_max": 41.626773834228516,
  "memory_short_slot_norm_mean": 41.626773834228516,
  "memory_short_slot_norm_std": 0.0,
  "memory_short_slots": 8.0,
  "pilot_arm_alias": "I_shuffle",
  "pilot_fuser_short_slots": 8.0,
  "pilot_memory_path_variant": "single_level",
  "pilot_projector_token_source": "writer_slots",
  "pilot_reader_context_mode": "prompt_summary",
  "pilot_reader_num_queries": 0.0,
  "pilot_support_encoder_mode": "structured_support_set",
  "prefix_artifact_stats": {
    "active_prefix_layers": [
      0,
      7,
      14,
      21,
      27
    ],
    "layer_hidden_l2_by_layer": {
      "0": 29.35819435119629,
      "14": 28.856706619262695,
      "21": 29.549758911132812,
      "27": 29.41236686706543,
      "7": 28.13839340209961
    },
    "layer_key_l2_by_layer": {
      "0": 3116.368408203125,
      "14": 95.31547546386719,
      "21": 59.791175842285156,
      "27": 82.46790313720703,
      "7": 151.22254943847656
    },
    "layer_slot_norm_max_by_layer": {
      "0": 10.379663467407227,
      "14": 10.20289134979248,
      "21": 10.447511672973633,
      "27": 10.399194717407227,
      "7": 9.949307441711426
    },
    "layer_slot_norm_mean_by_layer": {
      "0": 10.37966251373291,
      "14": 10.20289134979248,
      "21": 10.447510719299316,
      "27": 10.39919376373291,
      "7": 9.94930648803711
    },
    "layer_slot_norm_std_by_layer": {
      "0": 8.920806635615008e-07,
      "14": 0.0,
      "21": 6.743495646333031e-07,
      "27": 7.539457556049456e-07,
      "7": 4.76837158203125e-07
    },
    "layer_value_l2_by_layer": {
      "0": 21.122085571289062,
      "14": 78.59209442138672,
      "21": 79.12980651855469,
      "27": 219.97142028808594,
      "7": 43.655418395996094
    },
    "memory_long_l2": 117.7383041381836,
    "memory_long_slot_norm_max": 41.626773834228516,
    "memory_long_slot_norm_mean": 41.626773834228516,
    "memory_long_slot_norm_std": 0.0,
    "memory_long_slots": 8.0,
    "memory_short_l2": 117.7383041381836,
    "memory_short_pairwise_cosine_mean": 1.0,
    "memory_short_slot_norm_max": 41.626773834228516,
    "memory_short_slot_norm_mean": 41.626773834228516,
    "memory_short_slot_norm_std": 0.0,
    "memory_short_slots": 8.0,
    "pilot_injection_mode": "sparse_deep_prefix",
    "pilot_memory_path_variant": "single_level",
    "pilot_projector_token_source": "writer_slots",
    "pilot_support_encoder_mode": "structured_support_set",
    "prefix_l2": 64.99961853027344,
    "prefix_slot_norm_max": 10.447511672973633,
    "prefix_slot_norm_mean": 10.275712966918945,
    "prefix_slot_norm_std": 0.1829819232225418,
    "prefix_tokens": 8.0,
    "reader_attention_entropy_max": 0.0,
    "reader_attention_entropy_mean": 0.0,
    "reader_attention_entropy_min": 0.0,
    "reader_attention_pairwise_cosine_mean": 0.0,
    "reader_num_queries": 0.0,
    "reader_query_entropy_by_query": [],
    "reader_slot_count": 8.0,
    "reader_slot_coverage_fraction": 0.0,
    "support_item_count": 6.0,
    "support_item_hidden_l2": 96.10655975341797,
    "support_item_hidden_norm_max": 39.2369384765625,
    "support_item_hidden_norm_mean": 39.2353515625,
    "support_item_hidden_norm_std": 0.0016878084279596806,
    "writer_memory_l2": 117.7383041381836,
    "writer_slot_norm_max": 41.626773834228516,
    "writer_slot_norm_mean": 41.626773834228516,
    "writer_slot_norm_std": 0.0
  },
  "prefix_l2": 64.99961853027344,
  "prefix_slot_norm_max": 10.447511672973633,
  "prefix_slot_norm_mean": 10.275712966918945,
  "prefix_slot_norm_std": 0.1829819232225418,
  "prefix_tokens": 8,
  "prompt_variant": "answer_slot_labels",
  "reader_attention_entropy_max": 0.0,
  "reader_attention_entropy_mean": 0.0,
  "reader_attention_entropy_min": 0.0,
  "reader_attention_pairwise_cosine_mean": 0.0,
  "reader_num_queries": 0.0,
  "reader_slot_count": 8.0,
  "reader_slot_coverage_fraction": 0.0,
  "shared_injection_arm": "injected",
  "step": 24,
  "support_item_count": 6.0,
  "support_item_hidden_l2": 96.10655975341797,
  "support_item_hidden_norm_max": 39.2369384765625,
  "support_item_hidden_norm_mean": 39.2353515625,
  "support_item_hidden_norm_std": 0.0016878084279596806,
  "support_serialization_variant": "triad_curated6",
  "support_text_block_chars": 1415,
  "task_case_dump_path": "/root/autodl-tmp/runs/verify/tl-poc-fever-qwen25/sl8/phase2-selected/pilot-I-shuffle/snapshot_evals/step_0024/task_case_dump.jsonl",
  "task_case_dump_rows": 61,
  "training_stage": "shared_injection_snapshot_eval",
  "writer_memory_control": "shuffled",
  "writer_memory_l2": 117.7383041381836,
  "writer_slot_norm_max": 41.626773834228516,
  "writer_slot_norm_mean": 41.626773834228516,
  "writer_slot_norm_std": 0.0
}