{
  "best_adapt_macro_f1": 0.1518987341772152,
  "best_adapt_task_margin": -5.7170072344482925,
  "best_adapt_task_score": 0.29508196721311475,
  "checkpoint_path": "/root/autodl-tmp/runs/verify/m4-fever-shared-injection-alignment-qwen25/freeze-writer/phase2-selected/pilot-I-real/snapshot_evals/step_0048/checkpoint.pt",
  "dominant_label_fraction": 1.0,
  "label_recall_by_class": {
    "NOT_ENOUGH_INFO": 0.0,
    "REFUTES": 0.0,
    "SUPPORTS": 1.0
  },
  "pilot_arm_alias": "I_real",
  "pilot_support_encoder_mode": "structured_support_set",
  "prefix_artifact_stats": {
    "active_prefix_layers": [
      0,
      7,
      14,
      21,
      27
    ],
    "layer_hidden_l2_by_layer": {
      "0": 20.921716690063477,
      "14": 20.695255279541016,
      "21": 21.557010650634766,
      "27": 21.64437484741211,
      "7": 21.144262313842773
    },
    "layer_key_l2_by_layer": {
      "0": 3123.128173828125,
      "14": 80.7139892578125,
      "21": 64.9097671508789,
      "27": 78.65943908691406,
      "7": 150.39260864257812
    },
    "layer_slot_norm_max_by_layer": {
      "0": 7.396599292755127,
      "14": 7.317335605621338,
      "21": 7.622151851654053,
      "27": 7.653388500213623,
      "7": 7.475770473480225
    },
    "layer_slot_norm_mean_by_layer": {
      "0": 7.396598815917969,
      "14": 7.317334175109863,
      "21": 7.622150897979736,
      "27": 7.653388500213623,
      "7": 7.475769519805908
    },
    "layer_slot_norm_std_by_layer": {
      "0": 4.460403317807504e-07,
      "14": 6.529361940010858e-07,
      "21": 4.129530850605079e-07,
      "27": 5.331201577973843e-07,
      "7": 4.460403317807504e-07
    },
    "layer_value_l2_by_layer": {
      "0": 17.627456665039062,
      "14": 59.450565338134766,
      "21": 84.81034851074219,
      "27": 219.66880798339844,
      "7": 34.968475341796875
    },
    "pilot_injection_mode": "sparse_deep_prefix",
    "pilot_support_encoder_mode": "structured_support_set",
    "prefix_l2": 47.39722442626953,
    "prefix_slot_norm_max": 7.653388500213623,
    "prefix_slot_norm_mean": 7.493048191070557,
    "prefix_slot_norm_std": 0.12872664630413055,
    "prefix_tokens": 8.0,
    "support_item_count": 6.0,
    "support_item_hidden_l2": 95.99952697753906,
    "support_item_hidden_norm_max": 39.1916389465332,
    "support_item_hidden_norm_mean": 39.19163513183594,
    "support_item_hidden_norm_std": 2.202416453656042e-06,
    "writer_memory_l2": 111.12973022460938,
    "writer_slot_norm_max": 39.290283203125,
    "writer_slot_norm_mean": 39.290283203125,
    "writer_slot_norm_std": 0.0
  },
  "prefix_l2": 47.39722442626953,
  "prefix_slot_norm_max": 7.653388500213623,
  "prefix_slot_norm_mean": 7.493048191070557,
  "prefix_slot_norm_std": 0.12872664630413055,
  "prefix_tokens": 8,
  "prompt_variant": "answer_slot_labels",
  "shared_injection_arm": "injected",
  "step": 48,
  "support_item_count": 6.0,
  "support_item_hidden_l2": 95.99952697753906,
  "support_item_hidden_norm_max": 39.1916389465332,
  "support_item_hidden_norm_mean": 39.19163513183594,
  "support_item_hidden_norm_std": 2.202416453656042e-06,
  "support_serialization_variant": "triad_curated6",
  "support_text_block_chars": 1301,
  "task_case_dump_path": "/root/autodl-tmp/runs/verify/m4-fever-shared-injection-alignment-qwen25/freeze-writer/phase2-selected/pilot-I-real/snapshot_evals/step_0048/task_case_dump.jsonl",
  "task_case_dump_rows": 61,
  "training_stage": "shared_injection_snapshot_eval",
  "writer_memory_control": "real",
  "writer_memory_l2": 111.12973022460938,
  "writer_slot_norm_max": 39.290283203125,
  "writer_slot_norm_mean": 39.290283203125,
  "writer_slot_norm_std": 0.0
}