{
  "best_adapt_macro_f1": 0.1518987341772152,
  "best_adapt_task_margin": -10.122828788444645,
  "best_adapt_task_score": 0.29508196721311475,
  "checkpoint_path": "/root/autodl-tmp/runs/verify/m4-fever-anti-shortcut-recovery-qwen25/run-b/phase2-selected/pilot-I-real/snapshot_evals/step_0032/checkpoint.pt",
  "dominant_label_fraction": 1.0,
  "label_recall_by_class": {
    "NOT_ENOUGH_INFO": 0.0,
    "REFUTES": 0.0,
    "SUPPORTS": 1.0
  },
  "pilot_arm_alias": "I_real",
  "prefix_artifact_stats": {
    "active_prefix_layers": [
      0,
      7,
      14,
      21,
      27
    ],
    "layer_hidden_l2_by_layer": {
      "0": 49.841064453125,
      "14": 49.91794967651367,
      "21": 49.87649917602539,
      "27": 48.54072570800781,
      "7": 49.71898651123047
    },
    "layer_key_l2_by_layer": {
      "0": 3119.746826171875,
      "14": 90.27833557128906,
      "21": 56.70142364501953,
      "27": 85.4340591430664,
      "7": 149.6536102294922
    },
    "layer_slot_norm_max_by_layer": {
      "0": 17.622682571411133,
      "14": 17.648693084716797,
      "21": 17.637432098388672,
      "27": 17.162412643432617,
      "7": 17.57803726196289
    },
    "layer_slot_norm_mean_by_layer": {
      "0": 17.622682571411133,
      "14": 17.648693084716797,
      "21": 17.637434005737305,
      "27": 17.162412643432617,
      "7": 17.578035354614258
    },
    "layer_slot_norm_std_by_layer": {
      "0": 0.0,
      "14": 6.743495646333031e-07,
      "21": 1.9073486328125e-06,
      "27": 0.0,
      "7": 1.9073486328125e-06
    },
    "layer_value_l2_by_layer": {
      "0": 20.451297760009766,
      "14": 66.9227294921875,
      "21": 76.22801971435547,
      "27": 249.90243530273438,
      "7": 37.59257888793945
    },
    "pilot_injection_mode": "sparse_deep_prefix",
    "prefix_l2": 110.87458038330078,
    "prefix_slot_norm_max": 17.648693084716797,
    "prefix_slot_norm_mean": 17.52985191345215,
    "prefix_slot_norm_std": 0.18528228998184204,
    "prefix_tokens": 8.0,
    "writer_memory_l2": 117.74669647216797,
    "writer_slot_norm_max": 41.62975311279297,
    "writer_slot_norm_mean": 41.6297492980957,
    "writer_slot_norm_std": 1.9073486328125e-06
  },
  "prefix_l2": 110.87458038330078,
  "prefix_slot_norm_max": 17.648693084716797,
  "prefix_slot_norm_mean": 17.52985191345215,
  "prefix_slot_norm_std": 0.18528228998184204,
  "prefix_tokens": 8,
  "prompt_variant": "answer_slot_labels",
  "shared_injection_arm": "injected",
  "step": 32,
  "support_serialization_variant": "triad_curated6",
  "support_text_block_chars": 1301,
  "task_case_dump_path": "/root/autodl-tmp/runs/verify/m4-fever-anti-shortcut-recovery-qwen25/run-b/phase2-selected/pilot-I-real/snapshot_evals/step_0032/task_case_dump.jsonl",
  "task_case_dump_rows": 61,
  "training_stage": "shared_injection_snapshot_eval",
  "writer_memory_control": "real",
  "writer_memory_l2": 117.74669647216797,
  "writer_slot_norm_max": 41.62975311279297,
  "writer_slot_norm_mean": 41.6297492980957,
  "writer_slot_norm_std": 1.9073486328125e-06
}