{
  "device": "cuda",
  "event_name": "train",
  "examples": 1664,
  "peak_device_memory_bytes": 18792095744,
  "peak_device_memory_mib": 17921.539062,
  "peak_rss_kb": 4884580,
  "token_count": 862447,
  "tokens_per_sec": 746.737331,
  "wall_time_sec": 1154.953642
}