{
  "best_adapt_macro_f1": 0.1518987341772152,
  "best_adapt_task_margin": -6.477076628169075,
  "best_adapt_task_score": 0.29508196721311475,
  "checkpoint_path": "/root/autodl-tmp/runs/verify/m5-fever-writer-reasoner-alignment-qwen25/canonical/phase2-selected/pilot-I-shuffle/snapshot_evals/step_0048/checkpoint.pt",
  "dominant_label_fraction": 1.0,
  "label_recall_by_class": {
    "NOT_ENOUGH_INFO": 0.0,
    "REFUTES": 0.0,
    "SUPPORTS": 1.0
  },
  "pilot_arm_alias": "I_shuffle",
  "pilot_support_encoder_mode": "structured_support_set",
  "prefix_artifact_stats": {
    "active_prefix_layers": [
      0,
      7,
      14,
      21,
      27
    ],
    "layer_hidden_l2_by_layer": {
      "0": 30.781532287597656,
      "14": 30.21649932861328,
      "21": 31.02529525756836,
      "27": 30.372835159301758,
      "7": 28.975568771362305
    },
    "layer_key_l2_by_layer": {
      "0": 3117.510009765625,
      "14": 87.54485321044922,
      "21": 62.428985595703125,
      "27": 77.17362213134766,
      "7": 152.61129760742188
    },
    "layer_slot_norm_max_by_layer": {
      "0": 10.8831205368042,
      "14": 10.682008743286133,
      "21": 10.969992637634277,
      "27": 10.739089012145996,
      "7": 10.243803977966309
    },
    "layer_slot_norm_mean_by_layer": {
      "0": 10.883118629455566,
      "14": 10.6820068359375,
      "21": 10.969991683959961,
      "27": 10.73908805847168,
      "7": 10.243803977966309
    },
    "layer_slot_norm_std_by_layer": {
      "0": 8.920806635615008e-07,
      "14": 1.0115243185282452e-06,
      "21": 9.5367431640625e-07,
      "27": 1.118282284551242e-06,
      "7": 1.1680077705022995e-06
    },
    "layer_value_l2_by_layer": {
      "0": 20.854961395263672,
      "14": 75.72296905517578,
      "21": 83.31535339355469,
      "27": 226.898193359375,
      "7": 41.975284576416016
    },
    "pilot_injection_mode": "sparse_deep_prefix",
    "pilot_support_encoder_mode": "structured_support_set",
    "prefix_l2": 67.71428680419922,
    "prefix_slot_norm_max": 10.969992637634277,
    "prefix_slot_norm_mean": 10.703600883483887,
    "prefix_slot_norm_std": 0.25152745842933655,
    "prefix_tokens": 8.0,
    "support_item_count": 6.0,
    "support_item_hidden_l2": 96.11231231689453,
    "support_item_hidden_norm_max": 39.23915481567383,
    "support_item_hidden_norm_mean": 39.23768997192383,
    "support_item_hidden_norm_std": 0.0018717222847044468,
    "writer_memory_l2": 117.72714233398438,
    "writer_slot_norm_max": 41.622825622558594,
    "writer_slot_norm_mean": 41.622825622558594,
    "writer_slot_norm_std": 2.336015541004599e-06
  },
  "prefix_l2": 67.71428680419922,
  "prefix_slot_norm_max": 10.969992637634277,
  "prefix_slot_norm_mean": 10.703600883483887,
  "prefix_slot_norm_std": 0.25152745842933655,
  "prefix_tokens": 8,
  "prompt_variant": "answer_slot_labels",
  "shared_injection_arm": "injected",
  "step": 48,
  "support_item_count": 6.0,
  "support_item_hidden_l2": 96.11231231689453,
  "support_item_hidden_norm_max": 39.23915481567383,
  "support_item_hidden_norm_mean": 39.23768997192383,
  "support_item_hidden_norm_std": 0.0018717222847044468,
  "support_serialization_variant": "triad_curated6",
  "support_text_block_chars": 1415,
  "task_case_dump_path": "/root/autodl-tmp/runs/verify/m5-fever-writer-reasoner-alignment-qwen25/canonical/phase2-selected/pilot-I-shuffle/snapshot_evals/step_0048/task_case_dump.jsonl",
  "task_case_dump_rows": 61,
  "training_stage": "shared_injection_snapshot_eval",
  "writer_memory_control": "shuffled",
  "writer_memory_l2": 117.72714233398438,
  "writer_slot_norm_max": 41.622825622558594,
  "writer_slot_norm_mean": 41.622825622558594,
  "writer_slot_norm_std": 2.336015541004599e-06
}