{
  "best_adapt_macro_f1": 0.1855921855921856,
  "best_adapt_task_margin": -2.3879593083115873,
  "best_adapt_task_score": 0.3114754098360656,
  "checkpoint_path": "/root/autodl-tmp/runs/verify/m5-fever-dense-teacher-qwen25/control-safe-hinge/phase2-selected/pilot-I-shuffle/snapshot_evals/step_0012/checkpoint.pt",
  "dominant_label_fraction": 0.9836065573770492,
  "label_recall_by_class": {
    "NOT_ENOUGH_INFO": 0.0,
    "REFUTES": 0.05,
    "SUPPORTS": 1.0
  },
  "pilot_arm_alias": "I_shuffle",
  "pilot_support_encoder_mode": "structured_support_set",
  "prefix_artifact_stats": {
    "active_prefix_layers": [
      0,
      7,
      14,
      21,
      27
    ],
    "layer_hidden_l2_by_layer": {
      "0": 29.291128158569336,
      "14": 28.357967376708984,
      "21": 29.98141860961914,
      "27": 29.582950592041016,
      "7": 28.768171310424805
    },
    "layer_key_l2_by_layer": {
      "0": 3115.326904296875,
      "14": 98.17837524414062,
      "21": 60.12626647949219,
      "27": 82.09819793701172,
      "7": 150.7850799560547
    },
    "layer_slot_norm_max_by_layer": {
      "0": 10.355111122131348,
      "14": 10.025716781616211,
      "21": 10.600080490112305,
      "27": 10.460965156555176,
      "7": 10.170536994934082
    },
    "layer_slot_norm_mean_by_layer": {
      "0": 10.355111122131348,
      "14": 10.025717735290527,
      "21": 10.600080490112305,
      "27": 10.460965156555176,
      "7": 10.170536994934082
    },
    "layer_slot_norm_std_by_layer": {
      "0": 0.0,
      "14": 9.5367431640625e-07,
      "21": 5.840038852511498e-07,
      "27": 0.0,
      "7": 0.0
    },
    "layer_value_l2_by_layer": {
      "0": 21.854930877685547,
      "14": 80.83563995361328,
      "21": 77.80294036865234,
      "27": 220.99998474121094,
      "7": 44.502845764160156
    },
    "pilot_injection_mode": "sparse_deep_prefix",
    "pilot_support_encoder_mode": "structured_support_set",
    "prefix_l2": 65.2978286743164,
    "prefix_slot_norm_max": 10.600080490112305,
    "prefix_slot_norm_mean": 10.322481155395508,
    "prefix_slot_norm_std": 0.2041861116886139,
    "prefix_tokens": 8.0,
    "support_item_count": 6.0,
    "support_item_hidden_l2": 96.09435272216797,
    "support_item_hidden_norm_max": 39.23200225830078,
    "support_item_hidden_norm_mean": 39.23035430908203,
    "support_item_hidden_norm_std": 0.0014828520361334085,
    "writer_memory_l2": 117.7327880859375,
    "writer_slot_norm_max": 41.62482833862305,
    "writer_slot_norm_mean": 41.62482833862305,
    "writer_slot_norm_std": 0.0
  },
  "prefix_l2": 65.2978286743164,
  "prefix_slot_norm_max": 10.600080490112305,
  "prefix_slot_norm_mean": 10.322481155395508,
  "prefix_slot_norm_std": 0.2041861116886139,
  "prefix_tokens": 8,
  "prompt_variant": "answer_slot_labels",
  "shared_injection_arm": "injected",
  "step": 12,
  "support_item_count": 6.0,
  "support_item_hidden_l2": 96.09435272216797,
  "support_item_hidden_norm_max": 39.23200225830078,
  "support_item_hidden_norm_mean": 39.23035430908203,
  "support_item_hidden_norm_std": 0.0014828520361334085,
  "support_serialization_variant": "triad_curated6",
  "support_text_block_chars": 1415,
  "task_case_dump_path": "/root/autodl-tmp/runs/verify/m5-fever-dense-teacher-qwen25/control-safe-hinge/phase2-selected/pilot-I-shuffle/snapshot_evals/step_0012/task_case_dump.jsonl",
  "task_case_dump_rows": 61,
  "training_stage": "shared_injection_snapshot_eval",
  "writer_memory_control": "shuffled",
  "writer_memory_l2": 117.7327880859375,
  "writer_slot_norm_max": 41.62482833862305,
  "writer_slot_norm_mean": 41.62482833862305,
  "writer_slot_norm_std": 0.0
}