{
  "best_adapt_macro_f1": 0.1518987341772152,
  "best_adapt_task_margin": -3.343564205482358,
  "best_adapt_task_score": 0.29508196721311475,
  "checkpoint_path": "/root/autodl-tmp/runs/verify/tl-poc-fever-qwen25/tl-h4-k4/phase2-selected/pilot-I-shuffle/snapshot_evals/step_0016/checkpoint.pt",
  "dominant_label_fraction": 1.0,
  "label_recall_by_class": {
    "NOT_ENOUGH_INFO": 0.0,
    "REFUTES": 0.0,
    "SUPPORTS": 1.0
  },
  "memory_long_l2": 117.73548889160156,
  "memory_long_slot_norm_max": 41.62579345703125,
  "memory_long_slot_norm_mean": 41.62579345703125,
  "memory_long_slot_norm_std": 3.5683226542460034e-06,
  "memory_long_slots": 8.0,
  "memory_short_l2": 78.40661496021708,
  "memory_short_pairwise_cosine_mean": 0.99985243062504,
  "memory_short_slot_norm_max": 39.20331460921491,
  "memory_short_slot_norm_mean": 39.2033070423564,
  "memory_short_slot_norm_std": 6.2563498782079386e-06,
  "memory_short_slots": 4.0,
  "pilot_arm_alias": "I_shuffle",
  "pilot_fuser_short_slots": 4.0,
  "pilot_memory_path_variant": "two_level",
  "pilot_projector_token_source": "short_slots",
  "pilot_reader_context_mode": "prompt_summary",
  "pilot_reader_num_queries": 4.0,
  "pilot_support_encoder_mode": "structured_support_set",
  "prefix_artifact_stats": {
    "active_prefix_layers": [
      0.0,
      7.0,
      14.0,
      21.0,
      27.0
    ],
    "layer_hidden_l2_by_layer": {
      "0": 19.57577561550453,
      "14": 19.985842032510725,
      "21": 19.350069577576683,
      "27": 19.000688646660475,
      "7": 18.814229589993836
    },
    "layer_key_l2_by_layer": {
      "0": 2204.2068311347334,
      "14": 56.169881289122536,
      "21": 43.42458005811347,
      "27": 58.97701707433482,
      "7": 102.03933152996126
    },
    "layer_slot_norm_max_by_layer": {
      "0": 9.796069379712714,
      "14": 10.00075746755131,
      "21": 9.683220159812052,
      "27": 9.507515813483566,
      "7": 9.414634829661885
    },
    "layer_slot_norm_mean_by_layer": {
      "0": 9.787842093921098,
      "14": 9.993047479723321,
      "21": 9.675098028339324,
      "27": 9.500365945159412,
      "7": 9.40715841387139
    },
    "layer_slot_norm_std_by_layer": {
      "0": 0.005359214257265701,
      "14": 0.0051013080281068065,
      "21": 0.0052552061445522505,
      "27": 0.004746441034691744,
      "7": 0.004973538540547989
    },
    "layer_value_l2_by_layer": {
      "0": 12.421270604993476,
      "14": 43.9379343126641,
      "21": 49.090523016257364,
      "27": 136.02200892714202,
      "7": 23.995059029000704
    },
    "memory_long_l2": 117.73548889160156,
    "memory_long_slot_norm_max": 41.62579345703125,
    "memory_long_slot_norm_mean": 41.62579345703125,
    "memory_long_slot_norm_std": 3.5683226542460034e-06,
    "memory_long_slots": 8.0,
    "memory_short_l2": 78.40661496021708,
    "memory_short_pairwise_cosine_mean": 0.99985243062504,
    "memory_short_slot_norm_max": 39.20331460921491,
    "memory_short_slot_norm_mean": 39.2033070423564,
    "memory_short_slot_norm_std": 6.2563498782079386e-06,
    "memory_short_slots": 4.0,
    "pilot_injection_mode": "sparse_deep_prefix",
    "pilot_memory_path_variant": "two_level",
    "pilot_projector_token_source": "short_slots",
    "pilot_support_encoder_mode": "structured_support_set",
    "prefix_l2": 43.26763415727459,
    "prefix_slot_norm_max": 10.00075746755131,
    "prefix_slot_norm_mean": 9.672702429724522,
    "prefix_slot_norm_std": 0.20796000126932487,
    "prefix_tokens": 4.0,
    "reader_attention_entropy_max": 2.079441547393799,
    "reader_attention_entropy_mean": 2.079441547393799,
    "reader_attention_entropy_min": 2.079441547393799,
    "reader_attention_pairwise_cosine_mean": 0.9999999980457493,
    "reader_num_queries": 4.0,
    "reader_query_entropy_by_query": [
      2.079441547393799,
      2.079441547393799,
      2.079441547393799,
      2.079441547393799
    ],
    "reader_slot_count": 8.0,
    "reader_slot_coverage_fraction": 0.48360655737704916,
    "support_item_count": 6.0,
    "support_item_hidden_l2": 96.10567474365234,
    "support_item_hidden_norm_max": 39.236473083496094,
    "support_item_hidden_norm_mean": 39.234981536865234,
    "support_item_hidden_norm_std": 0.0015730458544567227,
    "writer_memory_l2": 117.73548889160156,
    "writer_slot_norm_max": 41.62579345703125,
    "writer_slot_norm_mean": 41.62579345703125,
    "writer_slot_norm_std": 3.5683226542460034e-06
  },
  "prefix_l2": 43.26763415727459,
  "prefix_slot_norm_max": 10.00075746755131,
  "prefix_slot_norm_mean": 9.672702429724522,
  "prefix_slot_norm_std": 0.20796000126932487,
  "prefix_tokens": 4,
  "prompt_variant": "answer_slot_labels",
  "reader_attention_entropy_max": 2.079441547393799,
  "reader_attention_entropy_mean": 2.079441547393799,
  "reader_attention_entropy_min": 2.079441547393799,
  "reader_attention_pairwise_cosine_mean": 0.9999999980457493,
  "reader_num_queries": 4.0,
  "reader_slot_count": 8.0,
  "reader_slot_coverage_fraction": 0.48360655737704916,
  "shared_injection_arm": "injected",
  "step": 16,
  "support_item_count": 6.0,
  "support_item_hidden_l2": 96.10567474365234,
  "support_item_hidden_norm_max": 39.236473083496094,
  "support_item_hidden_norm_mean": 39.234981536865234,
  "support_item_hidden_norm_std": 0.0015730458544567227,
  "support_serialization_variant": "triad_curated6",
  "support_text_block_chars": 1415,
  "task_case_dump_path": "/root/autodl-tmp/runs/verify/tl-poc-fever-qwen25/tl-h4-k4/phase2-selected/pilot-I-shuffle/snapshot_evals/step_0016/task_case_dump.jsonl",
  "task_case_dump_rows": 61,
  "training_stage": "shared_injection_snapshot_eval",
  "writer_memory_control": "shuffled",
  "writer_memory_l2": 117.73548889160156,
  "writer_slot_norm_max": 41.62579345703125,
  "writer_slot_norm_mean": 41.62579345703125,
  "writer_slot_norm_std": 3.5683226542460034e-06
}