{
  "best_adapt_macro_f1": 0.1518987341772152,
  "best_adapt_task_margin": -5.820552794659724,
  "best_adapt_task_score": 0.29508196721311475,
  "checkpoint_path": "/root/autodl-tmp/runs/verify/m4-fever-anti-shortcut-recovery-qwen25/run-a/phase2-selected/pilot-I-real/snapshot_evals/step_0032/checkpoint.pt",
  "dominant_label_fraction": 1.0,
  "label_recall_by_class": {
    "NOT_ENOUGH_INFO": 0.0,
    "REFUTES": 0.0,
    "SUPPORTS": 1.0
  },
  "pilot_arm_alias": "I_real",
  "prefix_artifact_stats": {
    "active_prefix_layers": [
      0,
      7,
      14,
      21,
      27
    ],
    "layer_hidden_l2_by_layer": {
      "0": 58.43325424194336,
      "14": 52.418338775634766,
      "21": 57.4044075012207,
      "27": 56.76700210571289,
      "7": 54.91891098022461
    },
    "layer_key_l2_by_layer": {
      "0": 3114.671630859375,
      "14": 129.76246643066406,
      "21": 78.9817886352539,
      "27": 85.46075439453125,
      "7": 143.1382293701172
    },
    "layer_slot_norm_max_by_layer": {
      "0": 20.6592960357666,
      "14": 18.53304672241211,
      "21": 20.292377471923828,
      "27": 20.06985092163086,
      "7": 19.41650390625
    },
    "layer_slot_norm_mean_by_layer": {
      "0": 20.6592960357666,
      "14": 18.53304672241211,
      "21": 20.292375564575195,
      "27": 20.069852828979492,
      "7": 19.41650390625
    },
    "layer_slot_norm_std_by_layer": {
      "0": 0.0,
      "14": 1.7841613271230017e-06,
      "21": 1.9073486328125e-06,
      "27": 1.9073486328125e-06,
      "7": 6.743495646333031e-07
    },
    "layer_value_l2_by_layer": {
      "0": 21.271282196044922,
      "14": 70.75312042236328,
      "21": 94.56477355957031,
      "27": 186.35423278808594,
      "7": 42.990596771240234
    },
    "pilot_injection_mode": "sparse_deep_prefix",
    "prefix_l2": 125.2791748046875,
    "prefix_slot_norm_max": 20.6592960357666,
    "prefix_slot_norm_mean": 19.794214248657227,
    "prefix_slot_norm_std": 0.7490956783294678,
    "prefix_tokens": 8.0,
    "writer_memory_l2": 117.75145721435547,
    "writer_slot_norm_max": 41.63142776489258,
    "writer_slot_norm_mean": 41.63142395019531,
    "writer_slot_norm_std": 1.9073486328125e-06
  },
  "prefix_l2": 125.2791748046875,
  "prefix_slot_norm_max": 20.6592960357666,
  "prefix_slot_norm_mean": 19.794214248657227,
  "prefix_slot_norm_std": 0.7490956783294678,
  "prefix_tokens": 8,
  "prompt_variant": "answer_slot_labels",
  "shared_injection_arm": "injected",
  "step": 32,
  "support_serialization_variant": "triad_curated6",
  "support_text_block_chars": 1301,
  "task_case_dump_path": "/root/autodl-tmp/runs/verify/m4-fever-anti-shortcut-recovery-qwen25/run-a/phase2-selected/pilot-I-real/snapshot_evals/step_0032/task_case_dump.jsonl",
  "task_case_dump_rows": 61,
  "training_stage": "shared_injection_snapshot_eval",
  "writer_memory_control": "real",
  "writer_memory_l2": 117.75145721435547,
  "writer_slot_norm_max": 41.63142776489258,
  "writer_slot_norm_mean": 41.63142395019531,
  "writer_slot_norm_std": 1.9073486328125e-06
}