{
  "device": "cuda",
  "event_name": "eval",
  "examples": 100,
  "peak_device_memory_bytes": 33211127808,
  "peak_device_memory_mib": 31672.599609,
  "peak_rss_kb": 5014136,
  "token_count": 21446275,
  "tokens_per_sec": 9895.62329,
  "wall_time_sec": 2167.248527
}