{
  "device": "cuda",
  "event_name": "train",
  "examples": 1648,
  "peak_device_memory_bytes": 14171250688,
  "peak_device_memory_mib": 13514.757812,
  "peak_rss_kb": 4874016,
  "token_count": 594391,
  "tokens_per_sec": 1267.885547,
  "wall_time_sec": 468.804934
}