{
  "best_adapt_macro_f1": 0.1518987341772152,
  "best_adapt_task_margin": -4.068005749436676,
  "best_adapt_task_score": 0.29508196721311475,
  "checkpoint_path": "/root/autodl-tmp/runs/verify/m5-fever-dense-teacher-qwen25/control-safe-hinge/phase2-selected/pilot-I-real/snapshot_evals/step_0032/checkpoint.pt",
  "dominant_label_fraction": 1.0,
  "label_recall_by_class": {
    "NOT_ENOUGH_INFO": 0.0,
    "REFUTES": 0.0,
    "SUPPORTS": 1.0
  },
  "pilot_arm_alias": "I_real",
  "pilot_support_encoder_mode": "structured_support_set",
  "prefix_artifact_stats": {
    "active_prefix_layers": [
      0,
      7,
      14,
      21,
      27
    ],
    "layer_hidden_l2_by_layer": {
      "0": 30.206350326538086,
      "14": 29.637508392333984,
      "21": 29.48257064819336,
      "27": 29.25429916381836,
      "7": 27.95792579650879
    },
    "layer_key_l2_by_layer": {
      "0": 3117.310791015625,
      "14": 87.60751342773438,
      "21": 59.69603729248047,
      "27": 73.04999542236328,
      "7": 150.2330322265625
    },
    "layer_slot_norm_max_by_layer": {
      "0": 10.67923355102539,
      "14": 10.47834300994873,
      "21": 10.423434257507324,
      "27": 10.343351364135742,
      "7": 9.884804725646973
    },
    "layer_slot_norm_mean_by_layer": {
      "0": 10.679231643676758,
      "14": 10.478342056274414,
      "21": 10.423433303833008,
      "27": 10.343350410461426,
      "7": 9.884803771972656
    },
    "layer_slot_norm_std_by_layer": {
      "0": 1.3486991292666062e-06,
      "14": 3.3717478231665154e-07,
      "21": 6.743495646333031e-07,
      "27": 7.539457556049456e-07,
      "7": 8.259061701210157e-07
    },
    "layer_value_l2_by_layer": {
      "0": 20.587343215942383,
      "14": 68.58246612548828,
      "21": 76.75354766845703,
      "27": 219.87966918945312,
      "7": 37.54168701171875
    },
    "pilot_injection_mode": "sparse_deep_prefix",
    "pilot_support_encoder_mode": "structured_support_set",
    "prefix_l2": 65.55509185791016,
    "prefix_slot_norm_max": 10.67923355102539,
    "prefix_slot_norm_mean": 10.361832618713379,
    "prefix_slot_norm_std": 0.2630624771118164,
    "prefix_tokens": 8.0,
    "support_item_count": 6.0,
    "support_item_hidden_l2": 96.10926055908203,
    "support_item_hidden_norm_max": 39.23830795288086,
    "support_item_hidden_norm_mean": 39.2364387512207,
    "support_item_hidden_norm_std": 0.0014625794719904661,
    "writer_memory_l2": 117.7238540649414,
    "writer_slot_norm_max": 41.62165832519531,
    "writer_slot_norm_mean": 41.62165451049805,
    "writer_slot_norm_std": 1.3486991292666062e-06
  },
  "prefix_l2": 65.55509185791016,
  "prefix_slot_norm_max": 10.67923355102539,
  "prefix_slot_norm_mean": 10.361832618713379,
  "prefix_slot_norm_std": 0.2630624771118164,
  "prefix_tokens": 8,
  "prompt_variant": "answer_slot_labels",
  "shared_injection_arm": "injected",
  "step": 32,
  "support_item_count": 6.0,
  "support_item_hidden_l2": 96.10926055908203,
  "support_item_hidden_norm_max": 39.23830795288086,
  "support_item_hidden_norm_mean": 39.2364387512207,
  "support_item_hidden_norm_std": 0.0014625794719904661,
  "support_serialization_variant": "triad_curated6",
  "support_text_block_chars": 1301,
  "task_case_dump_path": "/root/autodl-tmp/runs/verify/m5-fever-dense-teacher-qwen25/control-safe-hinge/phase2-selected/pilot-I-real/snapshot_evals/step_0032/task_case_dump.jsonl",
  "task_case_dump_rows": 61,
  "training_stage": "shared_injection_snapshot_eval",
  "writer_memory_control": "real",
  "writer_memory_l2": 117.7238540649414,
  "writer_slot_norm_max": 41.62165832519531,
  "writer_slot_norm_mean": 41.62165451049805,
  "writer_slot_norm_std": 1.3486991292666062e-06
}