{
  "best_adapt_macro_f1": 0.1646090534979424,
  "best_adapt_task_margin": -4.207348948619405,
  "best_adapt_task_score": 0.32786885245901637,
  "checkpoint_path": "/root/autodl-tmp/runs/verify/m4-fever-shared-injection-alignment-qwen25/canonical/phase2-selected/pilot-I-shuffle/snapshot_evals/step_0080/checkpoint.pt",
  "dominant_label_fraction": 1.0,
  "label_recall_by_class": {
    "NOT_ENOUGH_INFO": 0.0,
    "REFUTES": 1.0,
    "SUPPORTS": 0.0
  },
  "pilot_arm_alias": "I_shuffle",
  "pilot_support_encoder_mode": "structured_support_set",
  "prefix_artifact_stats": {
    "active_prefix_layers": [
      0,
      7,
      14,
      21,
      27
    ],
    "layer_hidden_l2_by_layer": {
      "0": 49.380680084228516,
      "14": 47.48310852050781,
      "21": 50.99583435058594,
      "27": 49.518680572509766,
      "7": 46.77000427246094
    },
    "layer_key_l2_by_layer": {
      "0": 3134.0595703125,
      "14": 119.24137115478516,
      "21": 75.56476593017578,
      "27": 75.60681915283203,
      "7": 141.12673950195312
    },
    "layer_slot_norm_max_by_layer": {
      "0": 17.46160316467285,
      "14": 16.787107467651367,
      "21": 18.031705856323242,
      "27": 17.508319854736328,
      "7": 16.534446716308594
    },
    "layer_slot_norm_mean_by_layer": {
      "0": 17.46160125732422,
      "14": 16.787107467651367,
      "21": 18.031705856323242,
      "27": 17.508317947387695,
      "7": 16.534446716308594
    },
    "layer_slot_norm_std_by_layer": {
      "0": 9.5367431640625e-07,
      "14": 0.0,
      "21": 9.5367431640625e-07,
      "27": 1.7841613271230017e-06,
      "7": 1.5078915112098912e-06
    },
    "layer_value_l2_by_layer": {
      "0": 20.369598388671875,
      "14": 71.0299301147461,
      "21": 112.43524932861328,
      "27": 205.7364959716797,
      "7": 48.89311218261719
    },
    "pilot_injection_mode": "sparse_deep_prefix",
    "pilot_support_encoder_mode": "structured_support_set",
    "prefix_l2": 109.24404907226562,
    "prefix_slot_norm_max": 18.031705856323242,
    "prefix_slot_norm_mean": 17.264636993408203,
    "prefix_slot_norm_std": 0.5381048917770386,
    "prefix_tokens": 8.0,
    "support_item_count": 6.0,
    "support_item_hidden_l2": 96.31683349609375,
    "support_item_hidden_norm_max": 39.324527740478516,
    "support_item_hidden_norm_mean": 39.32118606567383,
    "support_item_hidden_norm_std": 0.002329598180949688,
    "writer_memory_l2": 111.79632568359375,
    "writer_slot_norm_max": 39.52597427368164,
    "writer_slot_norm_mean": 39.52597427368164,
    "writer_slot_norm_std": 1.9073486328125e-06
  },
  "prefix_l2": 109.24404907226562,
  "prefix_slot_norm_max": 18.031705856323242,
  "prefix_slot_norm_mean": 17.264636993408203,
  "prefix_slot_norm_std": 0.5381048917770386,
  "prefix_tokens": 8,
  "prompt_variant": "answer_slot_labels",
  "shared_injection_arm": "injected",
  "step": 80,
  "support_item_count": 6.0,
  "support_item_hidden_l2": 96.31683349609375,
  "support_item_hidden_norm_max": 39.324527740478516,
  "support_item_hidden_norm_mean": 39.32118606567383,
  "support_item_hidden_norm_std": 0.002329598180949688,
  "support_serialization_variant": "triad_curated6",
  "support_text_block_chars": 1415,
  "task_case_dump_path": "/root/autodl-tmp/runs/verify/m4-fever-shared-injection-alignment-qwen25/canonical/phase2-selected/pilot-I-shuffle/snapshot_evals/step_0080/task_case_dump.jsonl",
  "task_case_dump_rows": 61,
  "training_stage": "shared_injection_snapshot_eval",
  "writer_memory_control": "shuffled",
  "writer_memory_l2": 111.79632568359375,
  "writer_slot_norm_max": 39.52597427368164,
  "writer_slot_norm_mean": 39.52597427368164,
  "writer_slot_norm_std": 1.9073486328125e-06
}