{
  "best_adapt_macro_f1": 0.1518987341772152,
  "best_adapt_task_margin": -5.821286217111056,
  "best_adapt_task_score": 0.29508196721311475,
  "checkpoint_path": "/root/autodl-tmp/runs/verify/m4-fever-anti-shortcut-recovery-qwen25/run-a/phase2-selected/pilot-I-real/snapshot_evals/step_0048/checkpoint.pt",
  "dominant_label_fraction": 1.0,
  "label_recall_by_class": {
    "NOT_ENOUGH_INFO": 0.0,
    "REFUTES": 0.0,
    "SUPPORTS": 1.0
  },
  "pilot_arm_alias": "I_real",
  "prefix_artifact_stats": {
    "active_prefix_layers": [
      0,
      7,
      14,
      21,
      27
    ],
    "layer_hidden_l2_by_layer": {
      "0": 60.91465377807617,
      "14": 54.5579719543457,
      "21": 59.84477233886719,
      "27": 59.090335845947266,
      "7": 57.188758850097656
    },
    "layer_key_l2_by_layer": {
      "0": 3114.892578125,
      "14": 131.038818359375,
      "21": 79.95149993896484,
      "27": 85.9501953125,
      "7": 143.36451721191406
    },
    "layer_slot_norm_max_by_layer": {
      "0": 21.536317825317383,
      "14": 19.28790855407715,
      "21": 21.16030502319336,
      "27": 20.888948440551758,
      "7": 20.2202205657959
    },
    "layer_slot_norm_mean_by_layer": {
      "0": 21.53631591796875,
      "14": 19.287904739379883,
      "21": 21.16030502319336,
      "27": 20.888946533203125,
      "7": 20.220218658447266
    },
    "layer_slot_norm_std_by_layer": {
      "0": 1.3486991292666062e-06,
      "14": 2.7804144338006154e-06,
      "21": 1.5078915112098912e-06,
      "27": 6.743495646333031e-07,
      "7": 1.5078915112098912e-06
    },
    "layer_value_l2_by_layer": {
      "0": 21.465595245361328,
      "14": 71.43726348876953,
      "21": 95.90715026855469,
      "27": 186.54258728027344,
      "7": 43.532936096191406
    },
    "pilot_injection_mode": "sparse_deep_prefix",
    "prefix_l2": 130.50059509277344,
    "prefix_slot_norm_max": 21.536317825317383,
    "prefix_slot_norm_mean": 20.618738174438477,
    "prefix_slot_norm_std": 0.7922353744506836,
    "prefix_tokens": 8.0,
    "writer_memory_l2": 117.75153350830078,
    "writer_slot_norm_max": 41.6314582824707,
    "writer_slot_norm_mean": 41.6314582824707,
    "writer_slot_norm_std": 1.3486991292666062e-06
  },
  "prefix_l2": 130.50059509277344,
  "prefix_slot_norm_max": 21.536317825317383,
  "prefix_slot_norm_mean": 20.618738174438477,
  "prefix_slot_norm_std": 0.7922353744506836,
  "prefix_tokens": 8,
  "prompt_variant": "answer_slot_labels",
  "shared_injection_arm": "injected",
  "step": 48,
  "support_serialization_variant": "triad_curated6",
  "support_text_block_chars": 1301,
  "task_case_dump_path": "/root/autodl-tmp/runs/verify/m4-fever-anti-shortcut-recovery-qwen25/run-a/phase2-selected/pilot-I-real/snapshot_evals/step_0048/task_case_dump.jsonl",
  "task_case_dump_rows": 61,
  "training_stage": "shared_injection_snapshot_eval",
  "writer_memory_control": "real",
  "writer_memory_l2": 117.75153350830078,
  "writer_slot_norm_max": 41.6314582824707,
  "writer_slot_norm_mean": 41.6314582824707,
  "writer_slot_norm_std": 1.3486991292666062e-06
}