{
  "best_adapt_macro_f1": 0.1518987341772152,
  "best_adapt_task_margin": -4.545445262408648,
  "best_adapt_task_score": 0.29508196721311475,
  "checkpoint_path": "/root/autodl-tmp/runs/verify/tl-poc-fever-qwen25/tl-h4-k8/phase2-selected/pilot-I-real/snapshot_evals/step_0012/checkpoint.pt",
  "dominant_label_fraction": 1.0,
  "label_recall_by_class": {
    "NOT_ENOUGH_INFO": 0.0,
    "REFUTES": 0.0,
    "SUPPORTS": 1.0
  },
  "memory_long_l2": 117.72281646728516,
  "memory_long_slot_norm_max": 41.62131118774414,
  "memory_long_slot_norm_mean": 41.62131118774414,
  "memory_long_slot_norm_std": 0.0,
  "memory_long_slots": 8.0,
  "memory_short_l2": 110.87798221775743,
  "memory_short_pairwise_cosine_mean": 0.9998220654784656,
  "memory_short_slot_norm_max": 39.20129600900118,
  "memory_short_slot_norm_mean": 39.2012876291744,
  "memory_short_slot_norm_std": 7.0466653969411765e-06,
  "memory_short_slots": 8.0,
  "pilot_arm_alias": "I_real",
  "pilot_fuser_short_slots": 8.0,
  "pilot_memory_path_variant": "two_level",
  "pilot_projector_token_source": "short_slots",
  "pilot_reader_context_mode": "prompt_summary",
  "pilot_reader_num_queries": 4.0,
  "pilot_support_encoder_mode": "structured_support_set",
  "prefix_artifact_stats": {
    "active_prefix_layers": [
      0.0,
      7.0,
      14.0,
      21.0,
      27.0
    ],
    "layer_hidden_l2_by_layer": {
      "0": 39.222307048860145,
      "14": 39.00378855720895,
      "21": 40.09228084126457,
      "27": 40.919618137547225,
      "7": 39.41360273517546
    },
    "layer_key_l2_by_layer": {
      "0": 3117.0730540791496,
      "14": 89.72180888691886,
      "21": 54.8164870465388,
      "27": 60.22465114906186,
      "7": 142.40904811171234
    },
    "layer_slot_norm_max_by_layer": {
      "0": 13.881022109359991,
      "14": 13.804531566432265,
      "21": 14.18908275541712,
      "27": 14.482030884164278,
      "7": 13.948942168814238
    },
    "layer_slot_norm_mean_by_layer": {
      "0": 13.867213671324683,
      "14": 13.789922745501409,
      "21": 14.174795994993117,
      "27": 14.467305449188732,
      "7": 13.934854960832439
    },
    "layer_slot_norm_std_by_layer": {
      "0": 0.009331451286180098,
      "14": 0.009310668746589637,
      "21": 0.009635119317252128,
      "27": 0.009822075041469003,
      "7": 0.009442835008023216
    },
    "layer_value_l2_by_layer": {
      "0": 19.030374995997693,
      "14": 63.840137731833536,
      "21": 69.27260602106813,
      "27": 185.99004576636142,
      "7": 35.16800245691518
    },
    "memory_long_l2": 117.72281646728516,
    "memory_long_slot_norm_max": 41.62131118774414,
    "memory_long_slot_norm_mean": 41.62131118774414,
    "memory_long_slot_norm_std": 0.0,
    "memory_long_slots": 8.0,
    "memory_short_l2": 110.87798221775743,
    "memory_short_pairwise_cosine_mean": 0.9998220654784656,
    "memory_short_slot_norm_max": 39.20129600900118,
    "memory_short_slot_norm_mean": 39.2012876291744,
    "memory_short_slot_norm_std": 7.0466653969411765e-06,
    "memory_short_slots": 8.0,
    "pilot_injection_mode": "sparse_deep_prefix",
    "pilot_memory_path_variant": "two_level",
    "pilot_projector_token_source": "short_slots",
    "pilot_support_encoder_mode": "structured_support_set",
    "prefix_l2": 88.85357615986808,
    "prefix_slot_norm_max": 14.482030884164278,
    "prefix_slot_norm_mean": 14.046818467437244,
    "prefix_slot_norm_std": 0.2467879411138472,
    "prefix_tokens": 8.0,
    "reader_attention_entropy_max": 2.079441547393799,
    "reader_attention_entropy_mean": 2.079441547393799,
    "reader_attention_entropy_min": 2.079441547393799,
    "reader_attention_pairwise_cosine_mean": 1.0,
    "reader_num_queries": 4.0,
    "reader_query_entropy_by_query": [
      2.079441547393799,
      2.079441547393799,
      2.079441547393799,
      2.079441547393799
    ],
    "reader_slot_count": 8.0,
    "reader_slot_coverage_fraction": 0.5040983606557377,
    "support_item_count": 6.0,
    "support_item_hidden_l2": 96.10214233398438,
    "support_item_hidden_norm_max": 39.23524475097656,
    "support_item_hidden_norm_mean": 39.2335319519043,
    "support_item_hidden_norm_std": 0.001311941654421389,
    "writer_memory_l2": 117.72281646728516,
    "writer_slot_norm_max": 41.62131118774414,
    "writer_slot_norm_mean": 41.62131118774414,
    "writer_slot_norm_std": 0.0
  },
  "prefix_l2": 88.85357615986808,
  "prefix_slot_norm_max": 14.482030884164278,
  "prefix_slot_norm_mean": 14.046818467437244,
  "prefix_slot_norm_std": 0.2467879411138472,
  "prefix_tokens": 8,
  "prompt_variant": "answer_slot_labels",
  "reader_attention_entropy_max": 2.079441547393799,
  "reader_attention_entropy_mean": 2.079441547393799,
  "reader_attention_entropy_min": 2.079441547393799,
  "reader_attention_pairwise_cosine_mean": 1.0,
  "reader_num_queries": 4.0,
  "reader_slot_count": 8.0,
  "reader_slot_coverage_fraction": 0.5040983606557377,
  "shared_injection_arm": "injected",
  "step": 12,
  "support_item_count": 6.0,
  "support_item_hidden_l2": 96.10214233398438,
  "support_item_hidden_norm_max": 39.23524475097656,
  "support_item_hidden_norm_mean": 39.2335319519043,
  "support_item_hidden_norm_std": 0.001311941654421389,
  "support_serialization_variant": "triad_curated6",
  "support_text_block_chars": 1301,
  "task_case_dump_path": "/root/autodl-tmp/runs/verify/tl-poc-fever-qwen25/tl-h4-k8/phase2-selected/pilot-I-real/snapshot_evals/step_0012/task_case_dump.jsonl",
  "task_case_dump_rows": 61,
  "training_stage": "shared_injection_snapshot_eval",
  "writer_memory_control": "real",
  "writer_memory_l2": 117.72281646728516,
  "writer_slot_norm_max": 41.62131118774414,
  "writer_slot_norm_mean": 41.62131118774414,
  "writer_slot_norm_std": 0.0
}