{
  "best_adapt_macro_f1": 0.18003731343283583,
  "best_adapt_task_margin": -4.915839961317719,
  "best_adapt_task_score": 0.2786885245901639,
  "checkpoint_path": "/root/autodl-tmp/runs/verify/m4-fever-deep-prompt-recovery-qwen25/triad6/phase2-selected/pilot-I-shuffle/snapshot_evals/step_0064/checkpoint.pt",
  "dominant_label_fraction": 0.7704918032786885,
  "label_recall_by_class": {
    "NOT_ENOUGH_INFO": 0.0,
    "REFUTES": 0.8,
    "SUPPORTS": 0.05555555555555555
  },
  "pilot_arm_alias": "I_shuffle",
  "prefix_artifact_stats": {
    "active_prefix_layers": [
      0,
      7,
      14,
      21,
      27
    ],
    "layer_hidden_l2_by_layer": {
      "0": 85.87239837646484,
      "14": 85.87034606933594,
      "21": 85.86447143554688,
      "27": 85.86099243164062,
      "7": 85.87161254882812
    },
    "layer_key_l2_by_layer": {
      "0": 3128.90185546875,
      "14": 138.4029083251953,
      "21": 118.99605560302734,
      "27": 127.3840560913086,
      "7": 138.37997436523438
    },
    "layer_slot_norm_max_by_layer": {
      "0": 30.357868194580078,
      "14": 30.357866287231445,
      "21": 30.357864379882812,
      "27": 30.357864379882812,
      "7": 30.357864379882812
    },
    "layer_slot_norm_mean_by_layer": {
      "0": 30.357866287231445,
      "14": 30.357864379882812,
      "21": 30.357864379882812,
      "27": 30.35786247253418,
      "7": 30.357864379882812
    },
    "layer_slot_norm_std_by_layer": {
      "0": 6.743495646333031e-07,
      "14": 1.3486991292666062e-06,
      "21": 0.0,
      "27": 6.743495646333031e-07,
      "7": 0.0
    },
    "layer_value_l2_by_layer": {
      "0": 25.273122787475586,
      "14": 112.81118774414062,
      "21": 100.60867309570312,
      "27": 225.67001342773438,
      "7": 61.28999328613281
    },
    "pilot_injection_mode": "sparse_deep_prefix",
    "prefix_l2": 191.99990844726562,
    "prefix_slot_norm_max": 30.357868194580078,
    "prefix_slot_norm_mean": 30.357864379882812,
    "prefix_slot_norm_std": 1.4145275599730667e-06,
    "prefix_tokens": 8.0,
    "writer_memory_l2": 117.74898529052734,
    "writer_slot_norm_max": 41.63056564331055,
    "writer_slot_norm_mean": 41.63056564331055,
    "writer_slot_norm_std": 0.0
  },
  "prefix_l2": 191.99990844726562,
  "prefix_slot_norm_max": 30.357868194580078,
  "prefix_slot_norm_mean": 30.357864379882812,
  "prefix_slot_norm_std": 1.4145275599730667e-06,
  "prefix_tokens": 8,
  "prompt_variant": "answer_slot_labels",
  "shared_injection_arm": "injected",
  "step": 64,
  "support_serialization_variant": "triad_curated6",
  "support_text_block_chars": 1655,
  "task_case_dump_path": "/root/autodl-tmp/runs/verify/m4-fever-deep-prompt-recovery-qwen25/triad6/phase2-selected/pilot-I-shuffle/snapshot_evals/step_0064/task_case_dump.jsonl",
  "task_case_dump_rows": 61,
  "training_stage": "shared_injection_snapshot_eval",
  "writer_memory_control": "shuffled",
  "writer_memory_l2": 117.74898529052734,
  "writer_slot_norm_max": 41.63056564331055,
  "writer_slot_norm_mean": 41.63056564331055,
  "writer_slot_norm_std": 0.0
}