{
  "best_adapt_macro_f1": 0.1518987341772152,
  "best_adapt_task_margin": -5.739213615167336,
  "best_adapt_task_score": 0.29508196721311475,
  "checkpoint_path": "/root/autodl-tmp/runs/verify/m5-fever-writer-reasoner-alignment-qwen25/freeze-writer/phase2-selected/pilot-I-shuffle/snapshot_evals/step_0032/checkpoint.pt",
  "dominant_label_fraction": 1.0,
  "label_recall_by_class": {
    "NOT_ENOUGH_INFO": 0.0,
    "REFUTES": 0.0,
    "SUPPORTS": 1.0
  },
  "pilot_arm_alias": "I_shuffle",
  "pilot_support_encoder_mode": "structured_support_set",
  "prefix_artifact_stats": {
    "active_prefix_layers": [
      0,
      7,
      14,
      21,
      27
    ],
    "layer_hidden_l2_by_layer": {
      "0": 30.654762268066406,
      "14": 30.385683059692383,
      "21": 31.185522079467773,
      "27": 31.029848098754883,
      "7": 29.299739837646484
    },
    "layer_key_l2_by_layer": {
      "0": 3115.4951171875,
      "14": 93.41973876953125,
      "21": 62.0637092590332,
      "27": 86.28250122070312,
      "7": 150.66221618652344
    },
    "layer_slot_norm_max_by_layer": {
      "0": 10.838961601257324,
      "14": 10.742919921875,
      "21": 11.026908874511719,
      "27": 10.970232963562012,
      "7": 10.361289978027344
    },
    "layer_slot_norm_mean_by_layer": {
      "0": 10.838960647583008,
      "14": 10.742919921875,
      "21": 11.026908874511719,
      "27": 10.970232009887695,
      "7": 10.361289978027344
    },
    "layer_slot_norm_std_by_layer": {
      "0": 9.5367431640625e-07,
      "14": 8.920806635615008e-07,
      "21": 8.259061701210157e-07,
      "27": 3.3717478231665154e-07,
      "7": 4.76837158203125e-07
    },
    "layer_value_l2_by_layer": {
      "0": 21.456653594970703,
      "14": 74.31404113769531,
      "21": 82.63251495361328,
      "27": 223.0201416015625,
      "7": 44.169193267822266
    },
    "pilot_injection_mode": "sparse_deep_prefix",
    "pilot_support_encoder_mode": "structured_support_set",
    "prefix_l2": 68.24586486816406,
    "prefix_slot_norm_max": 11.026908874511719,
    "prefix_slot_norm_mean": 10.78806209564209,
    "prefix_slot_norm_std": 0.23537062108516693,
    "prefix_tokens": 8.0,
    "support_item_count": 6.0,
    "support_item_hidden_l2": 96.09542846679688,
    "support_item_hidden_norm_max": 39.232444763183594,
    "support_item_hidden_norm_mean": 39.23079299926758,
    "support_item_hidden_norm_std": 0.0014937815722078085,
    "writer_memory_l2": 117.73040771484375,
    "writer_slot_norm_max": 41.62397766113281,
    "writer_slot_norm_mean": 41.62397766113281,
    "writer_slot_norm_std": 0.0
  },
  "prefix_l2": 68.24586486816406,
  "prefix_slot_norm_max": 11.026908874511719,
  "prefix_slot_norm_mean": 10.78806209564209,
  "prefix_slot_norm_std": 0.23537062108516693,
  "prefix_tokens": 8,
  "prompt_variant": "answer_slot_labels",
  "shared_injection_arm": "injected",
  "step": 32,
  "support_item_count": 6.0,
  "support_item_hidden_l2": 96.09542846679688,
  "support_item_hidden_norm_max": 39.232444763183594,
  "support_item_hidden_norm_mean": 39.23079299926758,
  "support_item_hidden_norm_std": 0.0014937815722078085,
  "support_serialization_variant": "triad_curated6",
  "support_text_block_chars": 1415,
  "task_case_dump_path": "/root/autodl-tmp/runs/verify/m5-fever-writer-reasoner-alignment-qwen25/freeze-writer/phase2-selected/pilot-I-shuffle/snapshot_evals/step_0032/task_case_dump.jsonl",
  "task_case_dump_rows": 61,
  "training_stage": "shared_injection_snapshot_eval",
  "writer_memory_control": "shuffled",
  "writer_memory_l2": 117.73040771484375,
  "writer_slot_norm_max": 41.62397766113281,
  "writer_slot_norm_mean": 41.62397766113281,
  "writer_slot_norm_std": 0.0
}