{
  "best_adapt_macro_f1": 0.1518987341772152,
  "best_adapt_task_margin": -2.5161044324030644,
  "best_adapt_task_score": 0.29508196721311475,
  "checkpoint_path": "/root/autodl-tmp/runs/verify/tl-poc-fever-qwen25/tl-h1-k4/phase2-selected/pilot-I-real/snapshot_evals/step_0002/checkpoint.pt",
  "dominant_label_fraction": 1.0,
  "label_recall_by_class": {
    "NOT_ENOUGH_INFO": 0.0,
    "REFUTES": 0.0,
    "SUPPORTS": 1.0
  },
  "memory_long_l2": 117.72566223144531,
  "memory_long_slot_norm_max": 41.62229919433594,
  "memory_long_slot_norm_mean": 41.62229919433594,
  "memory_long_slot_norm_std": 0.0,
  "memory_long_slots": 8.0,
  "memory_short_l2": 78.38822386694736,
  "memory_short_pairwise_cosine_mean": 0.9996163434669619,
  "memory_short_slot_norm_max": 39.1941168112833,
  "memory_short_slot_norm_mean": 39.19411143318551,
  "memory_short_slot_norm_std": 4.2237937525554074e-06,
  "memory_short_slots": 4.0,
  "pilot_arm_alias": "I_real",
  "pilot_fuser_short_slots": 4.0,
  "pilot_memory_path_variant": "two_level",
  "pilot_projector_token_source": "short_slots",
  "pilot_reader_context_mode": "prompt_summary",
  "pilot_reader_num_queries": 1.0,
  "pilot_support_encoder_mode": "structured_support_set",
  "prefix_artifact_stats": {
    "active_prefix_layers": [
      0.0,
      7.0,
      14.0,
      21.0,
      27.0
    ],
    "layer_hidden_l2_by_layer": {
      "0": 13.843457112546828,
      "14": 13.839609239922195,
      "21": 14.234528432126906,
      "27": 14.114940658944551,
      "7": 13.831952517149878
    },
    "layer_key_l2_by_layer": {
      "0": 2204.2659251728996,
      "14": 56.64357357337827,
      "21": 38.33505030147365,
      "27": 39.32897048700051,
      "7": 98.58849397252817
    },
    "layer_slot_norm_max_by_layer": {
      "0": 6.92906002920182,
      "14": 6.927160700813669,
      "21": 7.124609634524486,
      "27": 7.064567503381948,
      "7": 6.922723050977363
    },
    "layer_slot_norm_mean_by_layer": {
      "0": 6.92173577918381,
      "14": 6.919834910846148,
      "21": 7.117255359399514,
      "27": 7.057466749285088,
      "7": 6.915992877522453
    },
    "layer_slot_norm_std_by_layer": {
      "0": 0.00516434303927617,
      "14": 0.005398258795870132,
      "21": 0.0052951626082668535,
      "27": 0.005157648746046375,
      "7": 0.00499254462813012
    },
    "layer_value_l2_by_layer": {
      "0": 12.72056601477451,
      "14": 46.357364529468974,
      "21": 51.74853834558706,
      "27": 135.96594413382107,
      "7": 23.243229037425557
    },
    "memory_long_l2": 117.72566223144531,
    "memory_long_slot_norm_max": 41.62229919433594,
    "memory_long_slot_norm_mean": 41.62229919433594,
    "memory_long_slot_norm_std": 0.0,
    "memory_long_slots": 8.0,
    "memory_short_l2": 78.38822386694736,
    "memory_short_pairwise_cosine_mean": 0.9996163434669619,
    "memory_short_slot_norm_max": 39.1941168112833,
    "memory_short_slot_norm_mean": 39.19411143318551,
    "memory_short_slot_norm_std": 4.2237937525554074e-06,
    "memory_short_slots": 4.0,
    "pilot_injection_mode": "sparse_deep_prefix",
    "pilot_memory_path_variant": "two_level",
    "pilot_projector_token_source": "short_slots",
    "pilot_support_encoder_mode": "structured_support_set",
    "prefix_l2": 31.246688530093333,
    "prefix_slot_norm_max": 7.124609634524486,
    "prefix_slot_norm_mean": 6.986457191529821,
    "prefix_slot_norm_std": 0.08483017663486668,
    "prefix_tokens": 4.0,
    "reader_attention_entropy_max": 2.079441547393799,
    "reader_attention_entropy_mean": 2.079441547393799,
    "reader_attention_entropy_min": 2.079441547393799,
    "reader_attention_pairwise_cosine_mean": 0.0,
    "reader_num_queries": 1.0,
    "reader_query_entropy_by_query": [
      2.079441547393799
    ],
    "reader_slot_count": 8.0,
    "reader_slot_coverage_fraction": 0.11270491803278689,
    "support_item_count": 6.0,
    "support_item_hidden_l2": 96.09917449951172,
    "support_item_hidden_norm_max": 39.23406219482422,
    "support_item_hidden_norm_mean": 39.23232650756836,
    "support_item_hidden_norm_std": 0.001343781827017665,
    "writer_memory_l2": 117.72566223144531,
    "writer_slot_norm_max": 41.62229919433594,
    "writer_slot_norm_mean": 41.62229919433594,
    "writer_slot_norm_std": 0.0
  },
  "prefix_l2": 31.246688530093333,
  "prefix_slot_norm_max": 7.124609634524486,
  "prefix_slot_norm_mean": 6.986457191529821,
  "prefix_slot_norm_std": 0.08483017663486668,
  "prefix_tokens": 4,
  "prompt_variant": "answer_slot_labels",
  "reader_attention_entropy_max": 2.079441547393799,
  "reader_attention_entropy_mean": 2.079441547393799,
  "reader_attention_entropy_min": 2.079441547393799,
  "reader_attention_pairwise_cosine_mean": 0.0,
  "reader_num_queries": 1.0,
  "reader_slot_count": 8.0,
  "reader_slot_coverage_fraction": 0.11270491803278689,
  "shared_injection_arm": "injected",
  "step": 2,
  "support_item_count": 6.0,
  "support_item_hidden_l2": 96.09917449951172,
  "support_item_hidden_norm_max": 39.23406219482422,
  "support_item_hidden_norm_mean": 39.23232650756836,
  "support_item_hidden_norm_std": 0.001343781827017665,
  "support_serialization_variant": "triad_curated6",
  "support_text_block_chars": 1301,
  "task_case_dump_path": "/root/autodl-tmp/runs/verify/tl-poc-fever-qwen25/tl-h1-k4/phase2-selected/pilot-I-real/snapshot_evals/step_0002/task_case_dump.jsonl",
  "task_case_dump_rows": 61,
  "training_stage": "shared_injection_snapshot_eval",
  "writer_memory_control": "real",
  "writer_memory_l2": 117.72566223144531,
  "writer_slot_norm_max": 41.62229919433594,
  "writer_slot_norm_mean": 41.62229919433594,
  "writer_slot_norm_std": 0.0
}