{
  "device": "cuda",
  "event_name": "train",
  "examples": 1648,
  "peak_device_memory_bytes": 13591964160,
  "peak_device_memory_mib": 12962.307129,
  "peak_rss_kb": 4871044,
  "token_count": 596163,
  "tokens_per_sec": 1261.734516,
  "wall_time_sec": 472.494802
}