{
  "best_adapt_macro_f1": 0.1518987341772152,
  "best_adapt_task_margin": -4.477189454876009,
  "best_adapt_task_score": 0.29508196721311475,
  "checkpoint_path": "/root/autodl-tmp/runs/verify/tl-poc-fever-qwen25/tl-h1-k4/phase2-selected/pilot-I-real/snapshot_evals/step_0024/checkpoint.pt",
  "dominant_label_fraction": 1.0,
  "label_recall_by_class": {
    "NOT_ENOUGH_INFO": 0.0,
    "REFUTES": 0.0,
    "SUPPORTS": 1.0
  },
  "memory_long_l2": 117.7206039428711,
  "memory_long_slot_norm_max": 41.62051010131836,
  "memory_long_slot_norm_mean": 41.62051010131836,
  "memory_long_slot_norm_std": 1.3486991292666062e-06,
  "memory_long_slots": 8.0,
  "memory_short_l2": 78.4106849295194,
  "memory_short_pairwise_cosine_mean": 0.9998734270940062,
  "memory_short_slot_norm_max": 39.20535322095527,
  "memory_short_slot_norm_mean": 39.20534327772797,
  "memory_short_slot_norm_std": 7.557854833514105e-06,
  "memory_short_slots": 4.0,
  "pilot_arm_alias": "I_real",
  "pilot_fuser_short_slots": 4.0,
  "pilot_memory_path_variant": "two_level",
  "pilot_projector_token_source": "short_slots",
  "pilot_reader_context_mode": "prompt_summary",
  "pilot_reader_num_queries": 1.0,
  "pilot_support_encoder_mode": "structured_support_set",
  "prefix_artifact_stats": {
    "active_prefix_layers": [
      0.0,
      7.0,
      14.0,
      21.0,
      27.0
    ],
    "layer_hidden_l2_by_layer": {
      "0": 27.493024200689597,
      "14": 27.107687934500273,
      "21": 27.89889476338371,
      "27": 27.825045007174133,
      "7": 27.439312575293368
    },
    "layer_key_l2_by_layer": {
      "0": 2205.4446201011783,
      "14": 61.61607836113601,
      "21": 40.300825087750546,
      "27": 43.989671926029395,
      "7": 99.59036304911629
    },
    "layer_slot_norm_max_by_layer": {
      "0": 13.754250588964243,
      "14": 13.5607078270834,
      "21": 13.956794066507308,
      "27": 13.920453024692224,
      "7": 13.727336039308641
    },
    "layer_slot_norm_mean_by_layer": {
      "0": 13.74641182383553,
      "14": 13.553744441173116,
      "21": 13.949477789831944,
      "27": 13.91258593074611,
      "7": 13.719568627779601
    },
    "layer_slot_norm_std_by_layer": {
      "0": 0.0057983037053805885,
      "14": 0.005289853642099216,
      "21": 0.005559117716477543,
      "27": 0.005700809568105663,
      "7": 0.005699230441976277
    },
    "layer_value_l2_by_layer": {
      "0": 13.140604410015168,
      "14": 46.73842358198322,
      "21": 52.113667910216286,
      "27": 140.8278853619685,
      "7": 25.22876642571121
    },
    "memory_long_l2": 117.7206039428711,
    "memory_long_slot_norm_max": 41.62051010131836,
    "memory_long_slot_norm_mean": 41.62051010131836,
    "memory_long_slot_norm_std": 1.3486991292666062e-06,
    "memory_long_slots": 8.0,
    "memory_short_l2": 78.4106849295194,
    "memory_short_pairwise_cosine_mean": 0.9998734270940062,
    "memory_short_slot_norm_max": 39.20535322095527,
    "memory_short_slot_norm_mean": 39.20534327772797,
    "memory_short_slot_norm_std": 7.557854833514105e-06,
    "memory_short_slots": 4.0,
    "pilot_injection_mode": "sparse_deep_prefix",
    "pilot_memory_path_variant": "two_level",
    "pilot_projector_token_source": "short_slots",
    "pilot_support_encoder_mode": "structured_support_set",
    "prefix_l2": 61.613067939633225,
    "prefix_slot_norm_max": 13.956794066507308,
    "prefix_slot_norm_mean": 13.77635769765885,
    "prefix_slot_norm_std": 0.14312204840730447,
    "prefix_tokens": 4.0,
    "reader_attention_entropy_max": 2.079441547393799,
    "reader_attention_entropy_mean": 2.079441547393799,
    "reader_attention_entropy_min": 2.079441547393799,
    "reader_attention_pairwise_cosine_mean": 0.0,
    "reader_num_queries": 1.0,
    "reader_query_entropy_by_query": [
      2.079441547393799
    ],
    "reader_slot_count": 8.0,
    "reader_slot_coverage_fraction": 0.21721311475409835,
    "support_item_count": 6.0,
    "support_item_hidden_l2": 96.1072769165039,
    "support_item_hidden_norm_max": 39.237510681152344,
    "support_item_hidden_norm_mean": 39.235633850097656,
    "support_item_hidden_norm_std": 0.0014916547806933522,
    "writer_memory_l2": 117.7206039428711,
    "writer_slot_norm_max": 41.62051010131836,
    "writer_slot_norm_mean": 41.62051010131836,
    "writer_slot_norm_std": 1.3486991292666062e-06
  },
  "prefix_l2": 61.613067939633225,
  "prefix_slot_norm_max": 13.956794066507308,
  "prefix_slot_norm_mean": 13.77635769765885,
  "prefix_slot_norm_std": 0.14312204840730447,
  "prefix_tokens": 4,
  "prompt_variant": "answer_slot_labels",
  "reader_attention_entropy_max": 2.079441547393799,
  "reader_attention_entropy_mean": 2.079441547393799,
  "reader_attention_entropy_min": 2.079441547393799,
  "reader_attention_pairwise_cosine_mean": 0.0,
  "reader_num_queries": 1.0,
  "reader_slot_count": 8.0,
  "reader_slot_coverage_fraction": 0.21721311475409835,
  "shared_injection_arm": "injected",
  "step": 24,
  "support_item_count": 6.0,
  "support_item_hidden_l2": 96.1072769165039,
  "support_item_hidden_norm_max": 39.237510681152344,
  "support_item_hidden_norm_mean": 39.235633850097656,
  "support_item_hidden_norm_std": 0.0014916547806933522,
  "support_serialization_variant": "triad_curated6",
  "support_text_block_chars": 1301,
  "task_case_dump_path": "/root/autodl-tmp/runs/verify/tl-poc-fever-qwen25/tl-h1-k4/phase2-selected/pilot-I-real/snapshot_evals/step_0024/task_case_dump.jsonl",
  "task_case_dump_rows": 61,
  "training_stage": "shared_injection_snapshot_eval",
  "writer_memory_control": "real",
  "writer_memory_l2": 117.7206039428711,
  "writer_slot_norm_max": 41.62051010131836,
  "writer_slot_norm_mean": 41.62051010131836,
  "writer_slot_norm_std": 1.3486991292666062e-06
}