{
  "best_adapt_macro_f1": 0.1518987341772152,
  "best_adapt_task_margin": -7.194278810845047,
  "best_adapt_task_score": 0.29508196721311475,
  "checkpoint_path": "/root/autodl-tmp/runs/verify/m5-fever-dense-teacher-qwen25/control-safe-hinge/phase2-selected/pilot-I-shuffle/snapshot_evals/step_0032/checkpoint.pt",
  "dominant_label_fraction": 1.0,
  "label_recall_by_class": {
    "NOT_ENOUGH_INFO": 0.0,
    "REFUTES": 0.0,
    "SUPPORTS": 1.0
  },
  "pilot_arm_alias": "I_shuffle",
  "pilot_support_encoder_mode": "structured_support_set",
  "prefix_artifact_stats": {
    "active_prefix_layers": [
      0,
      7,
      14,
      21,
      27
    ],
    "layer_hidden_l2_by_layer": {
      "0": 29.093629837036133,
      "14": 28.501529693603516,
      "21": 30.354536056518555,
      "27": 29.665138244628906,
      "7": 28.564105987548828
    },
    "layer_key_l2_by_layer": {
      "0": 3114.801025390625,
      "14": 98.75458526611328,
      "21": 59.763450622558594,
      "27": 84.92020416259766,
      "7": 151.86659240722656
    },
    "layer_slot_norm_max_by_layer": {
      "0": 10.286006927490234,
      "14": 10.076811790466309,
      "21": 10.73127555847168,
      "27": 10.488689422607422,
      "7": 10.09921646118164
    },
    "layer_slot_norm_mean_by_layer": {
      "0": 10.286005020141602,
      "14": 10.076810836791992,
      "21": 10.73127555847168,
      "27": 10.488688468933105,
      "7": 10.099215507507324
    },
    "layer_slot_norm_std_by_layer": {
      "0": 8.259061701210157e-07,
      "14": 7.539457556049456e-07,
      "21": 1.3486991292666062e-06,
      "27": 3.3717478231665154e-07,
      "7": 3.3717478231665154e-07
    },
    "layer_value_l2_by_layer": {
      "0": 22.039522171020508,
      "14": 83.21334075927734,
      "21": 81.6047592163086,
      "27": 229.23081970214844,
      "7": 45.63618850708008
    },
    "pilot_injection_mode": "sparse_deep_prefix",
    "pilot_support_encoder_mode": "structured_support_set",
    "prefix_l2": 65.39180755615234,
    "prefix_slot_norm_max": 10.73127555847168,
    "prefix_slot_norm_mean": 10.336400032043457,
    "prefix_slot_norm_std": 0.24710334837436676,
    "prefix_tokens": 8.0,
    "support_item_count": 6.0,
    "support_item_hidden_l2": 96.10321807861328,
    "support_item_hidden_norm_max": 39.235595703125,
    "support_item_hidden_norm_mean": 39.23396682739258,
    "support_item_hidden_norm_std": 0.0015786663861945271,
    "writer_memory_l2": 117.75177764892578,
    "writer_slot_norm_max": 41.63153839111328,
    "writer_slot_norm_mean": 41.631534576416016,
    "writer_slot_norm_std": 3.814697265625e-06
  },
  "prefix_l2": 65.39180755615234,
  "prefix_slot_norm_max": 10.73127555847168,
  "prefix_slot_norm_mean": 10.336400032043457,
  "prefix_slot_norm_std": 0.24710334837436676,
  "prefix_tokens": 8,
  "prompt_variant": "answer_slot_labels",
  "shared_injection_arm": "injected",
  "step": 32,
  "support_item_count": 6.0,
  "support_item_hidden_l2": 96.10321807861328,
  "support_item_hidden_norm_max": 39.235595703125,
  "support_item_hidden_norm_mean": 39.23396682739258,
  "support_item_hidden_norm_std": 0.0015786663861945271,
  "support_serialization_variant": "triad_curated6",
  "support_text_block_chars": 1415,
  "task_case_dump_path": "/root/autodl-tmp/runs/verify/m5-fever-dense-teacher-qwen25/control-safe-hinge/phase2-selected/pilot-I-shuffle/snapshot_evals/step_0032/task_case_dump.jsonl",
  "task_case_dump_rows": 61,
  "training_stage": "shared_injection_snapshot_eval",
  "writer_memory_control": "shuffled",
  "writer_memory_l2": 117.75177764892578,
  "writer_slot_norm_max": 41.63153839111328,
  "writer_slot_norm_mean": 41.631534576416016,
  "writer_slot_norm_std": 3.814697265625e-06
}