{
  "best_adapt_macro_f1": 0.1518987341772152,
  "best_adapt_task_margin": -4.945133396836578,
  "best_adapt_task_score": 0.29508196721311475,
  "checkpoint_path": "/root/autodl-tmp/runs/verify/m5-fever-writer-reasoner-alignment-qwen25/canonical/phase2-selected/pilot-I-real/snapshot_evals/step_0024/checkpoint.pt",
  "dominant_label_fraction": 1.0,
  "label_recall_by_class": {
    "NOT_ENOUGH_INFO": 0.0,
    "REFUTES": 0.0,
    "SUPPORTS": 1.0
  },
  "pilot_arm_alias": "I_real",
  "pilot_support_encoder_mode": "structured_support_set",
  "prefix_artifact_stats": {
    "active_prefix_layers": [
      0,
      7,
      14,
      21,
      27
    ],
    "layer_hidden_l2_by_layer": {
      "0": 31.325151443481445,
      "14": 30.79734992980957,
      "21": 31.338863372802734,
      "27": 30.993385314941406,
      "7": 29.443239212036133
    },
    "layer_key_l2_by_layer": {
      "0": 3115.710693359375,
      "14": 94.80009460449219,
      "21": 61.56044387817383,
      "27": 81.77115631103516,
      "7": 150.8096923828125
    },
    "layer_slot_norm_max_by_layer": {
      "0": 11.077435493469238,
      "14": 10.888137817382812,
      "21": 11.080205917358398,
      "27": 10.957306861877441,
      "7": 10.40880298614502
    },
    "layer_slot_norm_mean_by_layer": {
      "0": 11.077434539794922,
      "14": 10.888137817382812,
      "21": 11.080205917358398,
      "27": 10.957305908203125,
      "7": 10.408802032470703
    },
    "layer_slot_norm_std_by_layer": {
      "0": 3.3717478231665154e-07,
      "14": 5.840038852511498e-07,
      "21": 6.743495646333031e-07,
      "27": 5.840038852511498e-07,
      "7": 8.259061701210157e-07
    },
    "layer_value_l2_by_layer": {
      "0": 21.374263763427734,
      "14": 72.00675201416016,
      "21": 81.26444244384766,
      "27": 225.08255004882812,
      "7": 43.55244827270508
    },
    "pilot_injection_mode": "sparse_deep_prefix",
    "pilot_support_encoder_mode": "structured_support_set",
    "prefix_l2": 68.84398651123047,
    "prefix_slot_norm_max": 11.080205917358398,
    "prefix_slot_norm_mean": 10.882378578186035,
    "prefix_slot_norm_std": 0.247832253575325,
    "prefix_tokens": 8.0,
    "support_item_count": 6.0,
    "support_item_hidden_l2": 96.118896484375,
    "support_item_hidden_norm_max": 39.242706298828125,
    "support_item_hidden_norm_mean": 39.240379333496094,
    "support_item_hidden_norm_std": 0.0018440408166497946,
    "writer_memory_l2": 117.73506927490234,
    "writer_slot_norm_max": 41.62565231323242,
    "writer_slot_norm_mean": 41.625648498535156,
    "writer_slot_norm_std": 2.336015541004599e-06
  },
  "prefix_l2": 68.84398651123047,
  "prefix_slot_norm_max": 11.080205917358398,
  "prefix_slot_norm_mean": 10.882378578186035,
  "prefix_slot_norm_std": 0.247832253575325,
  "prefix_tokens": 8,
  "prompt_variant": "answer_slot_labels",
  "shared_injection_arm": "injected",
  "step": 24,
  "support_item_count": 6.0,
  "support_item_hidden_l2": 96.118896484375,
  "support_item_hidden_norm_max": 39.242706298828125,
  "support_item_hidden_norm_mean": 39.240379333496094,
  "support_item_hidden_norm_std": 0.0018440408166497946,
  "support_serialization_variant": "triad_curated6",
  "support_text_block_chars": 1301,
  "task_case_dump_path": "/root/autodl-tmp/runs/verify/m5-fever-writer-reasoner-alignment-qwen25/canonical/phase2-selected/pilot-I-real/snapshot_evals/step_0024/task_case_dump.jsonl",
  "task_case_dump_rows": 61,
  "training_stage": "shared_injection_snapshot_eval",
  "writer_memory_control": "real",
  "writer_memory_l2": 117.73506927490234,
  "writer_slot_norm_max": 41.62565231323242,
  "writer_slot_norm_mean": 41.625648498535156,
  "writer_slot_norm_std": 2.336015541004599e-06
}