backbone,shot,seed_count,row_count,mean_task_score,mean_task_margin,mean_margin_gap_to_flip,mean_task_proxy_score,mean_objective_loss
Qwen2.5-1.5B-Instruct,0,2,2,0.33333333333333337,-0.043387330809815064,0.043387330809815064,0.4892013370990753,1.1007479826609294
Qwen2.5-1.5B-Instruct,1,2,2,0.33333333333333337,-0.043387330809815064,0.043387330809815064,0.4892013370990753,1.1007479826609294
Qwen2.5-1.5B-Instruct,2,2,2,0.33333333333333337,-0.043387330809815064,0.043387330809815064,0.4892013370990753,1.1007479826609294
Qwen2.5-1.5B-Instruct,3,2,2,0.33333333333333337,-0.043387330809815064,0.043387330809815064,0.4892013370990753,1.1007479826609294
Qwen3-8B,0,3,3,0.22222222222222224,-0.07317407436116978,0.07317407436116978,0.4817633187329327,1.103352732128567
Qwen3-8B,1,3,3,0.22222222222222224,-0.07317407436116978,0.07317407436116978,0.4817633187329327,1.103352732128567
Qwen3-8B,2,3,3,0.22222222222222224,-0.07317407436116978,0.07317407436116978,0.4817633187329327,1.103352732128567
Qwen3-8B,3,3,3,0.22222222222222224,-0.07317407436116978,0.07317407436116978,0.4817633187329327,1.103352732128567
