{
  "best_adapt_macro_f1": 0.1518987341772152,
  "best_adapt_task_margin": -2.9803630797589413,
  "best_adapt_task_score": 0.29508196721311475,
  "checkpoint_path": "/root/autodl-tmp/runs/verify/tl-poc-fever-qwen25/tl-h4-k4/phase2-selected/pilot-I-shuffle/snapshot_evals/step_0008/checkpoint.pt",
  "dominant_label_fraction": 1.0,
  "label_recall_by_class": {
    "NOT_ENOUGH_INFO": 0.0,
    "REFUTES": 0.0,
    "SUPPORTS": 1.0
  },
  "memory_long_l2": 117.734130859375,
  "memory_long_slot_norm_max": 41.62529754638672,
  "memory_long_slot_norm_mean": 41.625301361083984,
  "memory_long_slot_norm_std": 3.814697265625e-06,
  "memory_long_slots": 8.0,
  "memory_short_l2": 78.3997595114786,
  "memory_short_pairwise_cosine_mean": 0.9997994880207249,
  "memory_short_slot_norm_max": 39.199884821156985,
  "memory_short_slot_norm_mean": 39.19987981827533,
  "memory_short_slot_norm_std": 4.124992554978712e-06,
  "memory_short_slots": 4.0,
  "pilot_arm_alias": "I_shuffle",
  "pilot_fuser_short_slots": 4.0,
  "pilot_memory_path_variant": "two_level",
  "pilot_projector_token_source": "short_slots",
  "pilot_reader_context_mode": "prompt_summary",
  "pilot_reader_num_queries": 4.0,
  "pilot_support_encoder_mode": "structured_support_set",
  "prefix_artifact_stats": {
    "active_prefix_layers": [
      0.0,
      7.0,
      14.0,
      21.0,
      27.0
    ],
    "layer_hidden_l2_by_layer": {
      "0": 17.882450604047932,
      "14": 18.19503649727243,
      "21": 17.618189545928455,
      "27": 17.38891098147533,
      "7": 17.20279202695753
    },
    "layer_key_l2_by_layer": {
      "0": 2205.186743564293,
      "14": 56.4513204605853,
      "21": 42.106512413650265,
      "27": 58.25582985799821,
      "7": 102.40251259725602
    },
    "layer_slot_norm_max_by_layer": {
      "0": 8.951015941432265,
      "14": 9.106615863862585,
      "21": 8.818510571464163,
      "27": 8.702816978829805,
      "7": 8.610202429724522
    },
    "layer_slot_norm_mean_by_layer": {
      "0": 8.941279833434058,
      "14": 9.097534351661556,
      "21": 8.809103293497055,
      "27": 8.694353322513768,
      "7": 8.601338652313732
    },
    "layer_slot_norm_std_by_layer": {
      "0": 0.006413487267115566,
      "14": 0.006041842986081467,
      "21": 0.006143651085859928,
      "27": 0.005752274781831952,
      "7": 0.005963257628447208
    },
    "layer_value_l2_by_layer": {
      "0": 12.114178157243572,
      "14": 44.5325930861176,
      "21": 48.20329853745758,
      "27": 136.8515802602299,
      "7": 22.99198769741371
    },
    "memory_long_l2": 117.734130859375,
    "memory_long_slot_norm_max": 41.62529754638672,
    "memory_long_slot_norm_mean": 41.625301361083984,
    "memory_long_slot_norm_std": 3.814697265625e-06,
    "memory_long_slots": 8.0,
    "memory_short_l2": 78.3997595114786,
    "memory_short_pairwise_cosine_mean": 0.9997994880207249,
    "memory_short_slot_norm_max": 39.199884821156985,
    "memory_short_slot_norm_mean": 39.19987981827533,
    "memory_short_slot_norm_std": 4.124992554978712e-06,
    "memory_short_slots": 4.0,
    "pilot_injection_mode": "sparse_deep_prefix",
    "pilot_memory_path_variant": "two_level",
    "pilot_projector_token_source": "short_slots",
    "pilot_support_encoder_mode": "structured_support_set",
    "prefix_l2": 39.49110625220127,
    "prefix_slot_norm_max": 9.106615863862585,
    "prefix_slot_norm_mean": 8.828721859416024,
    "prefix_slot_norm_std": 0.17621969688134115,
    "prefix_tokens": 4.0,
    "reader_attention_entropy_max": 2.079441547393799,
    "reader_attention_entropy_mean": 2.079441547393799,
    "reader_attention_entropy_min": 2.079441547393799,
    "reader_attention_pairwise_cosine_mean": 1.0,
    "reader_num_queries": 4.0,
    "reader_query_entropy_by_query": [
      2.079441547393799,
      2.079441547393799,
      2.079441547393799,
      2.079441547393799
    ],
    "reader_slot_count": 8.0,
    "reader_slot_coverage_fraction": 0.4569672131147541,
    "support_item_count": 6.0,
    "support_item_hidden_l2": 96.1014404296875,
    "support_item_hidden_norm_max": 39.23484802246094,
    "support_item_hidden_norm_mean": 39.23324966430664,
    "support_item_hidden_norm_std": 0.0015418857801705599,
    "writer_memory_l2": 117.734130859375,
    "writer_slot_norm_max": 41.62529754638672,
    "writer_slot_norm_mean": 41.625301361083984,
    "writer_slot_norm_std": 3.814697265625e-06
  },
  "prefix_l2": 39.49110625220127,
  "prefix_slot_norm_max": 9.106615863862585,
  "prefix_slot_norm_mean": 8.828721859416024,
  "prefix_slot_norm_std": 0.17621969688134115,
  "prefix_tokens": 4,
  "prompt_variant": "answer_slot_labels",
  "reader_attention_entropy_max": 2.079441547393799,
  "reader_attention_entropy_mean": 2.079441547393799,
  "reader_attention_entropy_min": 2.079441547393799,
  "reader_attention_pairwise_cosine_mean": 1.0,
  "reader_num_queries": 4.0,
  "reader_slot_count": 8.0,
  "reader_slot_coverage_fraction": 0.4569672131147541,
  "shared_injection_arm": "injected",
  "step": 8,
  "support_item_count": 6.0,
  "support_item_hidden_l2": 96.1014404296875,
  "support_item_hidden_norm_max": 39.23484802246094,
  "support_item_hidden_norm_mean": 39.23324966430664,
  "support_item_hidden_norm_std": 0.0015418857801705599,
  "support_serialization_variant": "triad_curated6",
  "support_text_block_chars": 1415,
  "task_case_dump_path": "/root/autodl-tmp/runs/verify/tl-poc-fever-qwen25/tl-h4-k4/phase2-selected/pilot-I-shuffle/snapshot_evals/step_0008/task_case_dump.jsonl",
  "task_case_dump_rows": 61,
  "training_stage": "shared_injection_snapshot_eval",
  "writer_memory_control": "shuffled",
  "writer_memory_l2": 117.734130859375,
  "writer_slot_norm_max": 41.62529754638672,
  "writer_slot_norm_mean": 41.625301361083984,
  "writer_slot_norm_std": 3.814697265625e-06
}