{
  "best_adapt_macro_f1": 0.32155873282870756,
  "best_adapt_task_margin": -2.1540054571433145,
  "best_adapt_task_score": 0.3770491803278688,
  "checkpoint_path": "/root/autodl-tmp/runs/verify/tl-poc-fever-qwen25/sl8/phase2-selected/pilot-I-shuffle/snapshot_evals/step_0000/checkpoint.pt",
  "dominant_label_fraction": 0.6557377049180327,
  "label_recall_by_class": {
    "NOT_ENOUGH_INFO": 0.0,
    "REFUTES": 0.6,
    "SUPPORTS": 0.6111111111111112
  },
  "memory_long_l2": 117.72469329833984,
  "memory_long_slot_norm_max": 41.62196731567383,
  "memory_long_slot_norm_mean": 41.62196731567383,
  "memory_long_slot_norm_std": 1.9073486328125e-06,
  "memory_long_slots": 8.0,
  "memory_short_l2": 117.72469329833984,
  "memory_short_pairwise_cosine_mean": 1.0,
  "memory_short_slot_norm_max": 41.62196731567383,
  "memory_short_slot_norm_mean": 41.62196731567383,
  "memory_short_slot_norm_std": 1.9073486328125e-06,
  "memory_short_slots": 8.0,
  "pilot_arm_alias": "I_shuffle",
  "pilot_fuser_short_slots": 8.0,
  "pilot_memory_path_variant": "single_level",
  "pilot_projector_token_source": "writer_slots",
  "pilot_reader_context_mode": "prompt_summary",
  "pilot_reader_num_queries": 0.0,
  "pilot_support_encoder_mode": "structured_support_set",
  "prefix_artifact_stats": {
    "active_prefix_layers": [
      0,
      7,
      14,
      21,
      27
    ],
    "layer_hidden_l2_by_layer": {
      "0": 29.508670806884766,
      "14": 28.477859497070312,
      "21": 29.506589889526367,
      "27": 29.288089752197266,
      "7": 28.422792434692383
    },
    "layer_key_l2_by_layer": {
      "0": 3115.297119140625,
      "14": 94.401123046875,
      "21": 59.56241989135742,
      "27": 77.36692810058594,
      "7": 150.21151733398438
    },
    "layer_slot_norm_max_by_layer": {
      "0": 10.43265438079834,
      "14": 10.068917274475098,
      "21": 10.431242942810059,
      "27": 10.35508918762207,
      "7": 10.048436164855957
    },
    "layer_slot_norm_mean_by_layer": {
      "0": 10.432653427124023,
      "14": 10.068916320800781,
      "21": 10.431241989135742,
      "27": 10.355088233947754,
      "7": 10.04843521118164
    },
    "layer_slot_norm_std_by_layer": {
      "0": 6.743495646333031e-07,
      "14": 8.920806635615008e-07,
      "21": 8.920806635615008e-07,
      "27": 3.3717478231665154e-07,
      "7": 5.840038852511498e-07
    },
    "layer_value_l2_by_layer": {
      "0": 21.52846336364746,
      "14": 76.42021942138672,
      "21": 75.95162200927734,
      "27": 218.59596252441406,
      "7": 42.202125549316406
    },
    "memory_long_l2": 117.72469329833984,
    "memory_long_slot_norm_max": 41.62196731567383,
    "memory_long_slot_norm_mean": 41.62196731567383,
    "memory_long_slot_norm_std": 1.9073486328125e-06,
    "memory_long_slots": 8.0,
    "memory_short_l2": 117.72469329833984,
    "memory_short_pairwise_cosine_mean": 1.0,
    "memory_short_slot_norm_max": 41.62196731567383,
    "memory_short_slot_norm_mean": 41.62196731567383,
    "memory_short_slot_norm_std": 1.9073486328125e-06,
    "memory_short_slots": 8.0,
    "pilot_injection_mode": "sparse_deep_prefix",
    "pilot_memory_path_variant": "single_level",
    "pilot_projector_token_source": "writer_slots",
    "pilot_support_encoder_mode": "structured_support_set",
    "prefix_l2": 64.9450454711914,
    "prefix_slot_norm_max": 10.43265438079834,
    "prefix_slot_norm_mean": 10.267267227172852,
    "prefix_slot_norm_std": 0.1727328598499298,
    "prefix_tokens": 8.0,
    "reader_attention_entropy_max": 0.0,
    "reader_attention_entropy_mean": 0.0,
    "reader_attention_entropy_min": 0.0,
    "reader_attention_pairwise_cosine_mean": 0.0,
    "reader_num_queries": 0.0,
    "reader_query_entropy_by_query": [],
    "reader_slot_count": 8.0,
    "reader_slot_coverage_fraction": 0.0,
    "support_item_count": 6.0,
    "support_item_hidden_l2": 96.09864044189453,
    "support_item_hidden_norm_max": 39.23369216918945,
    "support_item_hidden_norm_mean": 39.23210906982422,
    "support_item_hidden_norm_std": 0.001507753157056868,
    "writer_memory_l2": 117.72469329833984,
    "writer_slot_norm_max": 41.62196731567383,
    "writer_slot_norm_mean": 41.62196731567383,
    "writer_slot_norm_std": 1.9073486328125e-06
  },
  "prefix_l2": 64.9450454711914,
  "prefix_slot_norm_max": 10.43265438079834,
  "prefix_slot_norm_mean": 10.267267227172852,
  "prefix_slot_norm_std": 0.1727328598499298,
  "prefix_tokens": 8,
  "prompt_variant": "answer_slot_labels",
  "reader_attention_entropy_max": 0.0,
  "reader_attention_entropy_mean": 0.0,
  "reader_attention_entropy_min": 0.0,
  "reader_attention_pairwise_cosine_mean": 0.0,
  "reader_num_queries": 0.0,
  "reader_slot_count": 8.0,
  "reader_slot_coverage_fraction": 0.0,
  "shared_injection_arm": "injected",
  "step": 0,
  "support_item_count": 6.0,
  "support_item_hidden_l2": 96.09864044189453,
  "support_item_hidden_norm_max": 39.23369216918945,
  "support_item_hidden_norm_mean": 39.23210906982422,
  "support_item_hidden_norm_std": 0.001507753157056868,
  "support_serialization_variant": "triad_curated6",
  "support_text_block_chars": 1415,
  "task_case_dump_path": "/root/autodl-tmp/runs/verify/tl-poc-fever-qwen25/sl8/phase2-selected/pilot-I-shuffle/snapshot_evals/step_0000/task_case_dump.jsonl",
  "task_case_dump_rows": 61,
  "training_stage": "shared_injection_snapshot_eval",
  "writer_memory_control": "shuffled",
  "writer_memory_l2": 117.72469329833984,
  "writer_slot_norm_max": 41.62196731567383,
  "writer_slot_norm_mean": 41.62196731567383,
  "writer_slot_norm_std": 1.9073486328125e-06
}